image_url,image_id
https://drive.google.com/file/d/1PAvACeXH579tk-ffCyRpnh2h2crTstNu/view?usp=sharing,1.jpg
https://unsplash.com/photos/a-couple-of-pumpkins-sitting-on-top-of-a-pile-of-leaves-jyNzof_f7RM,2.jpg
https://drive.google.com/file/d/1TW99TGQrF-cyS3woXSyf-S4UZPI3bO76/view?usp=sharing,3.jpg
https://drive.google.com/file/d/1T4BD06ZyRs7SODT480X1dqX3juRS2F27/view?usp=sharing,4.jpg
https://drive.google.com/file/d/1UqXuEcTizDd8KX-LxbOMQ2VyjFoQepZx/view?usp=sharing,5.jpg
https://drive.google.com/file/d/1TaiJqqIeJLoehbhpFDnGqT6px_nL3a8N/view?usp=sharing,6.jpg
https://unsplash.com/photos/girl-covering-her-face-with-both-hands-VZILDYoqn_U,7.jpg
https://unsplash.com/photos/dried-wildflowers-in-front-of-a-blurred-river-background-rmePkMvQDio,8.jpg
https://drive.google.com/file/d/10k3R6n3_2r94o4HZFfSEgvZa1ScSQX6r/view?usp=sharing,9.jpg
https://unsplash.com/photos/a-person-holding-a-cell-phone-with-social-media-on-the-screen-0I21xHfgw0E,10.jpg
https://unsplash.com/photos/a-group-of-children-sitting-on-the-steps-of-a-house-KZm5VZawQfo,11.jpg
https://drive.google.com/file/d/1kLdCzytZVknMz1nip8QkWoYf79VETyE4/view?usp=sharing,12.jpg
https://drive.google.com/file/d/19rWNW0WiEsLb6g9CAoMm1T80X6CHgrMa/view?usp=sharing,13.jpg
https://unsplash.com/photos/white-samsung-android-smartphone-on-brown-wooden-table-kLmt1mpGJVg,14.jpg
https://drive.google.com/file/d/15agangk5vXkQeYKwwWVIGwaxXmVfBatZ/view?usp=sharing,15.jpg
https://drive.google.com/file/d/1kN3TEvImWh_CpnW4XOhSkjsEw2n4qXOY/view?usp=sharing,16.jpg
https://unsplash.com/photos/a-group-of-people-running-on-a-track--JN7mbAnROs,17.jpg
https://unsplash.com/photos/focus-photography-of-person-counting-dollar-banknotes--8a5eJ1-mmQ,18.jpg
https://unsplash.com/photos/people-gathered-outside-buildings-holding-climate-justice-now-signage-dYZumbs8f_E,19.jpg
https://drive.google.com/file/d/1Dx-ReVpT6gPDekwpHvZEiOkEI_MehimC/view?usp=sharing,20.jpg
https://unsplash.com/photos/person-holding-black-android-smartphone-vj3nOtiX85Y,21.jpg
https://drive.google.com/file/d/1yy8CBLHrOHaU2eY5mJeiYgX7Ci1nmrJt/view?usp=sharing,22.jpg
https://unsplash.com/photos/a-person-putting-a-bag-inside-of-a-bag-8KbcCrc0J6s,23.jpg
https://drive.google.com/file/d/1cinJPcbKndxtsXXPf8PmhV9ffMMrEIOo/view?usp=sharing,24.jpg
https://drive.google.com/file/d/1ncTp2HNjNavvEUvW1hE6OhiqHV92b8wv/view?usp=sharing,25.jpg
https://drive.google.com/file/d/1WNIbMwXVidKxtEI5Ib_O8pw3choQsS-V/view?usp=sharing,26.jpg
https://drive.google.com/file/d/1hpyKsjefHJabfDoMiK9EmCcl20By_8I6/view?usp=sharing,27.jpg
https://drive.google.com/file/d/1PW7m3UzPLnC2Gj8WJqNQyfCPixEVpGLe/view?usp=sharing,28.jpg
https://unsplash.com/photos/black-and-white-wooden-table-and-chairs-wfFvOLGVQkE,29.jpg
https://drive.google.com/file/d/1HBtWkBi1F90LBaOpKPc97Jrj5Q7pqRbu/view?usp=sharing,30.jpg
https://drive.google.com/file/d/1aGC0Bmkt64rYZPLzApuiS4qSm5Pz9bgV/view?usp=sharing,31.jpg
https://unsplash.com/photos/boy-writes-on-his-book-on-the-desk-JexAuNCfefs,32.jpg
https://drive.google.com/file/d/13Pqz232EDmHiatFPuXRhflS2tTM-rkrZ/view?usp=sharing,33.jpg
https://drive.google.com/file/d/1dwQzw_xw_WSnM3gLslrBv3LCdS-fOhKi/view?usp=sharing,34.jpg
https://drive.google.com/file/d/1zYAAgOd3pAbpsCBumQ_wrwu4SAU7rnXI/view?usp=sharing,35.jpg
https://drive.google.com/file/d/1jmSz2myMKC8aJirbzaL6gd4L9QyeTy-b/view?usp=sharing,36.jpg
https://drive.google.com/file/d/1_2rE9XRzKQTqhk0TQjBqftLX-RvYtkqL/view?usp=sharing,37.jpg
https://unsplash.com/photos/keys-on-hand-jJnZg7vBfMs,38.jpg
https://unsplash.com/photos/exercise-equipments-inside-a-room-TEbVwp3WC0E,39.jpg
https://drive.google.com/file/d/1VoiQPPig3XZq8P6HMQ2ShScIhHTiQi78/view?usp=sharing,40.jpg
https://unsplash.com/photos/person-using-black-smartphone-with-gray-and-pink-case-cqFKhqv6Ong,41.jpg
https://drive.google.com/file/d/1RaJAn0PT_6xZdqwaf0cQwDcTa-jISPRs/view?usp=sharing,42.jpg
https://unsplash.com/photos/a-man-sitting-on-a-bench-using-a-cell-phone-bbxh2rl3MvU,43.jpg
https://drive.google.com/file/d/1r65-E2LyK9y-a_sFSSjwGkg97b3bvnLL/view?usp=sharing,44.jpg
https://drive.google.com/file/d/155qmrh5VoFR1geiNmKQToIl1lBwy3F_c/view?usp=sharing,45.jpg
https://drive.google.com/file/d/181DBWMKLTEkGPaBQgZOpjDkPdCUQPmsD/view?usp=sharing,46.jpg
https://drive.google.com/file/d/1rFXMZ12J_eYPeLi3No9ImQ_rA8chZ0rD/view?usp=sharing,47.jpg
https://drive.google.com/file/d/1I4HOF2-6lL6iKdgXECEzDily8_OIvcnT/view?usp=sharing,48.jpg
https://drive.google.com/file/d/1AvKXbchm_qrkyaj8oShY-TctTZm-wVj4/view?usp=sharing,49.jpg
https://unsplash.com/photos/three-woman-sitting-at-each-other-near-flowers-qwPACFMqhPg,50.jpg
https://unsplash.com/photos/white-clouds-over-the-sea-_hGPdpyMV-8,51.jpg
https://drive.google.com/file/d/1ySS4Uwyo2aQ-4T7ObdQgSaXufRxm-lgN/view?usp=sharing,52.jpg
https://unsplash.com/photos/woman-in-white-shirt-holding-black-iphone-4-VGmgsDsck58,53.jpg
https://unsplash.com/photos/black-and-white-apple-device-q0G4MONzDFI,54.jpg
https://unsplash.com/photos/person-holding-white-printer-paper-TswOPhWcrmQ,55.jpg
https://drive.google.com/file/d/1-LP8kNv3ut7P5Ox5vNnLMHjAlcwulq9X/view?usp=sharing,56.jpg
https://unsplash.com/photos/a-person-laying-in-bed-holding-a-cell-phone-R7aBdi5OHtA,57.jpg
https://drive.google.com/file/d/1t3grNj-Ns3tk0pjdZA1khbqWnKqcZkk_/view?usp=sharing,58.jpg
https://unsplash.com/photos/a-woman-holding-a-cell-phone-in-her-hands-2r8aoVfHLkA,59.jpg
https://drive.google.com/file/d/1mYKvCcONJSAMoe54O-2F8aT6umX1NQ1O/view?usp=drive_link,60.jpg
https://drive.google.com/file/d/1mMugLiVBHCGrdiF8iJ-9Q17F5ZTomhWe/view?usp=sharing,61.jpg
https://drive.google.com/file/d/13t9bAPqiG_lF1LC02j71m0SnHRa0tX7R/view?usp=sharing,62.jpg
https://drive.google.com/file/d/10BBcfbUaGi0ipmgX18ExUJc6aP7jJ3xn/view?usp=drive_link,63.jpg
https://drive.google.com/file/d/18AJX8pFH9p0e0QnJnAz-iFUJQgN38ybL/view?usp=drive_link,64.jpg
https://drive.google.com/file/d/1bll89_9rA353babBguRc4HVGrbEb62xp/view?usp=drive_link,65.jpg
https://drive.google.com/file/d/1H4qq8T8a2t-xHMVqXk8NA2Wtp_O0cY0-/view?usp=drive_link,66.jpg
https://drive.google.com/file/d/1W0rDEuITEx_lFO2D1X4HHjv5nstq_NYk/view?usp=drive_link,67.jpg
https://drive.google.com/file/d/16nOxXcjfHoURyZavHcvFLGqLJh9DB7Nn/view?usp=drive_link,68.jpg
https://drive.google.com/file/d/1fBQhjSB5o4BgzMaDnBYNxZuF9BWySRa3/view?usp=drive_link,69.jpg
https://drive.google.com/file/d/1rGWWfQuq6AanVd_-EshA1Ti8jrVxImBP/view?usp=drive_link,70.jpg
https://drive.google.com/file/d/1cYAaoEaR5R9Dn7LPXD-Ik30kt6E5tqLh/view?usp=sharing,71.jpg
https://drive.google.com/file/d/1Y9AgC2W7tVJ3yCDnEX5h-JO5BFaJGsw3/view?usp=drive_link,72.jpg
https://drive.google.com/file/d/1hVHJrCPKGDASC0GKYa6DpNKnqtzP0oHA/view?usp=drive_link,73.jpg
https://drive.google.com/file/d/10VO6W_ruczZYngXAu_jshm0ZK4WNKcbu/view?usp=sharing,74.jpg
https://drive.google.com/file/d/1Jl9mh7Kn66KdcVfl-AproV23JYt1QJdF/view?usp=drive_link,75.jpg
https://drive.google.com/file/d/1gaBfaStlmdeChqNXx3pQwa7cuVQWMiRd/view?usp=drive_link,76.jpg
https://drive.google.com/file/d/18CtV28TTYocDqZWI5ZV_JY1CwcaOcA8G/view?usp=drive_link,77.jpg
https://drive.google.com/file/d/1lVD9vQSxBXPkjx4EI3pejAaouksvKdOB/view?usp=drive_link,78.jpg
https://drive.google.com/file/d/1ZARcwaDM_3m7QOAVuo0QIfY-u3zJtyWX/view?usp=drive_link,79.jpg
https://drive.google.com/file/d/1bB1nXIMZX6KcFunshJjenZ48SmGpaGRJ/view?usp=sharing,80.jpg
https://drive.google.com/file/d/1ahjqsfceAGb_-rafsYgPGsgKRlBWu3Qp/view?usp=sharing,81.jpg
https://drive.google.com/file/d/1JOjg1EGU6vwrr52L3olHShBrAvx8LC1g/view?usp=drive_link,82.jpg
https://drive.google.com/file/d/1GrlSqU9MKclgU5wxjPu3XcUe6RHQ7gLu/view?usp=drive_link,83.jpg
https://drive.google.com/file/d/1ItZES7dOLm2ruViyRgtAewIQIvsSV03o/view?usp=drive_link,84.jpg
https://drive.google.com/file/d/1bvWwae9CNACsU3VtOvzk_C46-x-espmI/view?usp=drive_link,85.jpg
https://drive.google.com/file/d/1YqeVjykoBnJ7Uh6V-fNhTK-_dLrygm5g/view?usp=drive_link,86.jpg
https://drive.google.com/file/d/10iAJEPvLxoKVYZ9ab3QuIuRjVq8J9pb7/view?usp=drive_link,87.jpg
https://drive.google.com/file/d/1FrukSD2Y9dczHYWTAYmtgev6EKsYinpJ/view?usp=drive_link,88.jpg
https://drive.google.com/file/d/1LzdsKjnGLs3j_KUH_xTlcIIGXJh0k7UB/view?usp=drive_link,89.jpg
https://drive.google.com/file/d/1QpbmMGOH4HAn-Ozz2kmlPA23xjNraM79/view?usp=drive_link,90.jpg
https://drive.google.com/file/d/1j398xd0pKqOdclqMBMPBc12LDtJo3wjI/view?usp=sharing,91.jpg
https://drive.google.com/file/d/1vWIrkQo1RoTX3pH9xt2PoS_cCGCRBk_n/view?usp=drive_link,92.jpg
https://drive.google.com/file/d/1no7DhC7PoC82LHToz3RINxvfKszwcL1m/view?usp=drive_link,93.jpg
https://drive.google.com/file/d/1n8Q10oXrOzqbTzlRdGhCiKZsi-hemzO_/view?usp=drive_link,94.jpg
https://drive.google.com/file/d/1NzEE1fv3wl6AXe8ecu1yCpq-Kk4fK5TP/view?usp=drive_link,95.jpg
https://drive.google.com/file/d/1CoTcIGGnIA3-TsSUFyr401whbEgGR_vc/view?usp=drive_link,96.jpg
https://drive.google.com/file/d/14rgVj28kDznWvAV72Sm5j9ylNzp85hjJ/view?usp=drive_link,97.jpg
https://drive.google.com/file/d/1O0jFFKIzm2-yRY7_hVDhvP5LOBOmhUV3/view?usp=drive_link,98.jpg
https://drive.google.com/file/d/1QYk1neGVsqf75bF3Amd-gSOFcCzrPp7P/view?usp=drive_link,99.jpg
https://drive.google.com/file/d/1qywU-5lyeUd_KAA_btrHLtYnfLfVN8yA/view?usp=drive_link,100.jpg
https://drive.google.com/file/d/1PBJdPbgLfpBLoVPUhpJuqLL5yXU7B6sH/view?usp=drive_link,101.jpg
https://drive.google.com/file/d/1gubuKRWARWxdzeBD8ueDd9j8Ngmj6cf4/view?usp=drive_link,102.jpg
https://drive.google.com/file/d/1vPwZ1UnVOM_CbNC1wP6hUcjOUaE_UUwX/view?usp=drive_link,103.jpg
https://drive.google.com/file/d/1unvQqs63K0qGqppo6rNjhPNVSpEV6LUC/view?usp=drive_link,104.jpg
https://unsplash.com/photos/a-person-holding-a-credit-card-in-front-of-a-machine-3YSDTzqnVtQ,105.jpg
https://drive.google.com/file/d/1o3x8KecRHMT0UYAzojiaHEJUq56etlW9/view?usp=sharing,106.jpg
https://drive.google.com/file/d/1snzMHJMrGHilkI-kcQ-muzcq7HsBYx9P/view?usp=sharing,107.jpg
https://unsplash.com/photos/woman-carrying-white-and-green-textbook-iQPr1XkF5F0,108.jpg
https://drive.google.com/drive/folders/1uRwPbAA8d2JKaKCMOAKMTcHNiy387Rdn,109.jpg
https://unsplash.com/photos/people-friendship-togetherness-pizza-activity-youth-culture-concept-3OpmXXf67is,110.jpg
https://drive.google.com/file/d/1_Uho08hINGhj1aHDyEoAQP0xQV_dHs1M/view?usp=sharing,111.jpg
https://unsplash.com/photos/aerial-view-of-a-man-sorting-an-envelope-oqATjvtXBfA,112.jpg
https://unsplash.com/photos/elderly-loving-couple-traveling-in-car-on-vacation-zpjRJ8DJ8s8,113.jpg
https://unsplash.com/photos/a-person-holding-a-car-key-in-their-hand-RL5ThSy5LR0,114.jpg
https://unsplash.com/photos/man-is-signing-on-a-paper-F0OaiIZLrFo,115.jpg
https://unsplash.com/photos/woman-preparing-a-food-over-the-counter-l4RY7bqtCOM,116.jpg
https://unsplash.com/photos/photo-of-bed-near-task-lamp-nb04de6m0rM,117.jpg
https://drive.google.com/file/d/1KokcQkwLfg7q7WIbsaSl_km0p-LMRe8u/view?usp=sharing,118.jpg
https://unsplash.com/photos/young-women-talking-in-a-casual-setting-q19hWugG0MU,119.jpg
https://unsplash.com/photos/a-group-of-young-men-sitting-next-to-each-other-iXAYMBd4Ub0,120.jpg
https://unsplash.com/photos/a-couple-of-men-standing-next-to-each-other-on-a-street-WzJeFqltRlQ,121.jpg
https://unsplash.com/photos/person-holding-assorted-clothes-in-wooden-hanger-Fzde_6ITjkw,122.jpg
https://unsplash.com/photos/man-in-black-suit-standing-on-stage-CvmkAw9g-_E,123.jpg
https://unsplash.com/photos/girlfriend-friendship-togetherness-eating-pizza-youth-culture-concept-050UpZked8g,124.jpg
https://unsplash.com/photos/two-people-sitting-at-a-table-with-a-tablet-eet-z_TuyWI,125.jpg
https://drive.google.com/drive/folders/1hqA3AXPEiXTO6jdJodtghR3uuRiEIry5,126.jpg
https://drive.google.com/file/d/1dAbiX7KkXjKbBKX_4k3OREMSy4Qo7Snh/view?usp=sharing,127.jpg
https://unsplash.com/photos/person-holding-black-smartphone-9_SaFlgwFdA,128.jpg
https://unsplash.com/photos/young-confident-female-developer-of-new-network-video-game-with-digital-tablet-standing-by-large-screen-during-presentation-DzfVrwupdCk,129.jpg
https://drive.google.com/file/d/1yjVYS3BMS2f8RW3TzWpC3paJjxPgd3eq/view?usp=sharing,130.jpg
https://unsplash.com/photos/woman-in-front-of-computer-monitor--4Gjsj47Yvc,131.jpg
https://unsplash.com/photos/hand-tearing-off-a-looking-for-a-job-flyer-hgS6qOi7iXk,132.jpg
https://drive.google.com/file/d/1kR9j3y_jZfBQFY4rM_M_jppvlN3ElaGZ/view?usp=sharing,133.jpg
https://pixabay.com/vectors/public-speaking-speaker-presentation-9838260/,134.jpg
https://pixabay.com/vectors/businessman-confused-street-sign-6138818/,135.jpg
https://plus.unsplash.com/premium_photo-1730142098584-ea2b65452b99?q=80&w=1470&auto=format&fit=crop&ixlib=rb-4.1.0&ixid=M3wxMjA3fDB8MHxwaG90by1wYWdlfHx8fGVufDB8fHx8fA%3D%3D,136.jpg
https://unsplash.com/photos/woman-with-curly-hair-writing-at-desk-with-laptop-ypEXEEt6mUc,137.jpg
https://unsplash.com/photos/a-group-of-women-sitting-at-a-table-eating-food-i2H2jf46Y5g,138.jpg
https://unsplash.com/photos/a-woman-sitting-at-a-table-with-a-laptop-Pc98wf-JaDw,139.jpg
https://unsplash.com/photos/woman-in-white-tank-top-udoQCNjPDJE,140.jpg
https://unsplash.com/photos/three-friends-sitting-outdoors-under-a-blue-sky-AxLTCqOvleE,141.jpg
https://drive.google.com/file/d/1HjUTgOTx0y9zS0kXPDi8qXpA2u04zzXn/view?usp=sharing,142.jpg
https://unsplash.com/photos/she-is-s-o-smart-teenagers-students-sitting-in-the-classroom-raise-hands-portrait-of-student-girl-0lc8NEIfIJA,143.jpg
https://unsplash.com/photos/a-group-of-people-sitting-on-a-couch-with-cell-phones-02laqlD12-k,144.jpg
https://drive.google.com/file/d/150nWk1prQq9oJWmSk7dkccM39fwteiCM/view?usp=sharing,145.jpg
https://unsplash.com/photos/a-person-measuring-the-height-of-a-metal-cabinet-UOUTn1D7LdU,146.jpg
https://unsplash.com/photos/two-girls-sitting-on-a-bed-with-a-laptop-and-headphones-DZ-sDIQ5HOo,147.jpg
https://unsplash.com/photos/man-in-black-tank-top-beside-woman-in-yellow-knit-cap-YYuqE8dxxuc,148.jpg
https://drive.google.com/file/d/1PutP4723LiSEfGQcgo-UcQOfug1Pw_si/view?usp=sharing,149.jpg
https://unsplash.com/photos/a-group-of-young-people-sitting-in-a-circle-80G9CvpU1GY,150.jpg
https://unsplash.com/photos/a-man-sitting-in-a-chair-talking-to-another-man-lNG3LCtYiJQ,151.jpg
https://drive.google.com/file/d/1lukdIUkpiIrRFrPJauQi9J1bp6Zi_Z9q/view?usp=sharing,152.jpg
https://drive.google.com/file/d/1OrfJ0ZRp6CdIQvpRytg-17WN1UVKG4AA/view?usp=sharing,153.jpg
https://drive.google.com/file/d/1r3XUaikFrrxzqdXUnHaxF3J6V81W2w03/view?usp=sharing,154.jpg
https://drive.google.com/file/d/1hNerN_CElXoSeSVRBghwm4n_lGPWcYyR/view?usp=sharing,155.jpg
https://drive.google.com/file/d/1a4p5KvlB3WgOdLqChOiRUi30i1HiPuW3/view?usp=sharing,156.jpg
https://drive.google.com/file/d/1ne1kTLI5s_p2_wjWJn7pWaLqA2k-jZ55/view?usp=sharing,157.jpg
https://drive.google.com/file/d/1s2OPgnyeK2Ir47er9vKrLCznjXaBO3s5/view?usp=sharing,158.jpg
https://drive.google.com/file/d/14WYd0kGQ6kPA4mLkjXtbc4w4TqOu7lrg/view?usp=sharing,159.jpg
https://drive.google.com/file/d/11UE9KOKPTwvNjg0rJi5fKdKtxYxMRLQv/view?usp=sharing,160.jpg
https://drive.google.com/file/d/1f-qO0BJE6y_mg-6PV9flyHjSrGLmkvMZ/view?usp=drive_link,161.jpg
https://drive.google.com/file/d/1BHJNUfg6O6dfAN4uDhZ5Szm_2GgKeqCk/view?usp=sharing,162.jpg
https://drive.google.com/file/d/1GZlEIjAsNem5ZFzVRbOvNdF6OmsLNH0V/view?usp=sharing,163.jpg
https://drive.google.com/file/d/1d2jfuRXad5e9sYbTcj1FgaPUMU4gnOgU/view?usp=drive_link,164.jpg
https://drive.google.com/file/d/129BoTnASL2UxqSkRz4E8k51E4_JD5tRW/view?usp=drive_link,165.jpg
https://drive.google.com/file/d/1Av_OeorCgaDGlhaIojyOulEXYft8Guby/view?usp=sharing,166.jpg
https://drive.google.com/file/d/1pXeDXIn57hcBuP-NVdUywl2Cnx5XU0TR/view?usp=sharing,167.jpg
https://drive.google.com/file/d/1CkbgYUO4AJhoeJ3eXjvnFIDb8guax0EG/view?usp=sharing,168.jpg
https://drive.google.com/file/d/1Sd2bsZCJPVKiL4LV8D2BltJEDcD2QMGs/view?usp=drive_link,169.jpg
https://drive.google.com/file/d/1gRQbK5NdXBrYdL_YXbSN9fa4qgmg83zf/view?usp=sharing,170.jpg
https://drive.google.com/file/d/1XZfN-Wq5yqf0ylFrHzFiLIc9WEPkYVdM/view?usp=sharing,171.jpg
https://drive.google.com/file/d/1PEacybDOoTP4uyL6eIRJ6Zn0KielGahH/view,172.jpg
https://drive.google.com/file/d/1p34Vx5_EpS1I2sWnADKbXe5ZRe4F0KwF/view?usp=drive_link,173.jpg
https://drive.google.com/file/d/18JQGHOqtcY19XGhj6IkYgrUe-EYWSQWr/view?usp=drive_link,174.jpg
https://drive.google.com/file/d/1bhjF_mcFsXBpYA2G7LSSgTh3QIEWrLzK/view?usp=drive_link,175.jpg
https://drive.google.com/file/d/1KN_wWGdF4DeDCYmivuRpF9SL9I3Sdr2u/view?usp=drive_link,176.jpg
https://drive.google.com/file/d/1l0GgqOSURoBwdOa4YqGRmnuY-qc4XITB/view,177.jpg
https://drive.google.com/file/d/1-_gFh924nknRn7YF_fnuc8SIRXaIxZkZ/view?usp=drive_link,178.jpg
https://drive.google.com/file/d/1NxN_PVzUiFoNbD1ZLzFNpajHJdZQ1zW2/view?usp=drive_link,179.jpg
https://drive.google.com/file/d/1Jb35MA_ikL-S-ViTZI6pzxLdY8ToGJ_J/view?usp=drive_link,180.jpg
https://drive.google.com/file/d/1umE6Z8EorIMU09VmPGI652X0HD1zXBLO/view?usp=drive_link,181.jpg
https://drive.google.com/file/d/1cYAaoEaR5R9Dn7LPXD-Ik30kt6E5tqLh/view,182.jpg
https://drive.google.com/file/d/1fBOHuTwOkMMKc0w3cH8zjG4vswO7B9SB/view?usp=sharing,183.jpg
https://drive.google.com/file/d/12k3pOev4iEce4kBt3iCPHD1H_Cr7UgRV/view?usp=drive_link,184.jpg
https://drive.google.com/file/d/1oazXSvhoDk_rE70uyGEquRwG-aM3n9mV/view?usp=drive_link,185.jpg
https://drive.google.com/file/d/1hL4rp14QaozjPaDVgdSXgIE03p8Rofzj/view?usp=drive_link,186.jpg
https://drive.google.com/file/d/1v5el9ImbFd1ArzfL5ovYnEF4wBwjfDqK/view?usp=drive_link,187.jpg
https://drive.google.com/file/d/1oieOYrI7OJmqpwM2e0RYd3Ue5xhjWVmf/view?usp=drive_link,188.jpg
https://drive.google.com/file/d/1BXAYRi1m3eJkRyNe6cCZcu0xyQAkboju/view?usp=drive_link,189.jpg
https://drive.google.com/file/d/1XQp_aSv9vl5pH0crHObz0QRC8y0BB6Lc/view?usp=drive_link,190.jpg
https://drive.google.com/file/d/1nDjTLZboxMD-Y-BM1M9WsuQuJjKwJxTW/view?usp=drive_link,191.jpg
https://drive.google.com/file/d/18PQzXn9rJQ7G8wgxbj_oI-COK8WUJsCC/view?usp=drive_link,192.jpg
https://drive.google.com/file/d/17P68_LbFSFJRCiv3ZEoPFdz7CFSNo5M4/view?usp=drive_link,193.jpg
https://drive.google.com/file/d/1Af3OjSmK5Fo7gTeK5w7R39jiB-B0FsDB/view?usp=drive_link,194.jpg
https://drive.google.com/file/d/1gRQbK5NdXBrYdL_YXbSN9fa4qgmg83zf/view?usp=drive_link,195.jpg
https://drive.google.com/file/d/1ofFBeRszXfSH-Ham43gf6yX0Q93VcISs/view?usp=drive_link,196.jpg
https://drive.google.com/file/d/1jAgJNVXmQLiwd89OOx-5NdjCAc0ERVKY/view?usp=drive_link,197.jpg
https://drive.google.com/file/d/1bRVrotD6TGNT1fKClv5ajdjzSS3jwbdW/view?usp=drive_link,198.jpg
https://drive.google.com/file/d/1RFoyne0cHEs8vSJvBpElaeYj145pAIOd/view?usp=sharing,199.jpg
https://drive.google.com/file/d/1dKOaag10hgvN5zBxlFW_gbXjZK72Bu04/view?usp=sharing,200.jpg
https://drive.google.com/file/d/1vTTrAVeiMvUbGy-An6aoeVmsdKGiy2Bw/view?usp=sharing,201.jpg
https://drive.google.com/file/d/1qfuMt2mstpEv9rAoHwcoOh8n0Vud7AnY/view?usp=drive_link,202.jpg
https://drive.google.com/file/d/1cxCJKLk9voFqWmuJzpTbyKGAtFcAH5Zk/view?usp=drive_link,203.jpg
https://drive.google.com/file/d/13KQ-iHHJSWCaH5uV3Ert8hslAlcqJD3Y/view?usp=drive_link,204.jpg
https://drive.google.com/file/d/1CEZb65opAhykETSZHJ_Yi_ntVVwVW2Uj/view?usp=drive_link,205.jpg
https://drive.google.com/file/d/1Jhw08tOzdup_UFbY0eiXOMENs8jAD-NJ/view?usp=drive_link,206.jpg
https://drive.google.com/file/d/1wywF8DJ5lamFE83wdwrIhQuaN8hKIpAi/view?usp=drive_link,207.jpg
https://drive.google.com/file/d/1tMVAUjQ7OakZ9g0-RIr6rfVW4RV2JEE6/view?usp=drive_link,208.jpg
https://drive.google.com/file/d/1sH1d4QHO9K2p5W_VJT4IDhiSe2-1u49e/view?usp=drive_link,209.jpg
https://drive.google.com/file/d/16fPuXIHFxWYCtuspav6eFLclZf-e63ZN/view?usp=drive_link,210.jpg
https://drive.google.com/file/d/1de0C6711GatIGnMMR8zN5RXfdoRdvnIs/view?usp=drive_link,211.jpg
https://drive.google.com/file/d/1NfMRdgLFtNn83AiJPpaRBW6g-fq4BnE6/view?usp=drive_link,212.jpg
https://drive.google.com/file/d/14SDidjhTRHsuXyxK0aeuAamYMvfvMV03/view?usp=drive_link,213.jpg
https://drive.google.com/file/d/1H6UOMdQU_Y-FwsKly-wXnteunKcY9RLQ/view?usp=drive_link,214.jpg
https://drive.google.com/file/d/1yIe_jRURvp15lje7Nuq9QF4vf9OaFZxa/view?usp=drive_link,215.jpg
https://drive.google.com/file/d/14I-ikAXqEjTfgG3MySUQGyGC5GA0Ztpq/view?usp=drive_link,216.jpg
https://drive.google.com/file/d/1O2BpLt7VcOg_NiDHBs-W3vAOzyZuKeFY/view?usp=drive_link,217.jpg
https://drive.google.com/file/d/11wni2bJXuoh94k1HkTTltd1kODfZA5C1/view?usp=drive_link,218.jpg
https://drive.google.com/file/d/1-B1VUnU-Xj2_nVUeYozy9i677_BfFCb7/view?usp=drive_link,219.jpg
https://drive.google.com/file/d/1R9t7t4DxAyFmWODwBguH0PbWKF_Zu6IN/view?usp=drive_link,220.jpg
https://drive.google.com/file/d/1n3FNxpGW2FqOqQNq-MdqHSjVRgL0__AE/view?usp=drive_link,221.jpg
https://drive.google.com/file/d/1XdIWfodkOqN05Km5-uP4B4ieP7G3e8c9/view?usp=drive_link,222.jpg
https://drive.google.com/file/d/1fm38uzuOqs0tPK4MO8zKarxcbXAZSrMu/view?usp=drive_link,223.jpg
https://drive.google.com/file/d/12T_BYMRtOEXgm_0YnjGq4Y1FfK_SWDwz/view?usp=drive_link,224.jpg
https://drive.google.com/file/d/11DcrbnMr7Hp8IK2Xwub-scmYb03pGcBQ/view?usp=sharing,225.jpg
https://drive.google.com/file/d/1Hbo1CUZpjc4pA5lVLIXZ99TpB3V7f26v/view?usp=drive_link,226.jpg
https://drive.google.com/file/d/1gfgwBQBoR90ro7K7g584g2nppaMF06D2/view?usp=sharing,227.jpg
https://drive.google.com/file/d/1D7UfkuAi0K8nmq83FMUld5UubClnz_ey/view?usp=drive_link,228.jpg
https://drive.google.com/file/d/1a_SwZ7ibi9iVx8IvVGOzoVmXwXFX1ucQ/view?usp=drive_link,229.jpg
https://drive.google.com/file/d/1SNlpi967Io_kICXY_YA4gYmzRwlSE4UV/view?usp=drive_link,230.jpg
https://drive.google.com/file/d/1zvDHAZzXOl_HKOnwG3ffH1sQeAvY5LL6/view?usp=drive_link,231.jpg
https://drive.google.com/file/d/1RSBEz02AZhYmYQUBmyyD2Gl-MwtP8mC-/view?usp=drive_link,232.jpg
https://drive.google.com/file/d/1amUU-CHwEHUskymGI2y2LoYUX8jICX9X/view?usp=drive_link,233.jpg
https://drive.google.com/file/d/1rwTCyuUkqkZhiqqLLJkNwCHvYlqkmxvi/view?usp=drive_link,234.jpg
https://drive.google.com/file/d/1_Vww4VCHvrUug0XgQjf60BgKFIVwjjcU/view?usp=drive_link,235.jpg
https://drive.google.com/file/d/16RQwtxlKEau1ofMAFD-svpilukF10-d1/view?usp=drive_link,236.jpg
https://drive.google.com/file/d/1S204FLcouLJZ7t9ROjUQiY0hMvLlSuAZ/view?usp=drive_link,237.jpg
https://drive.google.com/file/d/1BK01GYUyqbatW7SfhXhQAFIKpqgkiCT0/view?usp=drive_link,238.jpg
https://drive.google.com/file/d/1yliR0cly5T_LHZl3oUSueQZ4p-tkR1rA/view?usp=drive_link,239.jpg
https://drive.google.com/file/d/1cwBzlQNOx7U1Gnv4ruqkYqQQS_nF09jR/view?usp=drive_link,240.jpg
https://drive.google.com/file/d/1CL0y8oVqbNdQfITiHIKaT2AbWP1z2vaM/view?usp=sharing,241.jpg
https://drive.google.com/file/d/1gG7ItcxbD7_kPO1SlSdrWSKpJCd1aedK/view?usp=drive_link,242.jpg
https://drive.google.com/file/d/1CQZ_JW0UpgfmkXAMHV7v8JdwZYXul4bB/view?usp=drive_link,243.jpg
https://drive.google.com/file/d/1KxfRyienmzjCUqqZh6dpgwlQtOpotqUz/view?usp=drive_link,244.jpg
https://drive.google.com/file/d/16meKxSMZFkbNJ1sHDqLeJ6gsRrBV0Md2/view?usp=drive_link,245.jpg
https://drive.google.com/file/d/14fjtFtLQ_PcoOALWFLEfl_NYSYofymL-/view?usp=drive_link,246.jpg
https://drive.google.com/file/d/1c_iAFfLiom5WypjY59yYMMRa47DI9rJc/view?usp=drive_link,247.jpg
https://drive.google.com/file/d/1ljZN1fXHFSwnWjPHwedlKMzFqwHOUUju/view?usp=drive_link,248.jpg
https://drive.google.com/file/d/1bXUHQ5gAkGpDUBB4mBbHHoFIb0hASwip/view?usp=drive_link,249.jpg
https://drive.google.com/file/d/1oJdv3F3anqnomYosxa9dwhHnCcIBXtP8/view?usp=drive_link,250.jpg
https://drive.google.com/file/d/1mSonvw9TLCTGzrqphwPmyFIcv65WzIfV/view?usp=drive_link,251.jpg
https://drive.google.com/file/d/1VS0Hvtdirfww8_RhaagsyJapzz_nqfvJ/view?usp=drive_link,252.jpg
https://drive.google.com/file/d/1fvjNd1foveXqSwLZFTlMFtDtUbfqLXZI/view?usp=drive_link,253.jpg
https://drive.google.com/file/d/1zVcrjYGme_EZbyljF2JHef51G2zR351H/view?usp=drive_link,254.jpg
https://drive.google.com/file/d/11GGpfKxDmC1mU1S8y3A6nt9hzvGGoah7/view?usp=drive_link,255.jpg
https://drive.google.com/file/d/1UquhSEC04MO7LOu05b9UjMzapXzXtfVE/view?usp=drive_link,256.jpg
https://drive.google.com/file/d/1RxFiL_x88X5uz0cJMj9mQwMyxXcECXfu/view?usp=drive_link,257.jpg
https://drive.google.com/file/d/1bzWFg_Qerf0bT8k4fd9cNBCxzbR4tUIb/view?usp=drive_link,258.jpg
https://drive.google.com/file/d/1cCcBaats8L2yb7D-wI_4vHv2e1cQ6zbh/view?usp=drive_link,259.jpg
https://drive.google.com/file/d/1JK3Hn49iRp1CqfBnhsjls6RjPpdsRaAW/view?usp=drive_link,260.jpg
https://drive.google.com/file/d/1ABA9Kh2Z6qVBkDWSt7mKYRNP8DKu9ujA/view?usp=drive_link,261.jpg
https://drive.google.com/file/d/1Jh7m7Je-2_fBZ3rkw-BY37vFdkTADW4a/view?usp=drive_link,262.jpg
https://drive.google.com/file/d/1J4wLH8i3Bhd5qthgEStZLtz3g-74d6PE/view?usp=drive_link,263.jpg
https://drive.google.com/file/d/1uy9FsByP0Zyh21OxW4c1C1Iiux5Zb3HY/view?usp=sharing,264.jpg
https://drive.google.com/file/d/1Kua5nvap9zcZBkYh18H13t4EmEEIibOL/view?usp=drive_link,265.jpg
https://drive.google.com/file/d/1mwHNa_6QyKIDWrYAG1yOtgc6Aw9AxTZU/view?usp=drive_link,266.jpg
https://drive.google.com/file/d/1c9xWfVp5IBvELPb5B_DiDN2zdHyuhkhD/view?usp=drive_link,267.jpg
https://drive.google.com/file/d/1CUiXaz0DBRJt7-NmqYgkEGT508hyqOOn/view?usp=drive_link,268.jpg
https://drive.google.com/file/d/15arEThJ1xp_p0G4MzCOwAVT4pv87F2aP/view?usp=drive_link,269.jpg
https://drive.google.com/file/d/144tZ9OYllDwHJnYGELCipP53TWdxa6Mf/view?usp=drive_link,270.jpg
https://drive.google.com/file/d/1oyEL7XDXqBOStmcWL23iYxpVK_umgQvu/view?usp=drive_link,271.jpg
https://drive.google.com/file/d/1ZnfvIo5b9Zw6ZkID_lE3TTdJ7gh1VD40/view?usp=drive_link,272.jpg
https://drive.google.com/file/d/1WgyQu-QneSJclMQoxTYpmmW9nwKaRVT_/view?usp=drive_link,273.jpg
https://drive.google.com/file/d/1YVm_oWo5wP6aQQtmMsVpQvf944FdOcug/view?usp=drive_link,274.jpg
https://drive.google.com/file/d/13AcoV8I5N7_bY69amNYfePy57B0fVrHO/view?usp=sharing,275.jpg
https://drive.google.com/file/d/1VH-ekgRbbcYeBgAuToq0V5x1Cffm8zK5/view?usp=drive_link,276.jpg
https://drive.google.com/file/d/1_aDxC_YZFciCJE5yvu1C4OgsX95umC_0/view?usp=drive_link,277.jpg
https://drive.google.com/file/d/1JxKwOBxT6fSabrQAxJd3viF4yAhjY6hW/view?usp=drive_link,278.jpg
https://drive.google.com/file/d/1Av_OeorCgaDGlhaIojyOulEXYft8Guby/view?usp=drive_link,279.jpg
https://drive.google.com/file/d/1RkpexfIos_KMwSI2UsIksrs83ElsLV_K/view?usp=sharing,280.jpg
https://drive.google.com/file/d/1OgNZU4EM4dRDjvlkwA0NEYsE4WmCyTdk/view?usp=sharing,281.jpg
https://drive.google.com/file/d/1c2c7mWo959a4wMvYouYRZ2dLefiOUihe/view?usp=sharing,282.jpg
https://unsplash.com/photos/a-person-laying-in-bed-with-a-cell-phone-hMOP2AIIMbk,283.jpg
https://unsplash.com/photos/top-view-of-young-female-hands-using-smartphone-while-sitting-in-workplace-CvhjOTrsZHg,284.jpg
https://unsplash.com/photos/closeup-of-multicultural-couple-holding-hands-tEsAHp-G-p0,285.jpg
https://unsplash.com/photos/a-pair-of-people-holding-hands-Jz_VL5AqNZ0,286.jpg
https://drive.google.com/file/d/12CZXQYEu1QZJWKlF3HFDbxr7HIF1jgHQ/view?usp=sharing,287.jpg
https://drive.google.com/file/d/1dW7mXKxz_vC-bIXSrN5z6Xdqk6pbxIcG/view?usp=sharing,288.jpg
https://drive.google.com/file/d/1eUJDTt1NTFghFyqpLFZQT6RBz4lebL1A/view?usp=sharing,289.jpg
https://drive.google.com/file/d/11D9o2d4LwRTCb5S7-xVKhMTVE0CatlmQ/view?usp=sharing,290.jpg
https://drive.google.com/file/d/1FFA4iEYuQbVSzxA-R7KOpexHeWFAQO5F/view?usp=sharing,291.jpg
https://unsplash.com/photos/five-young-people-gathered-around-a-blue-table-with-drinks-Si_z7H-5RbE,292.jpg
https://unsplash.com/photos/student-raises-hand-in-a-classroom-during-a-lesson-bm_fLueBnCg,293.jpg
https://unsplash.com/photos/a-group-of-women-walking-down-a-flight-of-stairs-cGNpbbdNATU,294.jpg
https://unsplash.com/photos/a-woman-standing-in-front-of-a-black-box-aBKkvT7tfW4,295.jpg
https://unsplash.com/photos/woman-in-white-sleeveless-dress-kissing-man-in-blue-dress-shirt-rQg7IbqMVXg,296.jpg
https://unsplash.com/photos/a-group-of-young-high-school-students-standing-near-locker-in-campus-hallway-talking-during-break-T_0O6GnAq4E,297.jpg
https://unsplash.com/photos/group-of-clever-college-student-standing-by-programmer-in-front-of-laptop-helping-them-to-find-information-for-seminar-S14Fgg0ClCc,298.jpg
https://unsplash.com/photos/a-man-sitting-at-a-table-looking-at-his-cell-phone-mZoaktrJc1I,299.jpg
https://unsplash.com/photos/man-using-mobile-phone-while-covering-his-body-of-blanket-iF8sPfprfWY,300.jpg
https://stockcake.com/i/school-cafeteria-lunch_1181082_952678,301.jpg
https://unsplash.com/photos/a-hand-holding-a-phone-C1o3ay5et5M,302.jpg
https://unsplash.com/photos/a-man-sitting-at-a-desk-with-a-notebook-in-front-of-him-SjCIQldQTsE,303.jpg
https://drive.google.com/file/d/1M3KH8023dKaeG81rnmSiSNO-GQEg1f_l/view?usp=sharing,304.jpg
https://unsplash.com/photos/man-and-woman-sitting-while-using-macbook-pro-iO2d-KYp5JU,305.jpg
https://drive.google.com/file/d/14HNyv7U2WfgQnwyR62Y0w6wHUWdiRTKx/view?usp=sharing,306.jpg
https://unsplash.com/photos/a-person-holding-a-smart-phone-with-social-media-on-the-screen-0cpyFsSUiSc,307.jpg
https://drive.google.com/file/d/1eUXnrY50FnMPofCQO9OangfXxVTkRxJR/view?usp=sharing,308.jpg
https://drive.google.com/file/d/1QBeCF5ukjRI2_CDKuBbHL_RMvSUkaRj4/view?usp=sharing,309.jpg
https://unsplash.com/photos/a-sad-little-girl-alone-in-darkness-sitting-and-using-smartphone-ZqTYd2qhrAw,310.jpg
https://drive.google.com/file/d/1uwPhCcuaRaOL9Df_fkhakKtf-OU0IuKT/view?usp=sharing,311.jpg
https://drive.google.com/file/d/1gDTYdbA7ZpJDLryCkaKiGCvlvr0TsUC_/view?usp=sharing,312.jpg
https://drive.google.com/file/d/1rr3T5cMLZQiuTvG5-1maEozjUDHeiQjf/view?usp=sharing,313.jpg
https://drive.google.com/file/d/1mHXfXw-iahdLomYjWNPrlY48AeYpFlIm/view?usp=sharing,314.jpg
https://drive.google.com/file/d/1eIMm5Ajmqx6QOYlT6jBgX42FOEWWgGWv/view?usp=sharing,315.jpg
https://drive.google.com/file/d/1ZufpIXWlL-gfVGIuABejEhcsy86ladUo/view?usp=sharing,316.jpg
https://unsplash.com/photos/a-yellow-and-blue-iphone-sitting-on-top-of-a-wooden-table-keIEK2B8qVI,317.jpg
https://drive.google.com/file/d/1eIp1cJGkpcQv6iHZ5U5mnFVmN5P8yE7A/view?usp=drive_link,318.jpg
https://drive.google.com/file/d/1ogBitMPipdn2Wpz-uHFfxISkqV4zY7gq/view?usp=sharing,319.jpg
https://drive.google.com/file/d/13ixZoOQGoG4I_iuhPAUt1fEN-StAWTuG/view?usp=sharing,320.jpg
https://drive.google.com/file/d/1woUKD_EamU3vTaBIP7XWGxDcUSPAC2lO/view?usp=sharing,321.jpg
https://drive.google.com/file/d/1_9Q35VWYA9i5dofhGQQpYPd9bx56RczH/view?usp=sharing,322.jpg
https://unsplash.com/photos/a-couple-of-people-sitting-on-top-of-a-red-chair-IdbrsjBdnD4,323.jpg
https://unsplash.com/photos/young-woman-waving-hello-while-video-chatting-on-laptop-qn7smNyVz64,324.jpg
https://unsplash.com/photos/people-sitting-on-chair-w1FwDvIreZU,325.jpg
https://unsplash.com/photos/a-group-of-people-standing-in-a-room-v8ZFNwn26i0,326.jpg
https://unsplash.com/photos/person-holding-black-iphone-4-PjoJga8EovQ,327.jpg
https://unsplash.com/photos/a-woman-standing-at-a-counter-in-a-restaurant-2AbAZiIhkY8,328.jpg
https://unsplash.com/photos/a-close-up-of-hands-holding-a-phone-YlvYu92GeBI,329.jpg
https://drive.google.com/file/d/1NpHchIkg2rRZmuIBw5sAtzk92mAxd66p/view?usp=sharing,330.jpg
https://unsplash.com/photos/a-woman-sitting-on-a-couch-using-a-cell-phone-XOHeSVczpaU,331.jpg
https://unsplash.com/photos/a-woman-is-looking-at-a-rack-of-clothes-p4pdjm6LYKA,332.jpg
https://unsplash.com/photos/a-group-of-people-sitting-around-a-wooden-table-reMtVGngpr8,333.jpg
https://unsplash.com/photos/man-in-black-shirt-holding-white-smartphone-1rJdewJPCWE,334.jpg
https://unsplash.com/photos/a-man-and-a-little-girl-sitting-on-a-rock-by-the-water-rTgPHBQjzw8,335.jpg
https://unsplash.com/photos/two-college-students-sitting-at-the-table-with-laptop-computer-and-discussing-report-together-in-the-classroom-tRBN3-KzmOg,336.jpg
https://unsplash.com/photos/woman-holding-red-phone-m7zKB91brGo,337.jpg
https://drive.google.com/file/d/1MbNDgA1fTxx_vA4gRMN8oQHaWApsfNpD/view?usp=sharing,338.jpg
https://unsplash.com/photos/a-green-and-brown-moth-on-a-brown-paper-bag-k5hgLDTUeHU,339.jpg
https://unsplash.com/photos/a-long-row-of-books-in-a-library-My06S-Wg_zc,340.jpg
https://unsplash.com/photos/cute-multiracial-schoolkids-having-snack-by-desk-during-lunch-break-8pqbR5MlMcY,341.jpg
https://unsplash.com/photos/man-in-white-crew-neck-t-shirt-holding-black-iphone-5-WQTRD0wB1fQ,342.jpg
https://unsplash.com/photos/a-multiracial-group-of-elementary-age-girls-sit-together-on-a-school-bus-and-smile-directly-at-the-camera-QFAF3hLFAss,343.jpg
https://unsplash.com/photos/empty-building-hallway-x_TJKVU1FJA,344.jpg
https://unsplash.com/photos/person-in-black-top-jD7WYFNJ-0s,345.jpg
https://unsplash.com/photos/a-group-of-people-playing-football-d0PzEFae0iY,346.jpg
https://unsplash.com/photos/group-of-school-friends-outdoors-lifestyle-AENZ-XZU7Ng,347.jpg
https://unsplash.com/photos/smiling-young-boy-of-indian-origin-looking-at-his-mobile-phone-R-7OH_iC3W8,348.jpg
https://unsplash.com/photos/a-yellow-school-bus-driving-down-a-street-sLQuVhOAc5w,349.jpg
https://unsplash.com/photos/a-group-of-people-standing-around-each-other-qTMkJJpsf-I,350.jpg
https://unsplash.com/photos/portrait-of-smiling-schoolgirl-standing-in-school-corridor-pWkaNdkXE4A,351.jpg
https://unsplash.com/photos/man-in-blue-button-up-shirt-beside-woman-in-black-and-white-stripe-shirt-0QP2i5QzGBk,352.jpg
https://drive.google.com/file/d/1ca4L87EOiB4rxD3Xj4t7qDf-bszUoxyh/view?usp=sharing,353.jpg
https://unsplash.com/photos/empty-hallway-5f4r0zWAXbI,354.jpg
https://pixabay.com/photos/iphone-mobile-smartphone-cell-phone-2618731/,355.jpg
https://unsplash.com/photos/group-of-attractive-teenage-students-sitting-on-stone-steps-in-front-of-university-holding-tablet-reading-or-watching-something-CCa_zMy3fx0,356.jpg
https://unsplash.com/photos/woman-looking-out-over-the-city-zdQux0uJE3A,357.jpg
https://unsplash.com/photos/person-holding-there-is-no-planet-b-poster-ycW4YxhrWHM,358.jpg
https://unsplash.com/photos/blue-and-white-labeled-pack-ttg1CM0YmGI,359.jpg
https://unsplash.com/photos/text-zVuDeGdjxgU,360.jpg
https://unsplash.com/photos/bush-of-chamomile-in-the-wild-0xW1dzzqStE,361.jpg
https://unsplash.com/photos/a-crack-in-the-middle-of-a-road-in-the-middle-of-nowhere-fClNK-MIz_E,362.jpg
https://unsplash.com/photos/digital-artwork-on-air-pollution-and-climate-change-theme-power-and-fuel-generation-in-czech-republic-european-union-qnICz59o5tg,363.jpg
https://unsplash.com/photos/man-talking-to-another-man-wZYXer0DwUE,364.jpg
https://unsplash.com/photos/african-young-woman-smiling-and-reading-a-book-and-discussing-it-with-her-colleagues-during-presentation-in-the-library-I2VDYxWprvI,365.jpg
https://unsplash.com/photos/people-sitting-on-chair-in-front-of-computer-YRMWVcdyhmI,366.jpg
https://unsplash.com/photos/a-group-of-people-sitting-on-the-steps-of-a-building-u_Jg3Wv7h4M,367.jpg
https://unsplash.com/photos/front-view-of-group-of-teenagers-gang-sitting-indoors-in-abandoned-building-using-smartphones-onZTJKsyaoo,368.jpg
https://unsplash.com/photos/a-window-that-has-rain-drops-on-it-tT_SrSMhhgE,369.jpg
https://unsplash.com/photos/brown-grass-beside-straight-road-21hSIghLoRw,370.jpg
https://drive.google.com/file/d/1GCOL0Iq8cBnxjvcoIq_yAZVEhHhx-V1v/view?usp=sharing,371.jpg
https://unsplash.com/photos/person-holding-black-remote-control-Cg94g0QFHv4,372.jpg
https://drive.google.com/file/d/1r5zIeqVc3sq8CDh-Z1ntkXzEWxt_C-9c/view?usp=sharing,373.jpg
https://unsplash.com/photos/man-driving-car-during-rainy-daytime-FDCuK-B_f3A,374.jpg
https://unsplash.com/photos/group-of-people-activists-with-megaphone-protesting-on-streets-strike-and-demonstration-concept-ovfGpAIB1Wc,375.jpg
https://unsplash.com/photos/a-group-of-people-sitting-in-a-dumpster-on-the-side-of-a-road-WeugYvIoMzo,376.jpg
https://unsplash.com/photos/a-group-of-people-sitting-on-top-of-a-blanket-cYNneXjYHK0,377.jpg
https://unsplash.com/photos/a-man-driving-a-car-in-the-dark-4bHOD9yHTNc,378.jpg
https://unsplash.com/photos/a-rear-view-of-single-young-woman-sitting-on-sofa-at-home-and-watching-tv-ojjpnW9bMzQ,379.jpg
https://unsplash.com/photos/two-humans-in-green-uniform-with-sacks-cleaning-riverside-area-from-old-plastic-bottles-90asAtol6wI,380.jpg
https://unsplash.com/photos/a-road-and-sidewalk-under-dark-stormy-clouds-rkgESwKeZZk,381.jpg
https://unsplash.com/photos/person-holding-white-smartphone-sitting-on-stair-bTfza0M0hCE,382.jpg
https://unsplash.com/photos/girl-student-in-a-lesson-xzf4jHr_-Us,383.jpg
https://unsplash.com/photos/a-group-of-people-sitting-at-desks-in-a-classroom-VTwgwx7c4Ag,384.jpg
https://unsplash.com/photos/a-group-of-people-standing-in-front-of-a-window-AtYaR-8OXAA,385.jpg
https://unsplash.com/photos/person-in-red-shirt-wearing-black-and-gray-headphones-Y8TiLvKnLeg,386.jpg
https://unsplash.com/photos/teenage-girl-sitting-with-crossed-legs-on-sofa-and-gesturing-hands-while-talking-to-mother-at-home-kYX516OfR4s,387.jpg
https://unsplash.com/photos/a-couple-of-people-holding-a-bowl-of-food-4aM_QE-HRLw,388.jpg
https://unsplash.com/photos/a-backyard-with-a-fence-and-trees-in-the-background-QZCCR8IUpH8,389.jpg
https://unsplash.com/photos/senior-couple-on-the-road-having-problem-with-a-car-they-are-calling-assistance-QOVNVedVxM8,390.jpg
https://unsplash.com/photos/a-view-of-a-city-with-smoke-coming-out-of-it-Q6IiOUlFY5c,391.jpg
https://unsplash.com/photos/four-women-chatting-at-cafe-table-IjkIOe-2fF4,392.jpg
https://unsplash.com/photos/a-bedroom-with-a-bed-and-a-window-with-blinds-jcEa-g8ROAM,393.jpg
https://unsplash.com/photos/two-girls-look-at-something-with-intrigue-x1MdZsFVxe8,394.jpg
https://unsplash.com/photos/a-close-up-of-a-door-with-a-curtain-Rs_oPan5jhc,395.jpg
https://unsplash.com/photos/teenage-girls-consoling-their-depressed-crying-troubled-friendthese-documents-are-our-own-generic-designs-they-do-not-infringe-on-any-copyrighted-designs-jeit4ewH2O4,396.jpg
https://unsplash.com/photos/woman-holding-her-throat-in-pain-I42Vb-7r1cU,397.jpg
https://unsplash.com/photos/man-in-white-crew-neck-top-using-smartphone-outdoors-2toj_4L8M2M,398.jpg
https://drive.google.com/file/d/1zkYnT8Mxd-PN0j7QnlvyMeIQ8Qmsf7rP/view?usp=sharing,399.jpg
https://unsplash.com/photos/person-using-black-smartphone-cAEQVM60PLI,400.jpg
https://unsplash.com/photos/a-person-sitting-on-a-bed-looking-at-a-cell-phone-0U3pQhDhTZ4,401.jpg
https://unsplash.com/photos/a-person-holding-a-cell-phone-in-their-hand-nKGlH6_PDxk,402.jpg
https://drive.google.com/file/d/1-jEgeh68_2R6f1bD7-TLRHgNJuS5aSyg/view?usp=sharing,403.jpg
https://drive.google.com/file/d/1-kk5ypf8FsXk8Y1Z-Mjsf50lWFtWmI40/view?usp=sharing,404.jpg
https://unsplash.com/photos/closeup-image-of-a-woman-picking-up-garbage-plastic-bottles-into-a-plastic-bag-for-recycling-concept-DdlmRJ2FdTM,405.jpg
https://unsplash.com/photos/woman-reading-book-while-sitting-on-chair-omeaHbEFlN4,406.jpg
https://unsplash.com/photos/white-and-green-wall-street-sign-86nHk8LRRRs,407.jpg
https://unsplash.com/photos/woman-holding-phone-_XR5rkprHQU,408.jpg
https://unsplash.com/photos/coworkers-are-chatting-during-a-break-at-the-office-I65354HRKFM,409.jpg
https://unsplash.com/photos/students-and-teacher-gather-in-a-classroom-discussing-books-wyxYV8IlP80,410.jpg
https://unsplash.com/photos/confident-mature-teacher-telling-group-of-highschool-students-about-life-of-bees-while-making-presentation-on-interactive-screen-H5VbNnsEbco,411.jpg
https://unsplash.com/photos/african-schoolboy-resting-on-the-floor-eating-fruit-and-using-his-mobile-phone-with-his-classmates-in-the-background-_xF-4t0j0JE,412.jpg
https://unsplash.com/photos/unrecognizable-young-woman-with-suitcase-packing-for-holiday-at-home-coronavirus-concept-qJuO1dZ7Pa4,413.jpg
https://unsplash.com/photos/a-bowl-of-food-is-sitting-on-a-table-m-c4P8caNOA,414.jpg
https://unsplash.com/photos/a-coral-reef-with-fish-yUYKrPS9j5w,415.jpg
https://unsplash.com/photos/brown-rocks-on-brown-soil-ofJ7pPG9KcI,416.jpg
https://unsplash.com/photos/white-cat-on-black-plastic-trash-bin-ubXKtOv0sws,417.jpg
https://unsplash.com/photos/a-black-trash-can-with-a-green-cloth-in-it-vi4ukXTN6OY,418.jpg
https://unsplash.com/photos/a-persons-hand-reaching-out-of-a-window-wMMXsHVK8Yg,419.jpg
https://unsplash.com/photos/a-group-of-people-sitting-on-top-of-a-wooden-bench-FjfVjBI92GA,420.jpg
https://unsplash.com/photos/a-wooden-bench-sitting-in-the-middle-of-a-forest-jrwvCrle4WA,421.jpg
https://unsplash.com/photos/one-world-signage-r1BS0pzlr1M,422.jpg
https://unsplash.com/photos/a-body-of-water-surrounded-by-trees-and-bushes-nDIiQIcLHrk,423.jpg
https://unsplash.com/photos/boy-in-black-hoodie-sitting-on-chair-4nKOEAQaTgA,424.jpg
https://unsplash.com/photos/man-wearing-black-t-shirt-close-up-photography-Qs_Zkak27Jk,425.jpg
https://unsplash.com/photos/garbage-truck-unloading-waste-on-landfill-environmental-concept-copy-space-yO3hAksdZA0,426.jpg
https://unsplash.com/photos/a-barren-field-with-a-few-trees-in-the-distance-qJxDT6QU3t0,427.jpg
https://unsplash.com/photos/autumn-trees-with-a-brick-chimney-at-sunset-7Z9qjp7vG0o,428.jpg
https://unsplash.com/photos/macro-photography-of-brown-sunflower-Cuujm8Yad7A,429.jpg
https://unsplash.com/photos/a-large-tornado-is-coming-out-of-a-field-45eBfwTM7nc,430.jpg
https://unsplash.com/photos/fresh-vegetables-and-fruits-in-a-clear-plastic-bag-l8W5CPknZGU,431.jpg
https://unsplash.com/photos/hands-planting-seedlings-in-garden-soil-q13Zq1Jufks,432.jpg
https://unsplash.com/photos/green-trees-near-body-of-water-during-daytime-4ImPsLNp2pY,433.jpg
https://unsplash.com/photos/an-unmade-bed-in-a-dark-room-with-red-curtains-QK-CyUOsEPE,434.jpg
https://drive.google.com/file/d/1hI_IEnDiL3mLGJZXQNwSj0W2_lbzHlJn/view?usp=sharing,435.jpg
https://unsplash.com/photos/person-writing-at-a-picnic-table-in-a-stone-courtyard-CsjVpeHwfi0,436.jpg
https://unsplash.com/photos/vehicle-glass-with-water-droplets-gIjmCMd9AKk,437.jpg
https://unsplash.com/photos/a-woman-sitting-at-a-desk-writing-on-a-piece-of-paper-n69F9zXJ8bk,438.jpg
https://unsplash.com/photos/boy-in-gray-and-white-striped-shirt-sitting-on-floor-WSWHjPGGEY4,439.jpg
https://drive.google.com/file/d/1s61mxZfbdrsdp2-LsCLqaA19px-zqa55/view?usp=sharing,440.jpg
https://unsplash.com/photos/black-and-silver-coffee-maker-ftA71vetxuo,441.jpg
https://unsplash.com/photos/a-waitress-serves-cake-and-coffee-tALGo5tBS3M,442.jpg
https://unsplash.com/photos/person-in-red-and-white-shirt-sitting-on-white-chair-G8GeO0UUsSU,443.jpg
https://unsplash.com/photos/a-man-standing-in-a-kitchen-preparing-food-hM6MSq__M0Q,444.jpg
https://unsplash.com/photos/woman-in-black-crew-neck-t-shirt-standing-near-counter-NlcCPeKNmwg,445.jpg
https://unsplash.com/photos/a-man-sitting-in-front-of-a-laptop-computer-IWngN5UWUbU,446.jpg
https://unsplash.com/photos/a-woman-standing-in-front-of-a-closet-filled-with-clothes-hkaKwIgLhBw,447.jpg
https://unsplash.com/photos/a-woman-sitting-at-a-table-writing-on-a-piece-of-paper-ehbR49Wo_NY,448.jpg
https://unsplash.com/photos/a-classroom-full-of-students-raising-their-hands-anrGGq7C-8s,449.jpg
https://unsplash.com/photos/close-up-of-hand-using-a-computer-S3tM3tGR_50,450.jpg
https://unsplash.com/photos/a-chef-preparing-food-in-a-restaurant-NA0epTiAtx4,451.jpg
https://unsplash.com/photos/a-woman-arranging-flowers-in-a-flower-shop-iV9G3ipYOI8,452.jpg
https://unsplash.com/photos/macbook-pro-white-ceramic-mugand-black-smartphone-on-table-cckf4TsHAuw,453.jpg
https://unsplash.com/photos/group-of-contemporary-schoolkids-with-backpacks-going-to-school-in-the-morning-iLzeDliQeNA,454.jpg
https://unsplash.com/photos/smiling-man-in-car-accepts-food-delivery-bag-qfveq4WQCpA,455.jpg
https://unsplash.com/photos/a-person-reaching-for-papers-on-the-floor-_brFtesL_XU,456.jpg
https://unsplash.com/photos/woman-selecting-item-from-store-shelf-VwWRZm-_gyY,457.jpg
https://unsplash.com/photos/a-desk-with-a-keyboard-mouse-pens-and-sticky-notes-MBr7VQEOc-Y,458.jpg
https://unsplash.com/photos/woman-in-front-on-brown-dining-table-and-chairs-inside-building-wVoP_Q2Bg_A,459.jpg
https://unsplash.com/photos/a-dining-room-with-a-table-chairs-and-bookshelves-CwnFt3y6jfg,460.jpg
https://unsplash.com/photos/man-leaning-hand-on-table-looking-on-group-of-people-mQ0_MMw5qas,461.jpg
https://unsplash.com/photos/black-laptop-computer-3Mhgvrk4tjM,462.jpg
https://unsplash.com/photos/man-wearing-white-sweatshirt-using-laptop-computer-sitting-on-sofa-chair-YcJupWm1PhQ,463.jpg
https://unsplash.com/photos/empty-brown-wooden-restaurant-table-with-chairs-1iTKoFJvJ6E,464.jpg
https://unsplash.com/photos/young-woman-looking-at-her-smartphone-with-colorful-background-TgdCXkQxrJ4,465.jpg
https://unsplash.com/photos/a-woman-is-cleaning-a-table-with-a-green-cloth-w1QXw3f1NAI,466.jpg
https://unsplash.com/photos/woman-in-blue-denim-jacket-holding-white-paper-AZrBFoXP_3I,467.jpg
https://unsplash.com/photos/close-up-of-content-young-woman-paying-for-organic-products-with-wireless-card-at-farmers-market-BMCG89zjB54,468.jpg
https://unsplash.com/photos/tired-young-asian-man-sleeping-on-bed-near-computer-laptop-VT4HInIgFS8,469.jpg
https://unsplash.com/photos/a-person-standing-on-the-steps-with-their-luggage-frjMxSUdx1I,470.jpg
https://unsplash.com/photos/woman-in-purple-and-black-stripe-long-sleeve-shirt-holding-blue-smartphone-X9ZIgLrwx-w,471.jpg
https://unsplash.com/photos/man-wearing-white-and-black-plaid-button-up-sports-shirt-pointing-the-silver-macbook-y_6rqStQBYQ,472.jpg
https://unsplash.com/photos/woman-using-desktop-computer-0Vc8UJenzm0,473.jpg
https://unsplash.com/photos/two-young-intercultural-colleagues-discussing-working-moments-while-moving-along-road-in-public-park-AO9h5jZ2DFY,474.jpg
https://unsplash.com/photos/a-man-sitting-in-front-of-a-computer-monitor-HvuFQUUj7ys,475.jpg
https://unsplash.com/photos/person-in-blue-denim-jeans-wKu5yvAT0bg,476.jpg
https://unsplash.com/photos/young-african-american-saleswoman-weighing-lemons-in-bag-and-scanning-them-and-other-food-products-while-sitting-by-counter-322PADGm_0Q,477.jpg
https://unsplash.com/photos/person-holding-tray-with-sliced-of-cake-and-water-p99Xa1uYUuk,478.jpg
https://unsplash.com/photos/closeup-of-a-woman-holding-a-bag-of-popcorn-and-handing-her-ticket-at-the-movie-theater-entrance-AvAljzMikUs,479.jpg
https://unsplash.com/photos/young-man-working-on-hir-laptop-while-he-is-talking-on-the-phone-in-the-office-gyEB4Jf0dAU,480.jpg
https://unsplash.com/photos/female-hands-typing-laptop-computer-showing-blank-screen-on-table-gjUdVok3hog,481.jpg
https://unsplash.com/photos/two-people-sitting-on-the-ground-with-their-hands-open-boC7bLQWXW4,482.jpg
https://unsplash.com/photos/person-about-to-write-on-notebook-f0WseEEDKv4,483.jpg
https://unsplash.com/photos/a-person-writing-on-a-laptop-A36fxINRd04,484.jpg
https://unsplash.com/photos/a-person-is-using-a-mobile-phone-2f_zK0ruzJE,485.jpg
https://unsplash.com/photos/a-person-writing-on-a-notebook-with-a-pen-O04ybN0h1C8,486.jpg
https://unsplash.com/photos/baseball-batter-swings-at-a-pitch-with-catcher-behind-fMwAsc13_gE,487.jpg
https://unsplash.com/photos/a-group-of-young-women-standing-next-to-each-other-QS6jBrihCpc,488.jpg
https://unsplash.com/photos/a-road-that-is-next-to-a-field-covered-in-snow-8H-nXQBgqb8,489.jpg
https://unsplash.com/photos/yellow-and-white-volleyball-on-brown-sand-during-daytime-VDkRsT649C0,490.jpg
https://unsplash.com/photos/young-runner-having-an-accident-outside-in-spring-canola-field-EHyGGrY_hyU,491.jpg
https://unsplash.com/photos/man-driving-a-car-wearing-wrist-watch-8e2gal_GIE8,492.jpg
https://unsplash.com/photos/a-soccer-field-with-empty-bleachers-on-a-cloudy-day-hfNsHnY5vjM,493.jpg
https://unsplash.com/photos/a-person-packing-for-a-trip-eURH72BvZeg,494.jpg
https://unsplash.com/photos/man-pointing-his-finger-during-daytime-MgIPNC8TG1c,495.jpg
https://unsplash.com/photos/football-field-from-a-corner-view-1JHibeazpt8,496.jpg
https://unsplash.com/photos/a-man-and-a-woman-playing-tennis-on-a-tennis-court-oDlLU_1hZwM,497.jpg
https://unsplash.com/photos/person-in-black-leather-shoes-standing-on-gray-asphalt-road-g_bglWB48JA,498.jpg
https://unsplash.com/photos/an-indoor-ice-rink-with-a-hockey-goal--ofOCf-jen4,499.jpg
https://unsplash.com/photos/a-group-of-people-running-down-a-dirt-road-LyORqx-3O-c,500.jpg
https://unsplash.com/photos/human-hand-qKspdY9XUzs,501.jpg
https://unsplash.com/photos/woman-in-white-shirt-and-black-shorts-playing-soccer-0axqBrI8Or4,502.jpg
https://unsplash.com/photos/green-and-white-stripe-pathway-fDmpxdV69eA,503.jpg
https://unsplash.com/photos/basketball-player-sport-game-plan-tactics-concept-6QX5hQHREeA,504.jpg
https://unsplash.com/photos/a-group-of-people-playing-a-game-of-field-hockey-vOI7ePr8Ttc,505.jpg
https://unsplash.com/photos/person-wearing-white-nike-sneakers-lWNpTN0ztZE,506.jpg
https://unsplash.com/photos/a-couple-of-men-standing-next-to-each-other-Q1DDWFPu2Pw,507.jpg
https://unsplash.com/photos/a-man-driving-a-car-down-a-street-next-to-a-traffic-light-DL2wAFAxIic,508.jpg
https://unsplash.com/photos/sits-with-black-bag-and-preparing-for-the-game-african-american-man-plays-basketball-on-the-court-outdoors-MLXueqvapuw,509.jpg
https://unsplash.com/photos/a-group-of-people-sitting-on-a-bench-under-an-umbrella-mqhfFuICdLU,510.jpg
https://unsplash.com/photos/a-couple-of-dumbs-sitting-on-top-of-a-white-floor-Sy1xs-O9eUI,511.jpg
https://drive.google.com/drive/folders/11erz7svhT8lBivklKfbquawegoQR5jNN,512.jpg
https://drive.google.com/file/d/1qvOcI_od_Q_vKVJIyGUloaGr0ALzkuY4/view?usp=sharing,513.jpg
https://drive.google.com/file/d/1-VeBBMpuCt7dpPm9IXFVo4un8loVpzGn/view?usp=sharing,514.jpg
https://unsplash.com/photos/retro-style-photo-of-group-of-mountain-trekkers-on-himalayan-forest-jCByLbEZHnU,515.jpg
https://unsplash.com/photos/cars-parked-in-parking-lot-CrU3lUW2jRk,516.jpg
https://unsplash.com/photos/a-person-holding-a-cup-of-popcorn-in-their-hand-ZmS64mLkllg,517.jpg
https://unsplash.com/photos/full-length-rear-view-of-young-people-in-warm-clothing-moving-up-while-hiking-together-in-the-woods-pF5YFjgcwls,518.jpg
https://unsplash.com/photos/black-and-gray-treadmill-near-white-wall-10_Bx7IJqGc,519.jpg
https://unsplash.com/photos/a-large-group-of-active-multi-generation-people-running-a-race-competition-in-nature-1D74cZqY1lo,520.jpg
https://unsplash.com/photos/people-in-a-room-with-a-black-table-and-chairs-fqMu99l8sqo,521.jpg
https://unsplash.com/photos/a-person-sitting-on-the-floor-with-a-pair-of-dumbs-nPHYVsl9mv4,522.jpg
https://unsplash.com/photos/a-little-girl-is-jumping-on-a-trampoline-WJvioCdP9XI,523.jpg
https://unsplash.com/photos/all-weather-running-track-for-background-use-m8XrKi9vjnA,524.jpg
https://unsplash.com/photos/pair-of-blue-and-white-adidas-running-shoes-XiZ7pRvCzro,525.jpg
https://unsplash.com/photos/a-basketball-court-with-a-basketball-net-in-the-middle-of-it-hgnsJhlxkWI,526.jpg
https://unsplash.com/photos/black-and-white-ip-desk-phone-on-brown-wooden-table-SAQNjlPX2Kc,527.jpg
https://unsplash.com/photos/women-playing-soccer-on-green-field-during-daytime-TsYzva0e2pQ,528.jpg
https://unsplash.com/photos/a-street-lined-with-houses-and-trees-on-a-cloudy-day-qtk3riCYZbU,529.jpg
https://unsplash.com/photos/woman-standing-surrounded-by-exercise-equipment-CQfNt66ttZM,530.jpg
https://unsplash.com/photos/a-basketball-ball-sitting-on-the-ground-in-front-of-a-fence-YQLKzW2eDU4,531.jpg
https://unsplash.com/photos/a-gym-with-a-mirror-and-exercise-equipment-7jtML28iEp0,532.jpg
https://unsplash.com/photos/a-room-with-a-bunch-of-objects-on-the-floor-Eu3g3_I6nDk,533.jpg
https://unsplash.com/photos/man-in-black-t-shirt-and-black-shorts-running-on-road-during-daytime-J154nEkpzlQ,534.jpg
https://unsplash.com/photos/black-wooden-bench-on-green-grass-field-during-daytime-9f3ugLFUpOw,535.jpg
https://unsplash.com/photos/man-running-on-road-near-grass-field-mQVWb7kUoOE,536.jpg
https://unsplash.com/photos/woman-uses-workout-app-while-preparing-for-a-workout--U8jKg4ktnw,537.jpg
https://unsplash.com/photos/two-footballers-running-down-field-after-ball-v0iuGE1ixOQ,538.jpg
https://unsplash.com/photos/a-person-tying-a-shoelace-on-a-grass-field-eG2kzwhquE8,539.jpg
https://unsplash.com/photos/person-about-to-lift-the-barbel-WvDYdXDzkhs,540.jpg
https://unsplash.com/photos/cooked-food-in-white-ceramic-plate-jVBpQ14LR_o,541.jpg
https://unsplash.com/photos/man-in-brown-shirt-standing-in-front-of-swimming-pool-LO60jqL8jGA,542.jpg
https://unsplash.com/photos/horizontal-image-of-soccer-ball-with-foot-of-player-kicking-it--BqStJQjREI,543.jpg
https://unsplash.com/photos/large-crowd-in-a-football-stadium-IQWHFTALOvA,544.jpg
https://unsplash.com/photos/basketball-player-about-to-free-throw-6mRaiW6DDCM,545.jpg
https://unsplash.com/photos/a-group-of-men-standing-next-to-each-other-nHHaV1wQEE0,546.jpg
https://unsplash.com/photos/a-rear-view-of-large-group-of-people-cross-country-running-in-nature-at-sunset-qzpZFS4vJXM,547.jpg
https://unsplash.com/photos/a-group-of-young-women-playing-a-game-of-volleyball-WmdH5Tmn1ac,548.jpg
https://unsplash.com/photos/unrecognizable-active-senior-runner-outside-in-field-man-with-injured-knee-close-up-green-sunny-summer-nature-Me4tWAIh_DM,549.jpg
https://unsplash.com/photos/a-group-of-people-doing-yoga-in-a-park-4PX4J1Y6m7g,550.jpg
https://unsplash.com/photos/woman-in-black-and-white-soccer-jersey-kicking-soccer-ball-on-green-field-during-daytime-5yNJx9NO3Yc,551.jpg
https://unsplash.com/photos/a-room-filled-with-lots-of-mail-boxes-NktrKWXnkUs,552.jpg
https://unsplash.com/photos/four-men-playing-double-tennis-during-daytime-Z4Sxy1_3wdY,553.jpg
https://unsplash.com/photos/young-couple-jogging-outside-in-sunny-winter-mountains-pyJMLqO00Xs,554.jpg
https://unsplash.com/photos/man-in-blue-crew-neck-t-shirt-standing-on-track-field-during-daytime-v0H-vn0BixI,555.jpg
https://unsplash.com/photos/man-and-woman-standing-on-field-nKcx6jbFE-A,556.jpg
https://unsplash.com/photos/100-meter-dash-lane--gjHizUfFlM,557.jpg
https://unsplash.com/photos/a-softball-player-throws-the-ball-during-a-game-SxSmVz4De4E,558.jpg
https://unsplash.com/photos/orange-basketball-on-brown-wooden-floor-u_yi-1kUh2o,559.jpg
https://unsplash.com/photos/a-man-standing-next-to-another-man-on-a-field-8y8OJiuQkCI,560.jpg
https://unsplash.com/photos/unrecognizable-fit-african-sportswoman-tying-shoelaces-on-sneakers-close-up-AF8vED9zvCg,561.jpg
https://unsplash.com/photos/man-in-swimming-pool-during-daytime-_8B2XyVSJIQ,562.jpg
https://unsplash.com/photos/a-person-holding-a-smart-watch-in-their-hand-Rtp3qTAUe0U,563.jpg
https://unsplash.com/photos/a-person-tying-a-pair-of-tennis-shoes-QeypMGIi8KU,564.jpg
https://unsplash.com/photos/two-people-watch-a-baseball-game-from-a-grassy-hill-NSN01H0MYQ8,565.jpg
https://unsplash.com/photos/a-close-up-of-a-plate-of-food-on-a-table-PBge0__1Pd8,566.jpg
https://unsplash.com/photos/a-person-holding-a-cell-phone-in-their-hand-nq7Y_RAuZdY,567.jpg
https://unsplash.com/photos/brown-and-white-padded-armchairs-FFA8yd4OynY,568.jpg
https://unsplash.com/photos/wooden-staircase-with-red-carpet-and-ornate-railing-L-Lizyz_ljM,569.jpg
https://unsplash.com/photos/doctor-writing-on-a-patients-chart-8WYkI3cEZm8,570.jpg
https://unsplash.com/photos/a-woman-is-lighting-candles-on-a-cake-6t74SsvfVJY,571.jpg
https://drive.google.com/file/d/1xUVHP-lj26dCvOIiMMMta2bgIGRH5hR9/view,572.jpg
https://unsplash.com/photos/a-white-door-with-a-light-shining-on-it-c3KRS1IHf2A,573.jpg
https://unsplash.com/photos/white-medication-bed-0HGLd5gcqiA,574.jpg
https://unsplash.com/photos/knees-are-visible-wearing-patterned-pajamas-0jzwotd0X8A,575.jpg
https://drive.google.com/file/d/1dUEZKyL1ncQrN4HVMlXc7a5pFlj7xrM6/view?usp=sharing,576.jpg
https://drive.google.com/file/d/1jFPLXn6lv_fgh5eHXBjUaByBH1iTrB_L/view?usp=sharing,577.jpg
https://unsplash.com/photos/woman-sitting-and-her-right-hand-on-her-cheek-xU2CytdJHJQ,578.jpg
https://unsplash.com/photos/a-group-of-people-standing-on-top-of-a-basketball-court-2BM4Vix067E,579.jpg
https://unsplash.com/photos/a-woman-brushing-her-teeth-in-a-bathroom-M3gam7PQ4wo,580.jpg
https://unsplash.com/photos/man-sitting-inside-vehicle-vWRE1Z619WQ,581.jpg
https://unsplash.com/photos/close-up-of-a-folded-blanket-with-a-floral-pattern-aCtGwU0_S7s,582.jpg
https://unsplash.com/photos/selective-focus-photography-of-assorted-color-balloons-Hli3R6LKibo,583.jpg
https://unsplash.com/photos/students-smiling-in-a-lecture-hall-classroom-NGLWZV4xOPg,584.jpg
https://unsplash.com/photos/shallow-focus-photography-of-white-and-brown-cat-GtwiBmtJvaU,585.jpg
https://drive.google.com/file/d/16Mn418BJmgaCo2BI0gZ-yjV4YknV-Me0/view?usp=sharing,586.jpg
https://drive.google.com/file/d/1_y9R9SW-Kku37xUo59Qz1IOaNBxeDw4m/view?usp=sharing,587.jpg
https://unsplash.com/photos/stainless-steel-faucet-on-white-ceramic-sink-vnPSzar9Tng,588.jpg
https://unsplash.com/photos/a-dog-sitting-on-a-chair-qpZawJltRVs,589.jpg
https://unsplash.com/photos/a-chair-sitting-in-a-room-next-to-a-yellow-wall-XbmTXjPOEek,590.jpg
https://unsplash.com/photos/a-group-of-people-in-a-dance-class-vV12J8Ihwr8,591.jpg
https://unsplash.com/photos/a-man-standing-in-front-of-a-window-smoking-a-cigarette-9djguUAIlFE,592.jpg
https://unsplash.com/photos/black-framed-eyeglasses-on-blue-bedsheet-kHHwYNA1lnM,593.jpg
https://unsplash.com/photos/brown-wooden-framed-pink-padded-armchair-3AAstwik3uQ,594.jpg
https://unsplash.com/photos/an-unmade-bed-in-a-dark-quiet-bedroom-Mb1cVr467w4,595.jpg
https://drive.google.com/file/d/1In9GJoAqvPWgsbb9VtXrxUdtyJ6lzm3W/view?usp=sharing,596.jpg
https://unsplash.com/photos/white-ceramic-sink-with-faucet-QkCknWPfGxE,597.jpg
https://unsplash.com/photos/a-bench-sitting-in-front-of-a-blue-wall-LXgXDKcvBBU,598.jpg
https://unsplash.com/photos/people-walking-on-the-bridge-during-daytime-6WXhY7eL0Ag,599.jpg
https://unsplash.com/photos/a-woman-holding-a-bunch-of-balloons-over-a-table-Vde8LxpfREM,600.jpg
https://unsplash.com/photos/man-wearing-white-shirt-facing-on-wall-mirror-3kZvBqduNVE,601.jpg
https://unsplash.com/photos/a-group-of-people-sitting-at-a-table-PktK6GuC3U4,602.jpg
https://unsplash.com/photos/a-cafeteria-filled-with-lots-of-colorful-chairs-mo8K3epf9QA,603.jpg
https://unsplash.com/photos/a-hallway-with-a-door-and-a-rug-on-the-floor-F1BGvgfQR8k,604.jpg
https://unsplash.com/photos/two-hands-are-shown-with-palms-open-cJTAept5qh8,605.jpg
https://unsplash.com/photos/a-rumpled-bed-with-a-beige-comforter-and-striped-sheets-ubm17kmMVeI,606.jpg
https://unsplash.com/photos/white-and-gray-striped-textile-utx4jPb9Kj4,607.jpg
https://unsplash.com/photos/a-hand-touching-another-persons-arm-k79BRRmqRYA,608.jpg
https://unsplash.com/photos/a-person-washing-hands-6JLhh-fbaok,609.jpg
https://unsplash.com/photos/clear-drinking-glass-on-brown-wooden-table-nxhqxf1FJBY,610.jpg
https://unsplash.com/photos/a-person-with-a-blood-pressure-device-in-their-hand-vN5s_G5SPkY,611.jpg
https://unsplash.com/photos/white-window-curtain-on-window-bo_H3ExbQ50,612.jpg
https://unsplash.com/photos/a-cat-with-a-blue-and-white-face-esCDxy25zQI,613.jpg
https://unsplash.com/photos/two-people-walking-on-a-path-in-a-park-b8h25oRs89Y,614.jpg
https://unsplash.com/photos/people-sitting-on-chair-inside-room-TAy7nXHoH1E,615.jpg
https://unsplash.com/photos/a-snowy-field-with-a-fence-and-a-tree-1HGYI-wyOBU,616.jpg
https://unsplash.com/photos/people-sitting-on-bench-near-bare-trees-during-daytime-wWpXIskWklw,617.jpg
https://unsplash.com/photos/a-persons-hand-reaching-up-into-the-air-gerD70HORNM,618.jpg
https://unsplash.com/photos/person-using-smartphone-and-laptop-at-night-aLIODbGmtxQ,619.jpg
https://unsplash.com/photos/a-person-writing-on-a-piece-of-paper-oCDvUGPSy94,620.jpg
https://unsplash.com/photos/a-white-door-in-a-room-with-a-light-coming-through-it-l6gXZu8qUI4,621.jpg
https://unsplash.com/photos/a-little-girl-sitting-on-a-couch-watching-tv-1A8U3NXzvIE,622.jpg
https://unsplash.com/photos/a-red-car-parked-on-the-side-of-the-road-yCEWhTR_3_c,623.jpg
https://unsplash.com/photos/a-classroom-filled-with-desks-and-chairs-next-to-a-large-window-MT4WtqNuFkE,624.jpg
https://unsplash.com/photos/an-empty-hallway-with-a-door-and-a-light-on-AvJVX_ss44c,625.jpg
https://unsplash.com/photos/white-ceramic-bathtub-near-white-ceramic-bathtub-q-OivXChlLA,626.jpg
https://unsplash.com/photos/brown-box-on-wooden-surface-yW9jdBmE1BY,627.jpg
https://unsplash.com/photos/white-bed-linen-on-bed-NXqmLeoHc2g,628.jpg
https://unsplash.com/photos/people-raising-their-hands-on-the-stage-WqmIYLHC_S4,629.jpg
https://unsplash.com/photos/a-woman-stirring-a-pot-with-a-wooden-spoon-eS_Y2MFncjo,630.jpg
https://unsplash.com/photos/person-writing-on-brown-wooden-table-near-white-ceramic-mug-s9CC2SKySJM,631.jpg
https://unsplash.com/photos/a-tabby-cat-eats-from-a-small-dish-W0jR9oPy6I0,632.jpg
https://unsplash.com/photos/a-person-holding-a-piece-of-wood-on-top-of-a-wooden-table-uZqmXxRLHmQ,633.jpg
https://unsplash.com/photos/an-old-red-car-is-parked-on-a-city-street-2IMDnCmDvSo,634.jpg
https://unsplash.com/photos/an-entryway-with-a-staircase-and-shoes-8qkjDLk5MjQ,635.jpg
https://unsplash.com/photos/close-up-of-a-mug-broken-into-pieces-on-the-kitchen-table-YKZL4H3l4FM,636.jpg
https://unsplash.com/photos/man-wearing-white-dress-shirt-and-black-watch-kRi-NG09m4U,637.jpg
https://unsplash.com/photos/hallway-with-a-door-piano-and-artwork-TlYJlUWYi2M,638.jpg
https://unsplash.com/photos/art-supplies-on-a-table-with-red-paper-K_yqQP7QPyM,639.jpg
https://unsplash.com/photos/a-view-of-a-city-from-a-window-aLdXEFsqJJI,640.jpg
https://unsplash.com/photos/a-man-wearing-headphones-playing-a-video-game-Fb9A11LfvdQ,641.jpg
https://unsplash.com/photos/a-cat-laying-on-a-bed-in-front-of-a-window-XY8FAdgfCXM,642.jpg
https://unsplash.com/photos/a-laundry-basket-sitting-on-top-of-a-wooden-counter-nK4GVqwCNMM,643.jpg
https://unsplash.com/photos/a-person-sitting-in-front-of-a-television-playing-a-video-game-nGr0EW9Xs2k,644.jpg
https://unsplash.com/photos/a-pencil-sitting-on-top-of-a-piece-of-paper-rYwsJLyhvC4,645.jpg
https://drive.google.com/file/d/1DTwEEmIQbj5xxx-NQ0yc0qnIJd4UMzAL/view?usp=sharing,646.jpg
https://unsplash.com/photos/photo-of-white-painted-room-MfJ9g64-WxQ,647.jpg
https://unsplash.com/photos/white-rice-on-brown-wooden-tray-HAFl7HN3sSw,648.jpg
https://unsplash.com/photos/a-table-topped-with-a-yellow-table-cloth-covered-table-Xp9FmPu-lPQ,649.jpg
https://unsplash.com/photos/a-close-up-of-a-persons-hands-resting-on-a-table-0l-73OKmRXc,650.jpg
https://unsplash.com/photos/group-of-people-setting-up-campfire-AZMmUy2qL6A,651.jpg
https://unsplash.com/photos/a-woman-driving-a-car-while-holding-a-cell-phone-_3tr6uMiSdM,652.jpg
https://unsplash.com/photos/person-driving-a-car-towards-the-sunset-G23WAjEBfjA,653.jpg
https://unsplash.com/photos/a-room-with-boxes-and-a-window-bV7WI-AeiTA,654.jpg
https://unsplash.com/photos/a-hand-holding-a-twenty-dollar-bill-iyf97rRbnyE,655.jpg
https://unsplash.com/photos/a-woman-driving-a-car-with-a-steering-wheel-I1gs2HXWrPc,656.jpg
https://drive.google.com/file/d/1ylvVgTOvUYTifWMDlsPdcQ-QP0XueXT9/view?usp=sharing,657.jpg
https://drive.google.com/file/d/1A4xMpVmFzc4H_Lh5MgfdSALivQDtTdk8/view?usp=sharing,658.jpg
https://drive.google.com/file/d/1P2GOLNSBRIdwiE0PKMbDYdr7ryshkp3p/view?usp=sharing,659.jpg
https://drive.google.com/file/d/13PunyqYxepgO0p_QwY6G5s40AnXSRc0_/view?usp=sharing,660.jpg
https://drive.google.com/file/d/1AYgiy3YVRe6pXPxT2dAupZ4veiAQczjC/view?usp=sharing,661.jpg
https://drive.google.com/file/d/1qU44VNBfc_6n14n0YYuyFf6kjtsI571y/view?usp=sharing,662.jpg
https://drive.google.com/file/d/136y0Emhx0dscHuD9fuXf4_wdbMk6ooF3/view?usp=sharing,663.jpg
https://unsplash.com/photos/dimly-lit-living-room-with-framed-art-on-wall-Kojm4nCE65c,664.jpg
https://unsplash.com/photos/putting-the-phones-down-ANXvPivk6Fw,665.jpg
https://unsplash.com/photos/a-person-holding-a-bowl-of-food-on-a-table-7XrWwP1jYeg,666.jpg
https://unsplash.com/photos/woman-using-gray-backpack-z5ncx9p6AvM,667.jpg
https://unsplash.com/photos/a-bed-in-a-room-s-nwp5zfbvE,668.jpg
https://unsplash.com/photos/woman-in-blue-and-red-floral-backpack-standing-beside-gray-concrete-wall-during-daytime-PHJjzHjxCU0,669.jpg
https://unsplash.com/photos/woman-in-purple-dress-sitting-on-couch-d_mzrEx6ytY,670.jpg
https://unsplash.com/photos/person-using-smartphone-BjhUu6BpUZA,671.jpg
https://unsplash.com/photos/silhouetted-figures-engage-in-a-heated-argument-iJ285AKzSK0,672.jpg
https://unsplash.com/photos/rear-view-of-student-raising-her-arm-up-and-answering-during-lesson-at-school-7ABebXHiCH4,673.jpg
https://unsplash.com/photos/a-couple-of-women-sitting-on-top-of-a-couch-439WmdedHVA,674.jpg
https://unsplash.com/photos/man-wearing-a-watch-at-a-cafe-table--K4wT_9soHc,675.jpg
https://unsplash.com/photos/a-black-building-with-a-white-door-and-a-clock-Cg-FyIfrc8A,676.jpg
https://unsplash.com/photos/view-into-a-bedroom-through-an-open-doorway-v8aaoU7Xzq0,677.jpg
https://unsplash.com/photos/person-holding-black-android-smartphone-wK-elt11pF0,678.jpg
https://unsplash.com/photos/white-wooden-framed-glass-door-Yvnx-deCjbc,679.jpg
https://unsplash.com/photos/man-in-black-framed-eyeglasses-sitting-on-black-chair-B2zWzmlyBuk,680.jpg
https://unsplash.com/photos/a-kitchen-with-white-cabinets-and-a-wooden-counter-top-noScyKKR0H4,681.jpg
https://unsplash.com/photos/top-view-photography-of-broken-ceramic-plate-cGXdjyP6-NU,682.jpg
https://unsplash.com/photos/restaurant-awning-with-glowing-lights-on-a-street-zpj9T42CcNQ,683.jpg
https://unsplash.com/photos/selective-focus-photo-of-luggage-bag-filled-with-clothes-hPguQ3s1mb8,684.jpg
https://unsplash.com/photos/a-group-of-people-standing-on-top-of-a-sandy-beach-V-bUqND0jPo,685.jpg
https://drive.google.com/file/d/14x2yqVVb1UALfHIN5HTy-9LCg1J8M9zx/view?usp=sharing,686.jpg
https://unsplash.com/photos/a-person-cutting-up-food-on-a-plate-j-Gtv3rt__0,687.jpg
https://unsplash.com/photos/two-people-preparing-a-large-meal-on-a-table-lg8McVk6L8I,688.jpg
https://unsplash.com/photos/water-droplets-on-car-window-8yQijYx5-ww,689.jpg
https://unsplash.com/photos/african-american-family-in-nature-SMXDP_byzqQ,690.jpg
https://unsplash.com/photos/a-childs-bedroom-with-a-bed-and-posters-6KewFu7jsGI,691.jpg
https://unsplash.com/photos/a-refrigerator-with-a-bunch-of-magnets-on-it-ptJS_f_fzQE,692.jpg
https://unsplash.com/photos/a-man-and-a-woman-sitting-on-a-couch-in-a-living-room-WybMQeTLcpY,693.jpg
https://unsplash.com/photos/a-man-and-woman-sitting-on-a-couch-looking-at-a-tablet-UWZNnNQjraI,694.jpg
https://unsplash.com/photos/two-girls-sitting-in-the-back-of-a-white-car-mIsFH2VqTbY,695.jpg
https://unsplash.com/photos/a-laptop-computer-sitting-on-top-of-a-wooden-desk-nc-aU68XABQ,696.jpg
https://unsplash.com/photos/girl-in-white-shirt-sitting-on-brown-wooden-chair-Wf766oWDbhU,697.jpg
https://drive.google.com/file/d/1JDDWS38bs8_PH3pfVYUXGgGgQZw6Xnl4/view?usp=sharing,698.jpg
https://drive.google.com/file/d/1t1I70BWhpFEk92Uj9czptY2yUxZdajJw/view?usp=sharing,699.jpg
https://unsplash.com/photos/a-man-sitting-down-looking-at-a-cell-phone-wOOVrmXeCXo,700.jpg
https://drive.google.com/file/d/1e2bRHJPQnCJqheZuufUXE_rCsoiI9rjn/view?usp=sharing,701.jpg
https://unsplash.com/photos/a-woman-sitting-on-a-couch-holding-a-cell-phone-QnQHSxLFchI,702.jpg
https://drive.google.com/file/d/1BQU_ENXmRBV6ppPR5GvlZum8aYxV5uH-/view?usp=sharing,703.jpg
https://drive.google.com/file/d/18Zm_Gos3s2IF5uHJSvB6Zh6WdhKQ-OaE/view?usp=sharing,704.jpg
https://unsplash.com/photos/woman-holding-red-and-silver-can-clN4DePMfm4,705.jpg
https://drive.google.com/file/d/1PEacybDOoTP4uyL6eIRJ6Zn0KielGahH/view?usp=sharing,706.jpg
https://unsplash.com/photos/man-in-black-shirt-holding-red-smartphone-BEYy75gBDQk,707.jpg
https://unsplash.com/photos/person-holding-smartphone-with-turned-on-screen-ikWPjR_l78c,708.jpg
https://unsplash.com/photos/a-person-holding-a-cell-phone-x70p5Zau7sY,709.jpg
https://drive.google.com/drive/folders/1hqA3AXPEiXTO6jdJodtghR3uuRiEIry5?dmr=1&ec=wgc-drive-%5Bmodule%5D-goto,710.jpg
https://drive.google.com/file/d/1YZNvY59gmmSNYRF5GOy9ubSn13ovIQaU/view?usp=sharing,711.jpg
https://drive.google.com/file/d/1JO-ox6WmaG78gRdZSnFHyjvBOVHEDJJE/view?usp=drive_link,712.jpg
https://drive.google.com/file/d/17wpbr5VCFuAjg2KEpd_gL2KYlkv1dCSG/view?usp=drive_link,713.jpg
https://drive.google.com/file/d/1gEfx8qkAqus2HbC4wxK5_OOiQOZeHw_m/view?usp=drive_link,714.jpg
https://drive.google.com/file/d/1pB9AZsfe9Te-fQN02CvhmRfParSvKuIU/view?usp=drive_link,715.jpg
https://drive.google.com/file/d/15O4LycaeblCGDlA-h9kvs-Fql0frEX9B/view?usp=drive_link,716.jpg
https://drive.google.com/file/d/1gnLRsXmf_jFrPRwBVgxzZ3Lvqjsr1tH1/view?usp=drive_link,717.jpg
https://drive.google.com/file/d/1QrlUcaEQtqOTkeS1PyzIk_8tPjJpTlnj/view?usp=drive_link,718.jpg
https://drive.google.com/file/d/1g9CnjOu_04zcwTexSz4bVj3IUrx926Gx/view?usp=drive_link,719.jpg
https://drive.google.com/file/d/1Ypg65J3nBHva-spJVm96gycWotuzHZhS/view?usp=drive_link,720.jpg
https://drive.google.com/file/d/1C_et2bzBoi-Rk7x1mxXoCvnkMwkpAOr5/view?usp=drive_link,721.jpg
https://drive.google.com/file/d/1qrQ77Ywml3Zb3P8KLgckTo9H8CzYAmmo/view?usp=drive_link,722.jpg
https://drive.google.com/file/d/1W73T0KcOrUyZL9GmOXmB5XzUIiB-c0j-/view?usp=drive_link,723.jpg
https://drive.google.com/file/d/11dW9NeVv44FNEHG7MNNIVL8ubeKYm9Ww/view?usp=drive_link,724.jpg
https://drive.google.com/file/d/1VQQbop7nlaZGRuqffeHu37XsPSNOGmtm/view?usp=drive_link,725.jpg
https://drive.google.com/file/d/1A9rd30Mg7SiELqTmd6-WLP_lD3qb4xdu/view?usp=drive_link,726.jpg
https://drive.google.com/file/d/1HuDI2L5Hy8xvsq9oX62ZKbjoILfD5m22/view?usp=drive_link,727.jpg
https://drive.google.com/file/d/1i7jYHe4sqMwpe-UndrK68DDyhb5hF7H5/view?usp=drive_link,728.jpg
https://drive.google.com/file/d/1qhTW2rKkUqSLKU55UlJ9hy_qVLbImCJM/view?usp=drive_link,729.jpg
https://drive.google.com/file/d/1plIdT_J0PWJT3hfCA5tLC3cS_7dT9Et7/view?usp=drive_link,730.jpg
https://unsplash.com/photos/a-group-of-people-sitting-around-a-wooden-table-Rz5EzyLpGJA,731.jpg
https://unsplash.com/photos/woman-holding-silver-iphone-6-SpVHcbuKi6E,732.jpg
https://unsplash.com/photos/a-person-holding-a-cell-phone-in-their-hand-PuqI0ZNWNtU,733.jpg
https://unsplash.com/photos/a-couple-of-people-sitting-on-top-of-a-bench-5O2WsA93zAQ,734.jpg
https://unsplash.com/photos/person-wearing-gold-ring-and-black-watch-JymzL7rN1PM,735.jpg
https://drive.google.com/file/d/1A8QcU4hsdi5wP4NrTgob9-ItvgjOdosC/view?usp=sharing,736.jpg
https://unsplash.com/photos/a-woman-taking-a-picture-of-herself-with-her-cell-phone-4G1NkY90rUE,737.jpg
https://unsplash.com/photos/bad-news-in-school-teens-in-class-the-teacher-gives-them-control-tasks-jiEEHO39L58,738.jpg
https://unsplash.com/photos/a-person-holding-a-cell-phone-in-their-hand-6fc2LXMaIzM,739.jpg
https://unsplash.com/photos/person-holding-white-iphone-5-c-xE5SAT0WeTQ,740.jpg
https://unsplash.com/photos/a-group-of-young-women-standing-around-a-classroom-iekv7nxFGo4,741.jpg
https://unsplash.com/photos/man-sitting-on-sofa-chair-reading-book-SCB6nhgNHZU,742.jpg
https://unsplash.com/photos/a-close-up-of-a-person-holding-a-cell-phone--kZuiNDU5IY,743.jpg
https://unsplash.com/photos/white-and-yellow-remote-control-n120yoM_yxs,744.jpg
https://unsplash.com/photos/two-young-women-blowing-bubbles-in-a-park-jLggBkB3wDs,745.jpg
https://unsplash.com/photos/man-holding-gold-iphone-6-BQXOtp2lKnI,746.jpg
https://unsplash.com/photos/portrait-of-an-unrecognizable-young-man-using-smartphone-sitting-on-sofa-at-home-social-networks-concept-WmkogOVWQ-A,747.jpg
https://drive.google.com/file/d/1u-lKWWxXStl0kzvkVl1gkhjp7EF9y62O/view?usp=sharing,748.jpg
https://unsplash.com/photos/person-holding-black-game-controller-X6QffKLwyoQ,749.jpg
https://drive.google.com/file/d/19dl56LvsLIjvc11B9Uwdx3ngBhs93PmG/view?usp=sharing,750.jpg
https://unsplash.com/photos/portrait-of-a-nonbinary-autistic-person-using-their-mobile-phone-indoors-vvW2WF-999g,751.jpg
https://drive.google.com/file/d/1qFO0h7SaHy-oK4ObdRNe-DWy_lVrH377/view?usp=sharing,752.jpg
https://unsplash.com/photos/a-person-sitting-on-the-floor-using-a-cell-phone-ltUXvjSluro,753.jpg
https://drive.google.com/file/d/1iJxfhhrpLBkmjIfjPgyPSzfNGuu05_eO/view?usp=sharing,754.jpg
https://unsplash.com/photos/person-holding-white-card-with-man-in-black-suit-jacket-jgS5TjOivCg,755.jpg
https://unsplash.com/photos/a-man-sitting-in-front-of-a-laptop-computer-QuDw60HOysg,756.jpg
https://drive.google.com/file/d/1IuNEawfjpO9rfB1iTIhtjK9QYgPJVyC6/view?usp=sharing,757.jpg
https://unsplash.com/photos/person-using-smartphone-DKP4nVDRaIE,758.jpg
https://drive.google.com/file/d/1jIbDbiGGZxhvo_LBtKBfQoRDyMVhUR_B/view?usp=sharing,759.jpg
https://drive.google.com/file/d/1zFBSUhRviUDij01sXoWa3fnQ-ajxekFu/view?usp=sharing,760.jpg
https://drive.google.com/file/d/1eqX9B5Ls2G8Cvj3oYr3L0p0DCTsa4k2x/view?usp=sharing,761.jpg
https://unsplash.com/photos/man-using-smartphone-uYdZFJsjJUs,762.jpg
https://drive.google.com/file/d/1m0AmXWWTiF-SThYKQZZEz3cwtULalIC5/view?usp=sharing,763.jpg
https://drive.google.com/file/d/1tsjmq-N8c0yR31ocCGM6mELwiqtTu1y-/view?usp=sharing,764.jpg
https://drive.google.com/file/d/1cnYb5MF2gfKImnDIDio2nDtUdHB9tKGx/view?usp=sharing,765.jpg
https://unsplash.com/photos/a-person-holding-a-cell-phone-in-their-hand-GYRA3E1hOuE,766.jpg
https://unsplash.com/photos/woman-wearing-knit-hat-holding-phone-E_kQcyBFV1c,767.jpg
https://drive.google.com/file/d/1PV5wqPCW5E6HimVKspEI0SsTqUpNyMIk/view?usp=sharing,768.jpg
https://drive.google.com/file/d/1OF6hyCnfkVmC_7hOPq7v4ediTJBUGyvC/view?usp=sharing,769.jpg
https://drive.google.com/file/d/1o6RpsIv4y5D9AJd_hfFF-GwqLReJsEf4/view?usp=sharing,770.jpg
https://unsplash.com/photos/a-woman-taking-a-picture-with-her-cell-phone-6enQSaGKxlY,771.jpg
https://unsplash.com/photos/front-view-of-group-of-teenagers-gang-sitting-indoors-in-abandoned-building-taking-selfie-with-smartphone-PcapYplWNdA,772.jpg
https://drive.google.com/file/d/1YTf0gJAsd9cxlXcQgmJy9ui2ftG6BQjv/view?usp=sharing,773.jpg
https://unsplash.com/photos/a-close-up-of-a-person-holding-a-cell-phone-7TnTV3MzcQk,774.jpg
https://drive.google.com/file/d/1rmeCeGbmJMCcuG3TUjA85V3CPRufkNZE/view?usp=sharing,775.jpg
https://drive.google.com/file/d/1CuzeSKazRgz2xuePEfhVP3EWvcISLX45/view?usp=sharing,776.jpg
https://drive.google.com/file/d/1KpbqUWdrPTs0JO7li6qvemhLEizZtjse/view?usp=sharing,777.jpg
https://drive.google.com/file/d/1GZXCdc9IGKe_iVC8MNSzqMakpWb8CwKv/view?usp=sharing,778.jpg
https://drive.google.com/file/d/1iW6c6d2CgrzeF8cU7MIjO2SlxhiEEcI5/view?usp=sharing,779.jpg
https://unsplash.com/photos/a-woman-standing-in-front-of-a-camera-holding-her-hand-up-Aa_8Fz_B2ZI,780.jpg
https://unsplash.com/photos/portrait-of-sisters-indoors-at-home-making-video-with-smartphone-lockdown-concept-pCxOhlSXcUA,781.jpg
https://unsplash.com/photos/woman-using-smartphone-0wyy5mAj1-o,782.jpg
https://unsplash.com/photos/two-people-sitting-on-a-bench-in-front-of-paintings-jsjjScF-mx0,783.jpg
https://unsplash.com/photos/black-and-silver-laptop-computer-on-brown-wooden-table-qnWPjzewewA ,784.jpg
https://unsplash.com/photos/black-retractable-pen-on-white-printer-paper-_zsL306fDck,785.jpg
https://unsplash.com/photos/a-woman-standing-in-front-of-a-blackboard-writing-on-it-AD7mteun_Qs,786.jpg
https://unsplash.com/photos/white-printer-paper-on-brown-wooden-surface-2cPzM3mam_0,787.jpg
https://unsplash.com/photos/gray-and-white-click-pen-on-white-printer-paper-cbEvoHbJnIE,788.jpg
https://unsplash.com/photos/a-person-holding-a-book-in-their-hands-NzlK63tKnrU,789.jpg
https://unsplash.com/photos/person-wearing-silver-colored-ring-iYIobSOvhMI,790.jpg
https://unsplash.com/photos/black-textile-on-bed-near-white-wall-PbWiWURdGps,791.jpg
https://unsplash.com/photos/view-of-a-park-through-a-large-window-yWFaYI0ZDR8,792.jpg
https://unsplash.com/photos/desk-with-papers-calculator-and-pens-bZqitd_ae0A,793.jpg
https://unsplash.com/photos/person-using-black-computer-keyboard-li6MjNxlS_U,794.jpg
https://unsplash.com/photos/middle-group-of-students-raising-their-arms-to-answer-the-question-back-view-of-elementary-students-raising-their-arms-on-a-class-MBeNWoPoGDw,795.jpg
https://unsplash.com/photos/people-sitting-on-chair-inside-room-ID1yWa1Wpx0,796.jpg
https://unsplash.com/photos/a-close-up-of-an-open-book-with-writing-on-it-WAchuh1Gc-0,797.jpg
https://unsplash.com/photos/a-house-with-a-blue-front-door-and-a-brown-front-door-xaqsFfoEq3o,798.jpg
https://unsplash.com/photos/black-ip-desk-phone-on-black-wooden-table-Dkn8-zPIbwo,799.jpg
https://unsplash.com/photos/a-person-writing-on-a-notebook-next-to-a-laptop-mZuZAASFj2E,800.jpg
https://unsplash.com/photos/a-long-hallway-lined-with-blue-lockers-in-a-building-yRqSdeq9_gg,801.jpg
https://unsplash.com/photos/open-notebook-with-pen-and-pencils-on-desk-n9AaeihA9HI,802.jpg
https://unsplash.com/photos/people-sitting-on-chair-in-front-of-table-while-holding-pens-during-daytime-KdeqA3aTnBY,803.jpg
https://unsplash.com/photos/white-printer-paper-askpr0s66Rg,804.jpg
https://unsplash.com/photos/an-open-laptop-computer-sitting-on-top-of-a-table-PrVNgIj8DhQ,805.jpg
https://unsplash.com/photos/a-woman-standing-in-a-kitchen-next-to-a-stove-top-oven-sTRpkyU-dm4,806.jpg
https://unsplash.com/photos/a-calculator-and-a-pen-sitting-on-top-of-a-piece-of-paper-Vs6ip7fsld8,807.jpg
https://unsplash.com/photos/diverse-group-of-friends-hanging-out-in-the-park-millennials-and-youth-culture-concept-FOkhwaU3in0,808.jpg
https://unsplash.com/photos/staircase-leading-to-an-open-doorway-with-chairs-and-chairs-jRjmp_aq78g,809.jpg
https://unsplash.com/photos/person-writing-on-white-paper-Ak5c5VTch5E,810.jpg
https://drive.google.com/file/d/1Isymza3G0kL57wzhqwxZgxIn5utKL9wO/view,811.jpg
https://unsplash.com/photos/a-pair-of-green-tennis-shoes-sitting-on-top-of-a-bed-next-to-a-backpack-RObXwGg773k,812.jpg
https://unsplash.com/photos/a-group-of-graduates-throwing-their-caps-in-the-air-C9pamXRgk14,813.jpg
https://unsplash.com/photos/a-young-boy-sitting-on-a-chair-holding-a-trophy-QYvfMhHwDao,814.jpg
https://unsplash.com/photos/person-using-macbook-pro-on-white-table-ejhjSZKTeeg,815.jpg
https://unsplash.com/photos/a-student-writes-on-a-blackboard-in-a-classroom-9kaaSDE5JQ0,816.jpg
https://unsplash.com/photos/person-raising-hand-in-a-classroom-setting-with-audience-W1HWLCLDeN4,817.jpg
https://unsplash.com/photos/empty-classroom-with-desks-and-chairs-by-windows-rkH8YVmjQ4w,818.jpg
https://unsplash.com/photos/person-writing-on-white-paper-pKSygGpQmZE,819.jpg
https://unsplash.com/photos/man-and-woman-sitting-on-chairs-zFSo6bnZJTw,820.jpg
https://unsplash.com/photos/teacher-lecturing-students-in-a-classroom-setting-14jNrPntbgk,821.jpg
https://unsplash.com/photos/a-person-using-a-cell-phone-YamtliLQg2o,822.jpg
https://unsplash.com/photos/professor-explaining-complex-mathematical-equations-on-blackboard-Fccc9MnaaSY,823.jpg
https://unsplash.com/photos/person-in-black-long-sleeve-shirt-raising-right-hand-rn21q4rmSE4,824.jpg
https://unsplash.com/photos/a-close-up-of-a-door-handle-on-a-blue-door-heK5p3ggeEc,825.jpg
https://unsplash.com/photos/woman-flipping-book-page-bZ_RkRKE0Po,826.jpg
https://unsplash.com/photos/person-wearing-black-and-white-vans-old-skool-sneakers-ZO8L_XiJtaQ,827.jpg
https://unsplash.com/photos/a-desk-with-a-computer-and-a-clock-on-it-9pcuV85Iajg,828.jpg
https://unsplash.com/photos/a-group-of-people-sitting-at-desks-in-a-classroom-6CdgsGVel9g,829.jpg
https://drive.google.com/file/d/1NvTM1g3vx1Kut8y_4vvBJo79qKHzUztk/view,830.jpg
https://unsplash.com/photos/a-bulletin-board-covered-with-various-flyers-ufRqsiLaKII,831.jpg
https://unsplash.com/photos/white-printer-paper-close-up-photography-0LaBRkmH4fM,832.jpg
https://unsplash.com/photos/a-person-sitting-at-a-table-writing-on-a-piece-of-paper-kiVciIFK3xI,833.jpg
https://unsplash.com/photos/a-person-typing-on-a-laptop-Ux6_jnk2cO8,834.jpg
https://unsplash.com/photos/person-about-to-write-on-piece-of-paper-BI3nPD34ECs,835.jpg
https://unsplash.com/photos/teacher-asking-a-question-to-students-in-a-classroom-BBetMyb5ePA,836.jpg
https://unsplash.com/photos/an-open-book-sitting-on-top-of-a-backpack-tH-AUPUbgNg,837.jpg
https://unsplash.com/photos/a-woman-holding-a-smart-phone-in-her-hand-FnkwCDILN0o,838.jpg
https://unsplash.com/photos/black-flat-screen-computer-monitor-JdWdHdkkRec,839.jpg
https://unsplash.com/photos/a-person-writing-on-a-piece-of-paper-w-1ydxmB7hQ,840.jpg
https://unsplash.com/photos/a-group-of-people-sitting-around-a-table-in-front-of-a-whiteboard-Gkol0T6o8Cs,841.jpg
https://unsplash.com/photos/a-classroom-with-a-map-hanging-on-the-wall-Dhoy-bWjv-I,842.jpg
https://unsplash.com/photos/red-theater-curtain-WW1jsInXgwM,843.jpg
https://mhscardinalchronicle.com/4311/lifestyles/5-dos-and-donts-of-school-dances/,844.jpg
https://unsplash.com/photos/a-door-with-a-handle-MeRmEeMRXQ0,845.jpg
https://unsplash.com/photos/a-close-up-of-a-person-holding-a-cell-phone-hgz7pZkQoQc,846.jpg
https://pixabay.com/photos/black-and-white-people-night-party-4550471/,847.jpg
https://unsplash.com/photos/a-merry-go-round-ride-with-lots-of-swings-d6PI2oueq7E,848.jpg
https://unsplash.com/photos/a-classroom-full-of-students-raising-their-hands-in-the-air-Hg8fLXkdbmU,849.jpg
https://unsplash.com/photos/a-couple-of-men-playing-a-game-of-soccer-tufFoxwrhlo,850.jpg
https://unsplash.com/photos/icing-cake-on-table-d8s13D29QiE,851.jpg
https://unsplash.com/photos/a-person-driving-a-car-with-their-hand-on-the-steering-wheel-9QnzAzsssLI,852.jpg
https://unsplash.com/photos/brown-wooden-table-and-chairs-PDRFeeDniCk,853.jpg
https://unsplash.com/photos/a-man-in-a-green-shirt-is-standing-on-a-skateboard-TA400QkuRyc,854.jpg
https://unsplash.com/photos/woman-wearing-black-leather-zip-up-jacket-43c9i58_P0o,855.jpg
https://unsplash.com/photos/man-in-brown-sweater-sitting-on-chair--hgJu2ykh4E,856.jpg
https://unsplash.com/photos/people-crossing-a-street-at-a-crosswalk-90LG4iw3TIk,857.jpg
https://unsplash.com/photos/an-empty-classroom-with-desks-and-chairs-oxrHRHEByuc,858.jpg
https://unsplash.com/photos/woman-in-white-shirt-holding-a-girl-in-white-shirt-hzNavqkrQUA,859.jpg
https://unsplash.com/photos/man-holding-skateboard-sitting-next-to-man-during-daytime-Yug0kfxq8Vo,860.jpg
https://unsplash.com/photos/a-man-is-cutting-his-hair-with-scissors-mMswEfQhRek,861.jpg
https://unsplash.com/photos/white-ceramic-sink-with-faucet-BFb2OqxezRw,862.jpg
https://unsplash.com/photos/three-women-laughing-while-sitting-near-flowers-jLH2jMEL6Ls,863.jpg
https://unsplash.com/photos/a-close-up-of-a-sign-isWezekA8J8,864.jpg
https://unsplash.com/photos/students-sitting-at-a-table-during-a-lesson-w8nxODYvrns,865.jpg
https://unsplash.com/photos/a-person-holding-a-measuring-tape-in-their-hand-hzHyy2FTgaY,866.jpg
https://unsplash.com/photos/assorted-bottles-on-table-with-doughnut-1t4ZtSfNtTc,867.jpg
https://media.istockphoto.com/id/944039072/photo/young-student-writing-with-chalk-on-green-chalk-board-in-classroom.jpg?s=612x612&w=0&k=20&c=wd-QX_BMvWrTgM3frO4fQ6R29CuNN7tG1T5OZwyrOfc=,868.jpg
https://unsplash.com/photos/a-group-of-people-sitting-around-a-table-eating-pizza-UoGDuOHgZEI,869.jpg
https://unsplash.com/photos/a-building-with-a-sign-that-says-cafeteria-KSo_p5wavgI,870.jpg
https://pixabay.com/photos/baseball-sports-park-field-mound-2627837/,871.jpg
https://pixabay.com/photos/food-chatpate-spicy-nepal-closeup-4600495/,872.jpg
https://unsplash.com/photos/two-young-women-talking-at-a-cafe-table-d7jgsEdPcpw,873.jpg
https://unsplash.com/photos/empty-classroom-desks-and-chairs-visible-8XPeVdjeUG4,874.jpg
https://unsplash.com/photos/close-up-on-discussionasian-businessman-meeting-to-analyze-and-discuss-the-situation-on-the-financial-report-in-the-meeting-roominvestment-consultant-3dTEndePqgg,875.jpg
https://unsplash.com/photos/group-of-school-friends-outdoors-lifestyle-ljPdiW7LJjw,876.jpg
https://unsplash.com/photos/note-to-inspector-all-visible-graphics-are-our-own-design-and-were-produced-for-this-particular-shootcouple-affection-love-passion-relationship-romance-HaJAsdsTueM,877.jpg
https://unsplash.com/photos/three-women-talking-at-a-table-with-snacks-KQo-AY3NNns,878.jpg
https://unsplash.com/photos/young-man-concentrated-on-making-a-photo-at-workplace-side-view-photo-occupation-uft_PTTKwmo,879.jpg
https://unsplash.com/photos/pleasant-photographer-making-a-female-model-laugh-side-view-full-length-photo-aNmKPojgFmQ,880.jpg
https://unsplash.com/photos/a-woman-with-blue-hair-standing-in-front-of-an-audience-GkWP64truqg,881.jpg
https://unsplash.com/photos/a-room-that-has-a-bunch-of-pink-chairs-in-it--6U3l3xCAbM,882.jpg
https://unsplash.com/photos/a-group-of-happy-young-people-sitting-in-outdoors-cafe-on-town-trip-talking-0hIiOLGof_A,883.jpg
https://unsplash.com/photos/a-group-of-students-sitting-at-desks-in-a-classroom-EwB5adaVS20,884.jpg
https://unsplash.com/photos/teenage-girl-with-the-braces-on-her-teeth-is-having-a-treatment-at-dentist-Duv20wUzn1g,885.jpg
https://unsplash.com/photos/a-person-writing-on-a-piece-of-paper-with-a-pencil-mLF8eEf8FLs,886.jpg
https://unsplash.com/photos/man-in-black-leather-jacket-standing-beside-woman-in-brown-coat-zGyVV9LTvN4,887.jpg
https://unsplash.com/photos/group-of-men-in-red-and-black-jersey-shirt-standing-on-green-grass-field-JnsB_S_gjpo,888.jpg
https://unsplash.com/photos/man-wearing-green-trucker-cap-xNX4TnBLuv8,889.jpg
https://unsplash.com/photos/a-group-of-girls-running-on-a-track-ztVHuwbqPy4,890.jpg
https://unsplash.com/photos/a-group-of-young-women-standing-next-to-each-other-XR704uoIYBg,891.jpg
https://unsplash.com/photos/basketball-players-jumping-for-a-rebound-during-a-game-19B2xIk1kvM,892.jpg
https://pixabay.com/illustrations/ai-generated-school-exam-students-9214143/,893.jpg
https://unsplash.com/photos/empty-basketball-court-6FLMugSqXhg,894.jpg
https://unsplash.com/photos/an-amusement-park-with-a-ferris-wheel-and-rides-HlfmDoUm_xo,895.jpg
https://pixabay.com/photos/school-lockers-hallway-high-school-417612/,896.jpg
https://unsplash.com/photos/a-parking-lot-filled-with-lots-of-parked-cars-I1GC6vQQ_S8,897.jpg
https://unsplash.com/photos/students-are-greeting-each-other-in-a-classroom--yFcfBHB_No,898.jpg
https://unsplash.com/photos/woman-in-black-sweatshirt-F53xfHAOwBI,899.jpg
https://unsplash.com/photos/a-person-holding-a-mirror-in-their-hand-ylgbljMTi4o,900.jpg
