Domain,Text
Academic,"Great job! You’re making great progress trying out new perspectives tied to academics! Take a few minutes to reflect on the short stories you’ve read so far. What have you learned? What are your main takeaways? For instance, you might notice that nobody is perfect and it’s normal to make mistakes sometimes."
Athletic,"Great job! You’re making great progress trying out new perspectives tied to athletics! Take a few minutes to reflect on the short stories you’ve read so far. What have you learned? What are your main takeaways? For instance, you might notice that uncomfortable sensations in your body, like a racing heartbeat, are often not dangerous."
Environmental,"Great job! You’re making great progress trying out new perspectives tied to mental health! Take a few minutes to reflect on the short stories you’ve read so far. What have you learned? What are your main takeaways? For instance, [placeholder]"
FamilyHome Life,"Great job! You’re making great progress trying out new perspectives tied to family and home life! Take a few minutes to reflect on the short stories you’ve read so far. What have you learned? What are your main takeaways? For instance, you might notice that having difficult conversations can be scary, but doing so can make you feel proud of yourself."
Health & Well-being,"Great job! You’re making great progress trying out new perspectives tied to finances! Take a few minutes to reflect on the short stories you’ve read so far. What have you learned? What are your main takeaways? For instance, you might notice that there are many different ways to approach financial challenges to make them feel more manageable."
Milestone,"Great job! You’re making great progress trying out new perspectives tied to life milestones! Take a few minutes to reflect on the short stories you’ve read so far. What have you learned? What are your main takeaways? For instance, [placeholder]"
Romantic Relationships,"Great job! You’re making great progress trying out new perspectives tied to romantic relationships! Take a few minutes to reflect on the short stories you’ve read so far. What have you learned? What are your main takeaways? For instance, you might notice that occasional conflict is a healthy and normal part of relationships."
Social Media,"Great job! You’re making great progress trying out new perspectives tied to social media! Take a few minutes to reflect on the short stories you’ve read so far. What have you learned? What are your main takeaways? For instance [placeholder]"
Social Situations,"Great job! You’re making great progress trying out new perspectives tied to social situations! Take a few minutes to reflect on the short stories you’ve read so far. What have you learned? What are your main takeaways? For instance, you might notice that it’s not helpful to assume what other people are thinking."
Vocation,"Great job! You’re making great progress trying out new perspectives tied to vocations! Take a few minutes to reflect on the short stories you’ve read so far. What have you learned? What are your main takeaways? For instance [placholder]"