Survey Name,Title ,Doses,Subject,Text,Image,Input type,Minimum,Maximum,Media,Items,ImageFramed,Timeout,ShowButtons,Answer,Notes or questions,Variable name,Conditions
Welcome,Welcome!,1,Dose,"Welcome to Mindtrails Teen! This initial session will be a bit longer than future sessions. You'll first be asked to complete some surveys about your mental health and thinking patterns. Then, we'll give you some more information about the science behind this program and explain how to get the most out of the app. Ready to get started? Hit the Next button below to begin filling out questionnaires.                                                                                                ",,,,,,,,,,,,,
MTTeen_samplequestion,Interpretation Scale Sample Question,1,Dose,"Instructions: Here are some descriptions of situations in which it is not quite clear what is happening. After each one, you will see 3 possible explanations for the situation. Please imagine yourself in each situation, then rate the extent to which you think each explanation would be likely to be true if you found yourself in that situation. Please provide a response for each of the 3 explanations under each question.",,,,,,,,,,,,,
MTTeen_samplequestion,Interpretation Scale Sample Question,1,Dose,"You hear a knock on the front door. When you open the door, no one is there. Why? The person who knocked forgot something in their car, and they will be right back.",,Button,,,,0::Not at all likely; 1::A little likely; 2::Moderately likely; 3::Very likely; 4::Extremely likely; 99::Prefer not to answer,,,,,,,
MTTeen_samplequestion,Interpretation Scale Sample Question,1,Dose,"You hear a knock on the front door. When you open the door, no one is there. Why? Someone is playing a joke on you and ran away after knocking.",,Button,,,,0::Not at all likely; 1::A little likely; 2::Moderately likely; 3::Very likely; 4::Extremely likely; 99::Prefer not to answer,,,,,,,
MTTeen_samplequestion,Interpretation Scale Sample Question,1,Dose,"You hear a knock on the front door. When you open the door, no one is there. Why? The knock was from a delivery person who left after dropping off a package.",,Button,,,,0::Not at all likely; 1::A little likely; 2::Moderately likely; 3::Very likely; 4::Extremely likely; 99::Prefer not to answer,,,,,,,
Your First Session,Your First Session,1,Dose,"MindTrails-Teen is designed to help you change the way you think about common but potentially stressful situations in order to reduce anxiety and stress. When you complete sessions in the app, you will be asked to read brief stories about situations that often produce anxiety and fill in missing letters to complete words, fill in entire words, or come up with new stories that are personally relevant to you. To help familiarize you with the program and help you get the most out of this experience, we would like you complete a few short exercises and watch some brief videos explaining how MindTrails Teen works. You will also be presented with three example stories so that you can begin to get the hang of the training. Click next to get started!",,,,,,,,,,,,,
Lemon Exercise,Lemon Exercise,1,Dose,"The purpose of this quick exercise is to demonstrate what imagination-based thinking is. You will imagine what seeing, touching, and smelling a lemon is like. Please imagine this as if you are really experiencing it.",,,,,,,,,,,,,
Lemon Exercise,Lemon Exercise,1,Dose,"In this exercise, and throughout the training program, please remember to imagine what is happening through your own eyes, similar to the picture on the left. This is more effective than viewing the situation as an outside observer, like the picture on the right.",lemon_pic1.jpeg,,,,,,,,,,,,
Lemon Exercise,Lemon Exercise,1,Dose,"Okay...let's begin! Imagine you are holding the lemon in your right hand, and you can feel its shape and its weight.",lemon_pic2.jpeg,,,,,,,,,,,,
Lemon Exercise,Lemon Exercise,1,Dose,"Now imagine you are shining a light on the lemon, and you can see the waxy and lumpy texture of the yellow skin.",lemon_pic3.jpeg,,,,,,,,,,,,
Lemon Exercise,Lemon Exercise,1,Dose,"Now imagine that you scratch the skin with your fingernail, then you bring the lemon up to your nose, and you can smell the fresh zesty juice from the skin.",lemon_pic4.jpeg,,,,,,,,,,,,
Lemon Exercise,Lemon Exercise,1,Dose,"Now imagine that you cut the lemon in half, and you bring one half of it up for a closer look. You can see the juicy flesh in the shape of segments that look like a wagon wheel.",lemon_pic5.jpeg,,,,,,,,,,,,
Lemon Exercise,Lemon Exercise,1,Dose,"Now imagine that you squeeze the lemon and some of the juice squirts right into your eyes, and it is really stinging, making your eyes water.",lemon_pic6.jpeg,,,,,,,,,,,,
Lemon Exercise,Lemon Exercise,1,Dose,That was the Lemon Exercise! Don't worry if you didn't experience all of the sensations strongly. This is completely normal.,lemon_pic7.jpeg,,,,,,,,,,,,
Program Rationale,Pause to reflect:,1,Dose,,lemon_image.jpeg,,,,,,,,,,,,
Anxious imagery prime,Anxious imagery prime,1,Dose,"In this exercise, please think of an UPCOMING situation that you expect will make you feel anxious, worried, or scared. Pick a situation that you worry might go badly, or that you expect will evoke symptoms related to anxiety (e.g., racing heart, sweating). Any situation that will make you feel quite anxious or scared will work, as long as it is a situation that is likely to actually happen.",,,,,,,,,,,,,
Anxious imagery prime,Anxious imagery prime,1,Dose,Please describe the situation in a few words:,,Open Text,,,,,,,,,,,
Anxious imagery prime,Anxious imagery prime,1,Dose,"Please imagine the situation as vividly as possible (i.e., so that it feels very real). Try to imagine you are actually in the situation. Play out the specific parts of the situation in your head. Try to imagine using all your senses while you think about this situation. Think about the things you would see, hear, and smell if you were really in that situation. Think about the kinds of things you would think or feel if you were actually there.",,,,,,,,,,,,,
Anxious imagery prime,Anxious imagery prime,1,Dose,Play this situation in your head for the next 20 seconds. The screen will change in 20 seconds.,,,,,,,,,,,,,
Anxious imagery prime,Anxious imagery prime,1,Dose,How anxious did you feel (at the highest level of anxiety) as you completed the imagery task? Press on the bar to see the slider. 0 = Absolutely no anxiety. 10 = Totally anxious.,,Slider,,,,,,,,,,,
Anxious imagery prime,Anxious imagery prime,1,Dose,How vividly did you imagine the situation?,,Buttons,,,,,,,,,,,
Anxious imagery prime,Anxious imagery prime,1,Dose,How likely is it that the situation or task will turn out well versus turn out badly?,,Buttons,,,,,,,,,,,
Anxious imagery prime,Anxious imagery prime,1,Dose,"If this situation did turn out badly, how well or badly would you be able to handle it?",,Buttons,,,,,,,,,,,
Practice CBM-I,Practice CBM-I,1,Dose,,,,,,,,,,,,,,
Comprehension / Engagement,Comprehension / Engagement,1,Dose,What are you hoping to get out of the MindTrails-Teen program? Select all that apply.,,Checkbox,,,,I want to think more flexibly and less negatively.; I want to be able to manage stressful situations more effectively.; I want to reduce my stress and/or anxiety.; I want to practice skills I've learned or am currently learning from a mental healthcare provider.; I want to maintain the gains I've made during mental health treatment.; I want to avoid a return of anxiety and/or stress I've experienced in the past; Other (please describe),,,,,,,
Great Job,Great Job,1,Dose,"Great job! We hope that this brief training helped clarify the purpose of these short stories and what you might be able to get out of MindTrails-Teen. Moving forward, you'll be able to choose areas of life that are causing the most stress so that the stories you read will be more relevant to you. During future sessions, you will also receive tips that are designed to help you manage your emotions, connect with resources, and apply what you learn from the short stories to your own life.",,,,,,,,,,,,,
Great Job,Great Job,1,Dose,"For the next 6 weeks, you will receive notifications prompting you to open the app to complete activities and surveys. We hope that you will use the app 1-2 times daily, but we understand that life can get in the way and that you may need to skip some sessions. That's okay, but just remember that the program only lasts for 6 weeks. You will also be able to access the contents of the app (activities, resources, etc.) at any time by visiting the on-demand library from the homepage.",,,,,,,,,,,,,