Scenario Number,Scenario Title,Scenario,Scenario Body 2 (Resilience Only) ,Valence,,Comprehension Question,Correct Response,Incorrect Response,Photo Link,Letters Missing
1,Overwhelmed with Work 1,"You rush from your after-school job straight into homework. There's so much going in your life, and it sometimes feels like you can't keep up with everything. You remember you’ve handled busy weeks before, and you feel stressed. ",,Negative,,Do you end up feeling calm after remembering they've handled busy weeks before?,No,Yes,https://unsplash.com/photos/a-woman-sitting-at-a-desk-writing-on-a-piece-of-paper-n69F9zXJ8bk,1
2,Babysitting 1,"You are babysitting for a new family and one of their little kids won't stop crying. You feel yourself starting to panic, and you want to call the child's parents for advice, but you worry about ruining their evening. The parents will probably be annoyed that you called to check-in. ",,Negative,,Will the parents likely be annoyed that the babysitter called to check in?,Yes,No,https://unsplash.com/photos/boy-in-gray-and-white-striped-shirt-sitting-on-floor-WSWHjPGGEY4,1
3,FOMO From Work 1,"You get home from your job and see your friends posting about hanging out. You feel a flash of FOMO and wonder if you’re missing your “teen years.” You think about the different types of experiences you've had at your job, and you feel disappointed. ",,Negative,,Do you end up feeling content about your job experiences instead of left out?,No,Yes,https://drive.google.com/file/d/1s61mxZfbdrsdp2-LsCLqaA19px-zqa55/view?usp=sharing,2
4,Allowance 1,"A group of your friends are talking about getting allowance from their parents. Your parents can't afford to give you an allowence, and you have to work a job after school to make money. Your friends probably think you are lame. ",,Negative,,Is it likely that the friends think you are lame for having an after-school job?,Yes,No,https://unsplash.com/photos/woman-in-white-tank-top-udoQCNjPDJE,2
5,New Work Equiptment 1,"You learn how to use a new piece of equipment at your job. It feels complicated at first, and your coworker has to spend a long time teaching you how it works. Once you finally get it right on your own, you feel embarrased. ",,Negative,,Do you end up feeling embarrassed after finally mastering the new equipment on your own?,Yes,No,https://unsplash.com/photos/black-and-silver-coffee-maker-ftA71vetxuo,2
6,Manager Feedback 1,"You had a really long day at school and you are feeling tired during your part-time job. Afrer your shift, your manager gives quick feedback that this shift “wasn’t your best.” You manager probably thinks you should be fired. ",,Negative,,Does the manager seem satisfied with your performance during the shift?,No,Yes,https://unsplash.com/photos/a-waitress-serves-cake-and-coffee-tALGo5tBS3M,2
7,Lifeguarding 1,"You are working your summer job as a lifeguard. Your manager tells you have to wear a new type of bathing suit that makes you feel uncomfortable. If you tell your managaer you don't want to switch suits, she will probably be very annoyed. ",,Negative,,Will the manager likely be annoyed if you say you don't want to switch bathing suits?,Yes,No,https://unsplash.com/photos/person-in-red-and-white-shirt-sitting-on-white-chair-G8GeO0UUsSU,all
8,Long Shift 1,You are working a long shift at your job and have started to lag behind on some orders. A customer snaps at you for being slow when you bring her order. The customer is probably annoyed. ,,Negative,,Is the customer likely annoyed about having to wait for their order?,Yes,No,https://unsplash.com/photos/a-man-standing-in-a-kitchen-preparing-food-hM6MSq__M0Q,all
9,Feedback from Boss 1 ,"You are having a busy afternoon at work, and your boss gives you quick feedback that you weren’t expecting. You feel a small sting, wondering if you did something wrong. You think about how getting feedback at works means you are failing. ",,Negative,,Do you feel reassured after receiving the manager's unexpected feedback?,No,Yes,https://unsplash.com/photos/woman-in-black-crew-neck-t-shirt-standing-near-counter-NlcCPeKNmwg,all
10,Typo in Email 1,"You are emailing your boss about a sensitive topic at work. Only after hitting ""send"" do you realize you made a major typo, and your stomach plummets. You worry that when your boss reads the email, he will think you are careless. ",,Negative,,Will the boss likely think you were careless because of the typo?,Yes,No,https://unsplash.com/photos/a-man-sitting-in-front-of-a-laptop-computer-IWngN5UWUbU,all
11,Interview Outfit,"You have a job interview coming and the email says to dress in ""buisness casual"". Your family can't afford many fancy clothes, and you worry your outfit won’t be professional enough. Your interviewers will probably think you are being disrespectful.  ","After a while, you decide to wear something nice that you already own, and feel confident about the interview. ",Resilience ,,You think your nice clothes will be...,Fine for the interview,Unacceptable for the interview,https://unsplash.com/photos/a-woman-standing-in-front-of-a-closet-filled-with-clothes-hkaKwIgLhBw,1
12,Blanking in Interview 2,"You blank out during a job interview question. The interviewer stares at you as the seconds stretch out, and you feel your stomach drop. You manage to answer the question, but assume you ruined your chance for the job. ","As you leave the interview, you remind yourseld that everyone gets nervous sometimes, and you feel forgiving towards yourself. ",Resilience ,,You think the interviewers will interpret your silence as...,You are thinking,You don't know the answer,https://unsplash.com/photos/a-woman-sitting-at-a-table-writing-on-a-piece-of-paper-ehbR49Wo_NY,1
13,Job Offers 2,"It is your senior year and your friends are eating lunch outside. Everyone’s comparing job offers after graduation, but you feel a pit in your stomatch when you think about the future because you don't have a job yet. You think that it is uncommon not to have a job after graduation. ","However, just beacuse your path is different, doesn't mean that is is wrong. ",Resilience ,,"When you think about your chosen path, you feel...",Excited,Insecure,https://unsplash.com/photos/a-group-of-women-sitting-at-a-table-eating-food-i2H2jf46Y5g,1
14,Career Day,"Your whole class is doing a career day exercise. A teacher asks what career you’re aiming for, and your mind goes blank. Your teacher probably thinks you are lazy. ",You remind yourself not knowing yet is normal. ,Resilience ,,You think career paths are...,Often something you can change,Set in stone,https://unsplash.com/photos/a-classroom-full-of-students-raising-their-hands-anrGGq7C-8s,2
15,Fear of Judgement 2,"Your counselor calls you in to discuss scheduling for next semester and talk about future plans. You haven't thought much about what you want to do after college and your heart hammers as you walk towards his office. When you tell your counselor you feel unsure, you think he will be judgemental. ","As you open the door to his office, the counselor smiles, and you remember that he only wants to help. ",Resilience ,,The counselor will probably think you are...,Figuring out your path,Behind your peers,https://unsplash.com/photos/woman-with-curly-hair-writing-at-desk-with-laptop-ypEXEEt6mUc,2
16,Post-Grad Plans 2,"You and your friends are seniors and getting ready to graduate next year. During lunch, someone asks what you’re doing after graduation, and you stumble over your answer. Your worry that your friends think its weird that you are still deciding. ","Then you remind yourself that most people are figuring it out too, and you end up feeling better.",Resilience ,,Do you stay embarrassed about stumbling over your answer at lunch?,No,Yes,https://unsplash.com/photos/a-group-of-women-sitting-at-a-table-eating-food-i2H2jf46Y5g,2
17,Typo in Email 2,"You are emailing your boss about a sensitive topic at work. Only after hitting ""send"" do you realize you made a major typo, and your stomach plummets. You worry that when your boss reads the email, he will think you careless. ","However, you remind yourself that everyone makes mistakes, and you feel better. ",Resilience ,,Your boss will probably think your typo is...,"A small, understandable error",A sign of laziness,https://unsplash.com/photos/a-man-sitting-in-front-of-a-laptop-computer-IWngN5UWUbU,2
18,Online Application 2,"You’re filling out an online application for a weekend job, and one question asks for “relevant experience.” You assume you don’t have anything worth listing so you feel unqualified. ","You consider that most beginners start with very little experience. You hold that idea lightly, and you end up feeling steady.",Resilience ,,You think most people your age...,Have limited work experience,Have a lot of work experience,https://unsplash.com/photos/woman-in-front-of-computer-monitor--4Gjsj47Yvc,2
19,Leading a Meeting 2,"You’re asked to lead a short team meeting at your job. Your stomach flips, worried you’ll forget what to say or get something wrong in front of everyone. Your coworkers will probably think you are unqualified. ","You take a breath and remember how much work you put in, gradually feeling prepared. ",Resilience ,,"If you stumble during your presentaiton, your coworkers will probably...",Not notice,Focus on your mistake,https://unsplash.com/photos/close-up-of-hand-using-a-computer-S3tM3tGR_50,2
20,Writing Resumé 2,"You'e looking forward to applying for jobs, but you are having trouble writing your first resumè. As you stare at the blank page, you worry that you don't have enough experiene to qualify for the jobs you want. You think your application will probably be weak. ","As you slow down and take it one step at a time, thinking about the experiences you have had, you begin to feel capable. ",Resilience ,,Do you remain convinced your resume application will be weak?,No,Yes,https://unsplash.com/photos/a-woman-sitting-at-a-table-with-a-laptop-Pc98wf-JaDw,all
21,Manager Feedback 2,"You had a really long day at school and you are feeling tired during your part-time job. Afrer your shift, your manager gives quick feedback that this shift “wasn’t your best.” You manager probably thinks you are slacking. ",Then you remember they give notes to everyone and likley want you to improve. ,Resilience ,,One bad shift...,Is not reflective of your total ability,Is a sign you should quit,https://unsplash.com/photos/a-waitress-serves-cake-and-coffee-tALGo5tBS3M,all
22,Long Shift 2,You are working a long shift at your job and have started to lag behind on some orders. A customer snaps at you for being slow when you bring her order. The customer is probably annoyed. ,"However, you recognize that you are doing your best and it really isn't a big deal. ",Resilience ,,The customer's frustration is...,Out of your control,Something you are fully responsible for ,https://unsplash.com/photos/a-chef-preparing-food-in-a-restaurant-NA0epTiAtx4,all
23,New Job Jitters 2,"On the first day at your new job, everyone seems to know where they’re going except you. You think you’ll stand out as the confused new employee so you feel tense. ",You remember that everyone is new at some point. You let that sink in and you begin to feel settled.,Resilience ,,Does the new employee remain tense about standing out on the first day?,No,Yes,https://unsplash.com/photos/a-woman-arranging-flowers-in-a-flower-shop-iV9G3ipYOI8,all
24,Job Interview 2,"You finish an important job interview and shut your computer. Right away, you start second-guessing everything you said. You think you might have sounded unprepared. ","Then you realize that interviewers know everyone gets nervous, and you feel relaxed about it.",Resilience ,,Does the interviewee remain anxious about how they sounded after the interview?,No,Yes,https://unsplash.com/photos/macbook-pro-white-ceramic-mugand-black-smartphone-on-table-cckf4TsHAuw,all
25,Work Question 2,"At school one morning, someone asks how work has been going. You hesitate before answering, feeling awkward about having a job so young. You think your classmate will be bored hearing about your job. ","As you begin talking, you realize that no matter what they think, you feel proud of having a job. ",Resilience ,,Do you end up feeling proud of having a job so young?,Yes,No,https://unsplash.com/photos/group-of-contemporary-schoolkids-with-backpacks-going-to-school-in-the-morning-iLzeDliQeNA,all
26,Drive-Thru Mishap 2,"You are working at the drive-thru window at your job. Suddenly, you realize that you handed out the wrong drink a minute ago. You picture the customer being annoyed. ","You remind yourself small errors happen during rushes, and even if the customer is annoyed, you will be okay. ",Resilience ,,Will you be okay despite handing out the wrong drink at the drive-thru?,Yes,No,https://unsplash.com/photos/smiling-man-in-car-accepts-food-delivery-bag-qfveq4WQCpA,all
27,Earning Tips 2,"After a long shift, you go on break. In the break room, you count the cash tips you earned that shift. You think about how small the amount feels compared to your effort and feel discoraged. ","You consider how earning money takes time, and you feel proud of your effort. ",Resilience ,,Do you end up feeling proud of the effort behind your tips?,Yes,No,https://unsplash.com/photos/focus-photography-of-person-counting-dollar-banknotes--8a5eJ1-mmQ,all
28,Volunteer Event 2,You volunteer at an event at the place you want to work someday and accidentally drop a box of supplies. Heat rises to your face as people glance over. They probably think you are clumsy. ,"Then someone smiles at you as they help you pick things up, and you start to feel competent.",Resilience ,,Does the volunteer start to feel competent after dropping the box of supplies?,Yes,No,https://unsplash.com/photos/a-person-reaching-for-papers-on-the-floor-_brFtesL_XU,all
29,Observed by Manager,You are stocking shelves during your first shift at your new job. The manager stops by and lingers behind you for longer than expected. You think this means the manager finds you incompotent. ,You consider that a manager will often monitor new people to be helpful to them. ,Resilience ,,Is the manager's close attention meant to make the new hire feel incompetent?,No,Yes,https://unsplash.com/photos/woman-selecting-item-from-store-shelf-VwWRZm-_gyY,all
30,AI Anxiety 2,"A classmate claims AI will make most jobs disappear, and your stomach dips. You imagine having fewer options than you hoped for. The thought leaves you feeling discouraged.  ","But you remember that new skills can be learned over time, and you feel grounded.",Resilience ,,Do you end up feeling grounded about AI's effect on jobs?,Yes,No,https://unsplash.com/photos/a-desk-with-a-keyboard-mouse-pens-and-sticky-notes-MBr7VQEOc-Y,all
31,Friend's Internship,You are scrolling through social media one night when you see your best friend made a new post. Your friend posts that they got the internship you applied for too. You feel a little dissapointment mixed with a spike of pride. ,,Positive,,"Even though you are dissapointed, are you happy for your friend for getting the internship? ",Yes,No,https://drive.google.com/file/d/150nWk1prQq9oJWmSk7dkccM39fwteiCM/view?usp=sharing,1
32,Impact of Work ,"You're been spending a lot of time after school working at your part-time job. You’re begin to worry that working so much might affect your grades, but you don’t want to quit. You sit down to make a plan of how to balence everything, and feel secure in your ability to make it all work.  ",,Positive,,Will making a plan help you feel more secure about balancing work and school?,Yes,No,https://unsplash.com/photos/woman-in-front-on-brown-dining-table-and-chairs-inside-building-wVoP_Q2Bg_A,1
33,College Plans,"Someone asks about your college plans, and you hesitate before saying you’re not going. You brace for judgment. Then they just nod and talk about gap years, and you begin to feel relieved.",,Positive,,You think that not going to college...,Is the right path for you,Is something everyone will judge you for,https://unsplash.com/photos/a-group-of-people-sitting-on-a-couch-with-cell-phones-02laqlD12-k,1
34,Late Parents,"You are babysitting for your neighbors and you are working on homework after the kids have gone to bed. When you glance at the clock, you realize their parents are running late coming home, and you begin to wonder if something bad has happened. The more you think about it, the more you realize they are probably late. ",,Positive,,You think your neighbors are late because....,There is a lot of traffic,Something bad happened to them ,https://unsplash.com/photos/a-dining-room-with-a-table-chairs-and-bookshelves-CwnFt3y6jfg,1
35,Babysitting 3,"You are babysitting for a new family and one of their little kids won't stop crying. You feel yourself starting to panic, and you want to call the child's parents for advice, but you worry about ruining their evening. The parents will probably be understanding that you called to check-in. ",,Positive,,You think the parents will be...,Glad you called to check-in,Annoyed at you for ruining their night,https://unsplash.com/photos/boy-in-gray-and-white-striped-shirt-sitting-on-floor-WSWHjPGGEY4,1
36,Career Choice,"A teacher asks what career you’re aiming for, and your mind goes blank. You feel small and embarrassed. You remind yourself not knowing yet is normal. ",,Positive,,"When you think about your future, you feel like...",You'll figure out your path eventually,You'll never know what you want,https://unsplash.com/photos/she-is-s-o-smart-teenagers-students-sitting-in-the-classroom-raise-hands-portrait-of-student-girl-0lc8NEIfIJA,1
37,Customer Critique,"A customer criticizes your service during a busy shift, and you worry they think you’re bad at your job. You feel embarrassed. Then you remind yourself they’re probably just frustrated, and you start to feel forgiving. ",,Positive,,You think your job performance is generally...,Fine,Terrible,https://unsplash.com/photos/man-leaning-hand-on-table-looking-on-group-of-people-mQ0_MMw5qas,1
38,Guidance Counselor 3,"Your counselor calls you in to discuss scheduling for next semester and talk about future plans. You haven't thought much about what you want to do after college and your heart hammers as you walk towards his office. When you tell your counselor you feel unsure, you think he will be understanding. ",,Positive,,Will the counselor likely respond to the student's uncertainty with understanding?,Yes,No,https://unsplash.com/photos/woman-with-curly-hair-writing-at-desk-with-laptop-ypEXEEt6mUc,1
39,Post-Grad Plans 3,"You and your friends are seniors and getting ready to graduate next year. During lunch, someone asks what you’re doing after graduation, and you stumble over your answer. Your friends probably think its okay that you are still deciding. ",,Positive,,Is it likely that the friends think it's fine you are still deciding on your future?,Yes,No,https://unsplash.com/photos/a-group-of-women-sitting-at-a-table-eating-food-i2H2jf46Y5g,1
40,College FOMO,"Your friends are posting about college visits, and you feel like you're missing out because you're not following the same route. You think they might judge your choice. Then you remember that many people find success without a four-year degree, and you feel happier about your decision.",,Positive,,Do you end up feeling happier about skipping the traditional college route?,Yes,No,https://drive.google.com/file/d/1HjUTgOTx0y9zS0kXPDi8qXpA2u04zzXn/view?usp=sharing,1
41,Typo in Email 3,"You send an important email to your teacher. After hitting send you notice a small typo, and your stomach flips. You think about the possible consequecnes of making a typo in important emails, and think your teacher will be unbothered by the mistake. ",,Positive,,Will the teacher likely be bothered by the small typo in the email?,No,Yes,https://unsplash.com/photos/black-laptop-computer-3Mhgvrk4tjM,2
42,Missing Hangouts,"You realize you’ve been missing hangouts with friends because of your work schedule. You worry they’re upset with you. You remind yourself that true friends understand differing circumstances, and you feel satisfied with your choices.",,Positive,,Your friends are probably...,Understading of your circumstances,Angry at you for being flaky,https://unsplash.com/photos/man-wearing-white-sweatshirt-using-laptop-computer-sitting-on-sofa-chair-YcJupWm1PhQ,2
43,Forgetting Instructions,"You forget how to clock in on your first day. For a second, you feel embarrassed asking for help. The cashier shows you how without making it a big deal, and you feel relieved.",,Positive,,The cashier probably thinks you are...,Still learning,Incompetent,https://unsplash.com/photos/empty-brown-wooden-restaurant-table-with-chairs-1iTKoFJvJ6E,2
44,Work FOMO,"On your break, you scroll through group messages about a hangout happening tonight. You wonder how often work will keep overlapping with plans. When you think about creating future plans with friends, you feel confident they will understand your work schedule. ",,Positive,,You feel like having a job...,Is giving you money to spend on fun,Is ruining your social life,https://unsplash.com/photos/young-woman-looking-at-her-smartphone-with-colorful-background-TgdCXkQxrJ4,2
45,Allowance 3,"A group of your friends are talking about getting allowance from their parents. Your parents can't afford to give you an allowence, and you have to work a job after school to make money. Your friends proabbly think you are hard-working. ",,Positive,,"When you think about not getting an allowance, you feel...",Proud of your hard work,Bad about your family's resources,https://unsplash.com/photos/three-friends-sitting-outdoors-under-a-blue-sky-AxLTCqOvleE,2
46,Internship Talk,"Your friend talks nonstop about internships, and you can’t relate. You start to worry you’re unambitious. Then you remember your goals just look different, and you start to feel confident.",,Positive,,Talking to your friend makes you feel...,Impressed with their achievements ,Pressured to measure up,https://unsplash.com/photos/woman-in-white-tank-top-udoQCNjPDJE,2
47,Cleaning Up at Work,"You’re wiping down the counter near closing time, the smell of cleaner mixing with leftover food. You notice one spot you might have missed earlier and wonder if your manager noticed. You think your manager will appreiciate your efforts to clean up. ",,Positive,,Will the manager likely appreciate the effort put into cleaning the counter?,Yes,No,https://unsplash.com/photos/a-woman-is-cleaning-a-table-with-a-green-cloth-w1QXw3f1NAI,2
48,Juggling Responsibilities,"You’re juggling school and your part-time job, and it feels like you’re always behind. You worry you’ll never have time to relax. Then you remind yourself that balancing both is a learning curve, and things will improve with time. ",,Positive,,"When you think about your future, you think you will have...",A balenced life,No work life balence,https://unsplash.com/photos/woman-in-blue-denim-jacket-holding-white-paper-AZrBFoXP_3I,2
49,Adapting at Work,"You’re bagging items at the register while the receipt keeps printing longer than expected. The customer watches quietly, and you start wondering if something went wrong without you noticing. You think about addressing a possible concern, and feel prepared. ",,Positive,,You think the customer's silence is a sign of...,Distraction,Judgement,https://unsplash.com/photos/close-up-of-content-young-woman-paying-for-organic-products-with-wireless-card-at-farmers-market-BMCG89zjB54,2
50,Work Life Balence 3,You wake up exhausted after another night of studying after coming home from your part-time job and feel like you can’t do it anymore. You start to think you’re burning out. You remind yourself that rest is an important part of working hard. ,,Positive,,You think taking time to rest is...,Something that will help you in the long run,A sign of laziness,https://unsplash.com/photos/tired-young-asian-man-sleeping-on-bed-near-computer-laptop-VT4HInIgFS8,2
51,Volunteer Event 3,"You volunteer at an event at the place you want to work someday. You accidentally drop your backpack and your stuff spills everywhere. A few people glance over, and your cheeks burn. You think this type of mistake is forgiveable. ",,Positive,,You think this mistake will...,Be quickly forgotten,Run your changes of getting this job,https://unsplash.com/photos/a-person-standing-on-the-steps-with-their-luggage-frjMxSUdx1I,2
52,Scrolling On Break,"You sit in the break room scrolling through photos from a school event you skipped for work. You wonder how often you’ll be choosing one thing over another. You think about the free time you'll have in the future, and feel lighter. ",,Positive,,Do you end up feeling lighter about missing the school event for work?,Yes,No,https://unsplash.com/photos/woman-in-purple-and-black-stripe-long-sleeve-shirt-holding-blue-smartphone-X9ZIgLrwx-w,2
53,Lack of Experience,"You shadow someone in a field you might want to pursue. You're nervous you’ll seem inexperienced. Then you remember you’re there to learn, and you start to feel curious. ",,Positive,,Do you end up feeling curious rather than discouraged while shadowing someone?,Yes,No,https://unsplash.com/photos/man-wearing-white-and-black-plaid-button-up-sports-shirt-pointing-the-silver-macbook-y_6rqStQBYQ,2
54,Job Requirnments 3,"You scroll through job listings and notice how many mention a college requirement. You feel discouraged, thinking no one will consider you. You recall that listings also value experience and skills, and you start to feel encouraged.",,Positive,,Do you end up feeling encouraged after considering what job listings actually value?,Yes,No,https://unsplash.com/photos/woman-using-desktop-computer-0Vc8UJenzm0,2
55,Overwhelmed with Work 3,"You rush from your after-school job straight into homework. For a moment, you worry you can't keep up with everything. Then you remember you’ve handled busy weeks before, and you feel reassured.",,Positive,,Do you feel reassured about keeping up with homework and your job?,Yes,No,https://unsplash.com/photos/woman-in-blue-denim-jacket-holding-white-paper-AZrBFoXP_3I,2
56,Misread Scheduled,You realize halfway to work that you might have misread the schedule for this week. You think about showing up at the wrong time and how awkward that would feel. Your coworkers will probably be happy to see you. ,,Positive,,Showing up at the wrong time will make people think you are...,Dedicated,Weird,https://unsplash.com/photos/two-young-intercultural-colleagues-discussing-working-moments-while-moving-along-road-in-public-park-AO9h5jZ2DFY,2
57,Vocational Program,"You look into community college, but the cost still makes you nervous. You start thinking it might be too much and you’re not sure it’s worth it. Then you remind yourself that many courses offer financial aid or payment plans, and you feel reassured.",,Positive,,Do you end up feeling reassured about the cost of community college?,Yes,No,https://unsplash.com/photos/a-man-sitting-in-front-of-a-computer-monitor-HvuFQUUj7ys,2
58,Busy Calender,"You look at your calendar filled with practices, homework, and your part-time job after school. You start to think there’s no way to keep up. You remind yourself that it’s okay to slow down and set limits. ",,Positive,,Is it wrong for you to slow down and set limits on your schedule?,No,Yes,https://unsplash.com/photos/person-in-blue-denim-jeans-wKu5yvAT0bg,2
59,New Work Equiptment 3,"You learn how to use a new piece of equipment at your job. It feels complicated at first, and your coworker has to spend a long time teaching you how it works. Once you finally get it right on your own, you feel thrilled. ",,Positive,,You think your coworker is probably...,Glad that someone else knows how to use the tool,Annoyed at having to teach you,https://unsplash.com/photos/black-and-silver-coffee-maker-ftA71vetxuo,2
60,Manager Feedback 3,"You had a really long day at school and you are feeling tired during your part-time job. Afrer your shift, your manager gives quick feedback that this shift “wasn’t your best.” You manager probably thinks you are tired. ",,Positive,,Do you conclude that your manager thinks you are lazy?,No,Yes,https://unsplash.com/photos/young-african-american-saleswoman-weighing-lemons-in-bag-and-scanning-them-and-other-food-products-while-sitting-by-counter-322PADGm_0Q,2
61,Asking Work Question,"You ask a question at work, and your supervisor seems irritated with your uncertainty. You start to worry you’re annoying them. Then you remind yourself everyone needs clarification sometimes, and you start to feel confident. ",,Positive,,Asking questions while training is...,A neccesary part of learning,A sign of incompetence,https://unsplash.com/photos/young-african-american-saleswoman-weighing-lemons-in-bag-and-scanning-them-and-other-food-products-while-sitting-by-counter-322PADGm_0Q,all
62,Lifeguarding 3,"You are working your summer job as a lifeguard. Your manager tells you have to wear a new type of bathing suit that makes you feel uncomfortable. If you tell your managaer you don't want to switch suits, she will probably be understanding .",,Positive,,Will the manager likely be understanding about switching to a more comfortable bathing suit?,Yes,No,https://unsplash.com/photos/person-in-red-and-white-shirt-sitting-on-white-chair-G8GeO0UUsSU,all
63,Long Shift 3,You are working a long shift at your job and have started to lag behind on some orders. A customer snaps at you for being slow The customer is probably rushing. ,,Positive,,Is the customer likely just rushing rather than genuinely upset with you?,Yes,No,https://unsplash.com/photos/person-holding-tray-with-sliced-of-cake-and-water-p99Xa1uYUuk,all
64,Alone at Work,"You are the only person at your new workplace who doesn't go to the same high school. You want to befriend some of your coworkers, but worry that they already know each other and don't want to make friends. If you try to be friends with your coworkers, they will proabably accept you. ",,Positive,,"When you think about hanigng out with your coworkers, you feel...",Exctied to get to know them ,Anxious about how close they already are,https://unsplash.com/photos/closeup-of-a-woman-holding-a-bag-of-popcorn-and-handing-her-ticket-at-the-movie-theater-entrance-AvAljzMikUs,all
65,Feedback from Boss 3,"You are having a busy afternoon at work, and your boss gives you quick feedback that you weren’t expecting. You feel a small sting, wondering if you did something wrong. You think about how getting feedback at works means you are learning. ",,Positive,,Does getting quick feedback at work mean you are learning?,Yes,No,https://unsplash.com/photos/coworkers-are-chatting-during-a-break-at-the-office-I65354HRKFM,all
66,Earning Tips 3,"On your break, you count the cash tips you earned that shift. You think about how slow the amount feels compared to your effort. You consider how earning money takes time, and you feel proud of your effort. ",,Positive,,Do you end up feeling proud of your effort despite the small amount of tips?,Yes,No,https://unsplash.com/photos/focus-photography-of-person-counting-dollar-banknotes--8a5eJ1-mmQ,all
67,Supervisor Moving Fast,"During training, your supervisor moves on before you’re sure you understood everything. You wonder if you were expected to ask or just figure it out. You know learning isn’t always linear, and your supervisor will be unbothered by questions. ",,Positive,,Will the supervisor likely be bothered by your follow-up questions?,No,Yes,https://unsplash.com/photos/a-man-standing-in-a-kitchen-preparing-food-hM6MSq__M0Q,all
68,Supervisor Explanation,"During training at your part-time job, your supervisor explains something twice. You worry that needing repetition makes you look unprepared. You know learning curves look different for everyone, and asking for reminders is normal. ",,Positive,,Is it unusual to need something explained more than once during job training?,No,Yes,https://unsplash.com/photos/young-man-working-on-hir-laptop-while-he-is-talking-on-the-phone-in-the-office-gyEB4Jf0dAU,all
69,Busy Shift,"During a busy shift, your manager walks past and glances at your station without saying anything. You replay your last few tasks, unsure what they noticed. You remind yourself silence can mean many things, and you can't assume meaning.  ",,Positive,,Can you be certain that the manager's silence means something negative?,No,Yes,https://unsplash.com/photos/woman-in-black-crew-neck-t-shirt-standing-near-counter-NlcCPeKNmwg,all
70,Drive-Thru Mishap 3,"At the drive-thru window, you realize you handed out the wrong drink a minute ago. You picture the customer being annoyed or telling your manager. You remind yourself small errors happen during rushes, and the customer will be understanding. ",,Positive,,Will the customer likely be understanding about the mixed-up drink order?,Yes,No,https://unsplash.com/photos/smiling-man-in-car-accepts-food-delivery-bag-qfveq4WQCpA,all
71,Work Question 3,"At school one morning, someone asks how work has been going. You hesitate before answering, feeling awkward about having a job so young. You think your classmate will be interested in your job. ",,Positive,,Is the classmate likely to be interested in hearing about your job?,Yes,No,https://unsplash.com/photos/group-of-contemporary-schoolkids-with-backpacks-going-to-school-in-the-morning-iLzeDliQeNA,all
72,Job Interview 3,"You finish an important job interview and shut your computer. Right away, you start second-guessing everything you said. You think you might have sounded confident.",,Positive,,Mentally reviewing the interview will...,Not change the outcome,Make you feel better,https://unsplash.com/photos/macbook-pro-white-ceramic-mugand-black-smartphone-on-table-cckf4TsHAuw,all
73,Customer Clarification 3,"A customer asks for clarification on their order, holding the bag halfway open. You’re not sure whether they’re confused or just checking. You think questions don’t always mean problems, and feel calm as you ask them to clarify. ",,Positive,,Does the cashier end up feeling calm about the customer's question regarding the receipt?,Yes,No,https://unsplash.com/photos/close-up-of-content-young-woman-paying-for-organic-products-with-wireless-card-at-farmers-market-BMCG89zjB54,all
74,New Job Jitters 3,"It is the first day at your new job, Everyone seems to know where they’re going except you. Your coworkers probably think you are learning. ",,Positive,,Do the coworkers likely think the new employee is incompetent for not knowing their way around yet?,No,Yes,https://unsplash.com/photos/a-woman-arranging-flowers-in-a-flower-shop-iV9G3ipYOI8,all
75,Writing Resumé 3,"You'e looking forward to applying for jobs, but you are having trouble writing your first resumè. As you stare at the blank page, you worry that you don't have enough experiene to qualify for the jobs you want. You think your application will probably be appropriate. ",,Positive,,Will the resume likely be seen as appropriate despite your limited experience?,Yes,No,https://unsplash.com/photos/a-woman-sitting-at-a-table-with-a-laptop-Pc98wf-JaDw,all
76,Leading a Meeting 3,"You’re asked to lead a short team meeting at your job. Your stomach flips, worried you’ll forget what to say or get something wrong in front of everyone. Your coworkers will probably think you are doing fine. ",,Positive,,Will the coworkers likely think you did fine leading the team meeting?,Yes,No,https://unsplash.com/photos/close-up-of-hand-using-a-computer-S3tM3tGR_50,all
77,Searching for Jobs,"Your friends already have their first summer jobs lined up. You feel behind for not applying earlier. You think about sending in your applications, and you feel confident in your chances of getting hired. ",,Positive,,Do you end up feeling confident about your chances of getting hired?,Yes,No,https://unsplash.com/photos/two-girls-sitting-on-a-bed-with-a-laptop-and-headphones-DZ-sDIQ5HOo,all
78,Online Application 3,"You’re filling out an online application for a weekend job, and one question asks for “relevant experience.” You don't have many work experiences, and feel uncomfortable looking at your limited resume. The employers will probably think this is appropriate. ",,Positive,,Will employers likely see the limited experience as appropriate for a first weekend job?,Yes,No,https://unsplash.com/photos/woman-in-front-of-computer-monitor--4Gjsj47Yvc,all
79,FOMO From Work 3,"You get home from your job and see your friends posting about hanging out. You feel a flash of FOMO and wonder if you’re missing your “teen years.” Then you think about how everyone finds their own balance, and you feel content remembering you find time for what matters.",,Positive,,Do you end up feeling content despite missing time with friends?,Yes,No,https://drive.google.com/drive/folders/1hqA3AXPEiXTO6jdJodtghR3uuRiEIry5,all
80,Summer Job 3,"Most of your friends already have a job lined up for summer vacation. It's almost the end of the school year and you haven't even started applying. You think about the different types of jobs you could apply for, and you feel motivated. ",,Positive,,Do you end up feeling motivated to start applying for summer jobs?,Yes,No,https://unsplash.com/photos/hand-tearing-off-a-looking-for-a-job-flyer-hgS6qOi7iXk,all
81,Blank Resume 3,"You're staring at a blank résumé template for a school program. You can't think of anything impressive to add, and you assume it will look boring compared to everyone else’s. You pause and remember people often forget how ordinary their early résumés are. ",,Positive,,Is your resume unusually worse than everyone else's early resumes?,No,Yes,https://unsplash.com/photos/female-hands-typing-laptop-computer-showing-blank-screen-on-table-gjUdVok3hog,all
82,Future of Learning,"During class, the topic of future job skills comes up unexpectedly. You wonder whether what you’re learning now will actually matter later. You remind yourself learning continues after school is over. ",,Positive,,Does learning stop once someone finishes school?,No,Yes,https://unsplash.com/photos/girl-student-in-a-lesson-xzf4jHr_-Us,all
83,First Job 3,You start your first part-time job and make a small mistake on your first shift. Your manager sighs and looks annoyed but tells you that it's okay. They probably think you are learning. ,,Positive,,Is the manager likely to see the first-shift mistake as part of learning?,Yes,No,https://unsplash.com/photos/woman-preparing-a-food-over-the-counter-l4RY7bqtCOM,all
84,Highlight Reel 3,"You scroll through your feed and see everyone achieving things like getting into college and getting straight As in all their classes. You aren't planning to go to college next year, and you feel a pit of insecurity in your stomach. You wonder if you aren't as accomplished as your classmates. However, you also know that social media is a highlight reel that doesn't tell the whole story. ",,Positive,,"Does social media show the full, accurate picture of everyone's lives?",No,Yes,https://drive.google.com/file/d/1j398xd0pKqOdclqMBMPBc12LDtJo3wjI/view?usp=sharing,all
85,Mentor Doubts,"You volunteer to mentor younger students at your school. When you show up to the first meeting and hear other mentors introduce themselves, you feel unsure if you have enough to offer. You remind yourself that being present is important. ",,Positive,30,"When you think about being a mentor, you feel...",Excited,Inadequete ,https://unsplash.com/photos/two-people-sitting-on-the-ground-with-their-hands-open-boC7bLQWXW4,all
86,Job Envy,"You and your friend are competing for a summer job. The day of decisions arrives, and you feel a jolt of envy when you see your friend post that they got the job. The envy curdles to despair in your stomach, until you remind yourself that one opportunity doesn't define your path, and you start to feel hopeful.",,Positive,,Do you end up feeling hopeful about future opportunities after losing out on the job?,Yes,No,https://drive.google.com/drive/folders/1hqA3AXPEiXTO6jdJodtghR3uuRiEIry5,all
87,Overloaded Schedule,"You look at your calendar packed with practice, homework, and job stuff, and it feels like too much all at once. You want to cut down on your non-essential commitments, but you feel guilty for canceling. You think people will probably be understanding of your choice. ",,Positive,,Will people likely be understanding of you cutting back on some commitments?,Yes,No,https://unsplash.com/photos/person-about-to-write-on-notebook-f0WseEEDKv4,all
88,Acceptance Email,"Today, you will receive an important email. It will tell you whether you got accepted to or rejected from the job you really want to get. As you think about waiting for the email, you feel excited.",,Positive,,Do you end up feeling excited while waiting for the job decision email?,Yes,No,https://unsplash.com/photos/black-laptop-computer-3Mhgvrk4tjM,all
89,Late Night Homework 3,"You stay up late finishing an essay after work and still don't feel it’s perfect. Your thoughts start to spiral, asking if anything you do is ever good enough. You think this one essy is unlikley to determine your future achivement. ",,Positive,,Will one late-night essay likely determine your future success?,No,Yes,https://unsplash.com/photos/a-person-writing-on-a-laptop-A36fxINRd04,all
90,AI Anxiety 3,"A classmate claims AI will make most jobs disappear, and your stomach dips. You imagine having fewer options than you hoped for. You remember that new skills can be learned over time, and you feel grounded.",,Positive,,Do you end up feeling grounded about AI potentially changing the job market?,Yes,No,https://unsplash.com/photos/a-desk-with-a-keyboard-mouse-pens-and-sticky-notes-MBr7VQEOc-Y,all
91,College and Climate 3,"You and your friends are starting to talk about what you want to study in college. As you talk, you worry certain fields will be useless in a climate-shifting world. You remind yourself that careers adjust with changing conditions, and you feel exctied to pursue your interests. ",,Positive,,Do you feel excited to pursue your interests despite worries about a changing world?,Yes,No,https://unsplash.com/photos/person-writing-at-a-picnic-table-in-a-stone-courtyard-CsjVpeHwfi0,all
92,Birthday Party Conflict 3,"Your best friend is having her birthday party at the same time as you are scheduled to work. Although you want to celebrate your friend, you know you aren’t supposed to miss a shift, and you are feeling very torn. As you think about your decision, you admit that no matter what choice you make it is going to be okay. ",,Positive,,Is the outcome going to be okay no matter which choice you make about the party?,Yes,No,https://unsplash.com/photos/a-person-is-using-a-mobile-phone-2f_zK0ruzJE,all
93,Homework vs. Work,"You have a huge assignment due tomorrow and a long work shift scheduled tonight. You think about asking to change your shift because you feel overwhelmed, but the thought triggers a wave of guilt. Your manager will probably be understanding if you move your shift to finish your work. ",,Positive,,Will the manager likely be understanding about adjusting your work shift?,Yes,No,https://unsplash.com/photos/a-person-writing-on-a-notebook-with-a-pen-O04ybN0h1C8,all
94,Learning New Skills 3,"A coworker picks up a new skill faster than you. You suddenly wonder if you’re not as naturally talented. Regardless, you think that your progress will probably grow over time. ",,Positive,,Will your skills likely stay exactly the same over time instead of improving?,No,Yes,https://unsplash.com/photos/baseball-batter-swings-at-a-pitch-with-catcher-behind-fMwAsc13_gE,all
95,Manager Compliment,"A coworker gets complimented by your manager and you don’t. You feel a small sting and wonder if you’re being overlooked. You remind yourself that it's your managers job to attend to everyone on the team, and you feel steadier continuing work.",,Positive,,Do you end up feeling steadier about your place on the team?,Yes,No,https://unsplash.com/photos/a-group-of-young-women-standing-next-to-each-other-QS6jBrihCpc,all
96,Future of Learning,"During class, the topic of future job skills comes up unexpectedly. You wonder whether what you’re learning now will actually matter later. You remind yourself learning continues after school is over. ",,Positive,,Is learning something that stops once someone is out of school?,No,Yes,https://unsplash.com/photos/girl-student-in-a-lesson-xzf4jHr_-Us,all
97,Climate Futures 3,"As college discussions begin, you worry certain fields will be useless in a climate-shifting world. You imagine choosing the “wrong” path. You remind yourself that careers adjust with conditions. ",,Positive,,Do careers stay fixed regardless of changing conditions in the world?,No,Yes,https://unsplash.com/photos/person-in-red-shirt-wearing-black-and-gray-headphones-Y8TiLvKnLeg,all
98,Cleanup Event,"After a volunteer cleanup, dirt still under your nails, you sit in your car before driving home. The pride fades as you wonder whether a few trash bags mattered at all. You think small actions are still important when added together.  ",,Positive,,Are small actions like a volunteer cleanup meaningless when added together over time?,No,Yes,https://unsplash.com/photos/hands-planting-seedlings-in-garden-soil-q13Zq1Jufks,all
99,Financial Literacy,"You realize your best friend already knows how to budget and manage money. You still rely on your parents for help with your earnings. You remind yourself that independence comes in stages, and you feel patient with yourself.",,Positive,,Do you end up feeling patient with yourself about gaining independence?,Yes,No,https://unsplash.com/photos/a-person-holding-a-credit-card-in-front-of-a-machine-3YSDTzqnVtQ,all
100,Conversation Hitch,"Your mom pauses when you tell her what you want to do after graduation. You immediately think she disapproves. She might just be processing the idea, and you start to feel centered.",,Positive,,Do you end up feeling centered after telling your mom about your plans?,Yes,No,https://drive.google.com/file/d/1snzMHJMrGHilkI-kcQ-muzcq7HsBYx9P/view?usp=sharing,all