Scenario Number,Scenario Title,Scenario,Scenario Body 2 (Resilience Only) ,Valence,,Comprehension Question,Correct Response,Incorrect Response,Image,Letters Missing
1,Running the Mile 1,"It's a cold day, and you are outside jogging. Your heart starts to beat quickly a few minutes in. You decide that this feeling is scary. ",,Negative,,Do you decide that your racing heart while jogging is scary?,Yes,No,https://unsplash.com/photos/a-road-that-is-next-to-a-field-covered-in-snow-8H-nXQBgqb8,1
2,Birthday Party Conflict 1 ,"Your best friend is having her birthday party at the same time as your practice. Although you want to celebrate your friend, you know you aren’t supposed to miss practice, and you are feeling very torn. As you think about your decision, you admit that no matter what choice you make, you are going to disappoint. ",,Negative,,Do you believe you'll disappoint someone no matter what you choose?,Yes,No,https://unsplash.com/photos/a-person-is-using-a-mobile-phone-2f_zK0ruzJE,1
3,Coach Comments,"You're at after school volleyball practice. During practice, your coach corrects your form in front of everyone. You feel embarrassed that your coach corrected you in front of others. ",,Negative,,Are you feeling embarrassed that your coach corrected you in front of everyone?,Yes,No,https://unsplash.com/photos/yellow-and-white-volleyball-on-brown-sand-during-daytime-VDkRsT649C0,2
4,Sore Before Game,"You wake up sore before a competition. You start imagining the soreness holding you back, and worry you will underperform as a result. You start doubting yourself.",,Negative,,Are you feeling confident about your performance despite the soreness?,No,Yes,https://unsplash.com/photos/young-runner-having-an-accident-outside-in-spring-canola-field-EHyGGrY_hyU,2
5,Running Late 1,"You get stuck in traffic on the way to your competition, cutting your warm-up time in half. You start to panic, imagining you’ll be off your rhythm. You feel like the game will go badly. ",,Negative,,Do you feel like the game will go badly because of the shortened warm-up?,Yes,No,https://unsplash.com/photos/man-driving-a-car-wearing-wrist-watch-8e2gal_GIE8,2
6,Return to Venue,"You get news that you will be competing at the same venue where you lost a big competition last season. For a second, your stomach drops, and you worry history will repeat itself. Thinking about competing at that venue again makes you feel unsettled.",,Negative,,Does competing at that venue again make you feel unsettled?,Yes,No,https://unsplash.com/photos/a-soccer-field-with-empty-bleachers-on-a-cloudy-day-hfNsHnY5vjM,2
7,Forgot to Pack 1,"You and your teammates are traveling to a big competition. As you unpack your travel bag, you realize you forgot an important item. You think about borrowing it from a teammate, and feel anxious. ",,Negative,,Are you feeling relaxed about forgetting your important item?,No,Yes,https://unsplash.com/photos/a-person-packing-for-a-trip-eURH72BvZeg,all
8,Bad Ref Call,"The referee makes a call you completely disagree with. You feel your frustration spike, convinced it ruined your rhythm. You try to refocus and get back to your game, feeling distracted by the thoughts in your head. ",,Negative,,Do you feel distracted by your frustration with the referee's call?,Yes,No,https://unsplash.com/photos/man-pointing-his-finger-during-daytime-MgIPNC8TG1c,all
9,Past Mistakes,"On the sideline, you catch yourself replaying past mistakes instead of focusing on what's next. You worry that you’re sabotaging yourself. You feel stressed.",,Negative,,Do you feel stressed worrying that you're sabotaging yourself?,Yes,No,https://unsplash.com/photos/football-field-from-a-corner-view-1JHibeazpt8,all
10,Losing Team Spot,"Your coach mentions strict team cuts this season, and your chest tightens. You imagine your spot being at risk. The uncertainty sticks with you, and you feel uneasy.",,Negative,,Do you feel secure about your spot on the team?,No,Yes,https://unsplash.com/photos/a-man-and-a-woman-playing-tennis-on-a-tennis-court-oDlLU_1hZwM,all
11,Finishing Last 2,"Your sports team has a workout scheduled in place of regular practice. During the workout, you're the last one to finish the workout set. You worry everyone thinks you're too weak to belong on the team. ","You remind yourself that the hard work you're putting in will lead to improvement, and you feel proud of yourself for finishing the workout.",Resilience ,1,"When it comes to fitness, you think that...",Effort matters as much as gains,Effort isn't as important as outcomes,https://unsplash.com/photos/person-in-black-leather-shoes-standing-on-gray-asphalt-road-g_bglWB48JA,1
12,Ice Skating 2,"Your friend enjoys ice skating and convinces you to try it out. At the rink you put on the skates and step on the ice. You glide forward slowly at first, then faster, and think your chances of getting injured are high. ","You take a steadying breath, and remind yourself that as long as you are careful you will be safe. ",Resilience ,2,You think that ice skating is generally...,Safe,Dangerous,https://unsplash.com/photos/an-indoor-ice-rink-with-a-hockey-goal--ofOCf-jen4,1
13,Long Run 2,You finish a long run for gym class. You notice that your heart is racing very fast and your chest feels tight. You think you are about to panic. ,You decide to stay in the gym and breathe slowly. ,Resilience ,3,An increased heart rate is probably a sign of...,Physical exertion,A dangerous health issue,https://unsplash.com/photos/a-group-of-people-running-down-a-dirt-road-LyORqx-3O-c,1
14,Shaking Before Competition 2,You are at a big multi-sport competition. You feel your hands shaking before your event. You worry it means you’re unprepared. ,"You remember that nerves are normal when you care about something, and you start to feel grounded.",Resilience ,4,"When you think about competing in your event, you feel...",Motivated by excitement,Paralyzed by nerves,https://unsplash.com/photos/human-hand-qKspdY9XUzs,2
15,Running the Mile 2,"It's a chilly spring day, and you are out walking outside in the park, hitting the soccer ball around. As you pass by the trees, you feel increasingly stuffy and sore. You wonder if you are getting sick and start to feel anxious. ","You decide to take your allergey medicine when you get home, and feel relieved. ",Resilience ,5,You think physical senstations... ,Can have many different causes,Can only have one cause,https://unsplash.com/photos/woman-in-white-shirt-and-black-shorts-playing-soccer-0axqBrI8Or4,2
16,Teammates Whispering 1,"You are playing a tough sports game and take a second to breathe near the sidelines. As you catch your breath, you notice two teammates whispering on the bench. You immediatly assume they are talking about you, and feel panicked. ","A moment later, you realize there are a ton of different things they could be talking about, and you feel focused on the game. ",Resilience ,6,"When you think back on their conversation, you realize...",It is impossible to know what they were saying,They were definitley talking about you,https://unsplash.com/photos/green-and-white-stripe-pathway-fDmpxdV69eA,2
17,Teammate Praise,You assist your teammate on a game-winning goal. Your teammate gets praised by the coach while you don’t. You feel a small sting of jealousy. ,"You take a breath and remind yourself that their good performance doesn't mean you are less valuable, and you feel motivated continuing your training.",Resilience ,7,You think your coach is probably...,Satisfied with your performance,Dissapointed with your performance,https://unsplash.com/photos/basketball-player-sport-game-plan-tactics-concept-6QX5hQHREeA,2
18,Morning Before Competition,"You wake up sore before a big competition. You start imagining the soreness holding you back, and you feel discouraged. ","Then, you remember all of the times you’ve performed well despite discomfort, and you start to feel confident. ",Resilience ,8,"During the competition, think you will...",Be able to know your limits,Risk injuring yourself,https://unsplash.com/photos/young-runner-having-an-accident-outside-in-spring-canola-field-EHyGGrY_hyU,2
19,Athletic Futures 2,You aren't sure you will be able to play your sport in college. Thinking about life after your sport causes a tightness in your chest. Imaginig life without your sport makes you feel lost. ,"Then you remind yourself that identity grows and evolves over time, and you feel reassured that you'll be able to handle it when the time comes.",Resilience ,9,You think your sport is....,A part of your identity,Your entire identity,https://unsplash.com/photos/a-group-of-people-playing-a-game-of-field-hockey-vOI7ePr8Ttc,2
20,Pain During Warm-up,"You start a warm-up before your usual workout. You feel a tiny twinge where you used to be injured. Thinking your injury might be coming back, your chest tightens with worry. ","You take a deep breath, reminding yourself that you can trust your body.",Resilience ,,Have you lost trust in your body's ability to recover?,No,Yes,https://unsplash.com/photos/person-wearing-white-nike-sneakers-lWNpTN0ztZE,all
21,Making a Mistake,"You make a mistake during your game. As you trudge towards the sidelines for halg time, your coach sighs loudly. You think it’s because they’re disappointed in you. ","You then remember that frustration doesn’t always mean blame, and you feel steadier focusing on the next play.",Resilience ,10,You think your coach is probably....,Frustrated with the situation,Frustrated with you,https://unsplash.com/photos/a-couple-of-men-standing-next-to-each-other-Q1DDWFPu2Pw,all
22,Running Late 2,"You get stuck in traffic on the way to your competition. By the time you get to the competition, your warm-up time will be cut in half. Imagining your rhythm being disrupted, you start to feel anxious. ",You remember you’ve trained to adapt under pressure. ,Resilience ,,Are you feeling reassured that you can adjust to the shortened warm-up?,Yes,No,https://unsplash.com/photos/a-man-driving-a-car-down-a-street-next-to-a-traffic-light-DL2wAFAxIic,all
23,Corrected Form 2,"You are learning a tricky new skill during practice. At one point, your coach corrects your form in front of everyone. You feel embarrassed that your coach chose you to correct. ","You then think about how your coach was watching you and looking out for you, and you feel grateful.",Resilience ,,Are you feeling resentful that your coach corrected your form?,No,Yes,https://unsplash.com/photos/a-couple-of-men-standing-next-to-each-other-Q1DDWFPu2Pw,all
24,Lucky Charm,"As you start your warm-up, you realize you forgot your lucky charm. Your chest tightens, thinking you can’t play well without it. You feel panicked. ","You then remind yourself that your skills and preparation matter more than luck. Thinking about the real reasons behind your success, you feel excited to compete.",Resilience ,,"Are you feeling excited to compete, focusing on your real skills rather than the lucky charm?",Yes,No,https://unsplash.com/photos/sits-with-black-bag-and-preparing-for-the-game-african-american-man-plays-basketball-on-the-court-outdoors-MLXueqvapuw,all
25,Sports Game,"You have a sports game after school today, and both of your parents are attending. They're divorced, and they sometimes cause an embarrassing scene in public. During the game, you think about your parents fighting on the sidelines and feel a pulse of anxiety. ","You remember that you can't control your parents' behavior, and you feel focused. ",Resilience ,,Is it within your control how your parents behave at the game?,No,Yes,https://unsplash.com/photos/a-group-of-people-sitting-on-a-bench-under-an-umbrella-mqhfFuICdLU,all
26,Winded After Practice,"You get winded faster than usual at practice. You lean over, gasping for breathe on the sidelines. You begin to worry that you’re suddenly unfit. ","You remind yourself that everyone has off days, and you feel centered continuing your practice.",Resilience ,,Are you feeling centered as you continue your practice?,Yes,No,https://drive.google.com/drive/folders/1uRwPbAA8d2JKaKCMOAKMTcHNiy387Rdn,all
27,Cleared to Practice 2,"For the first time, you've been cleared to practice the movement that led to your injury. Initially you're excited, but when you go to execute the movement, memories of the moment you got injured flood back. You feel unsafe. ","You then recount all of the hard work you've put in to strengthen your body since the injury, and you continue your training with a greater sense of trust.",Resilience ,,Have you continued training with a greater sense of trust?,Yes,No,https://drive.google.com/drive/folders/1uRwPbAA8d2JKaKCMOAKMTcHNiy387Rdn,all
28,Volleyball Game 2,"During gym class, you get tired faster than usual. Looking around, you notice that others seem full of energy. You think your classmates will assume you’re out of shape and you feel a flash of insecurity. ","You consider that strength and fitness can vary based on a number of factors, and you feel forgiving towards your body. ",Resilience ,,Are you feeling harsh toward your body rather than forgiving?,No,Yes,https://unsplash.com/photos/a-couple-of-dumbs-sitting-on-top-of-a-white-floor-Sy1xs-O9eUI,all
29,Last Picked 2,"In PE class, two students are picking teams for a game. You stand and wait as your classmates are chosen one by one, and you end up being the last person picked. You feel your cheeks burn with shame. 
","When you think about it, you realize that most people were focused on themselves and probably didn't even notice, and you know you will still have a great time.",Resilience ,,Will you still have a great time despite being picked last?,Yes,No,https://drive.google.com/drive/folders/11erz7svhT8lBivklKfbquawegoQR5jNN,all
30,Mile Run 2,"In gym class today, you have to run a mile. In order to get a good grade, you have to complete the mile within 13 minutes. When you think about running the mile, you feel anxious. 
","You rememeber that no matter what happens, the run will eventually end. ",Resilience ,,Is there any chance the mile run will never end?,No,Yes,https://unsplash.com/photos/a-group-of-people-running-on-a-track--JN7mbAnROs,all
31,Quiet Drive Home,"After your game, your dad is quiet during the drive home. You assume he’s disappointed that your team lost. He might just be giving you space to cool off, and you start to feel better.",,Positive,11,You think your dad is...,Proud of your effort,Dissapointed in your loss,https://drive.google.com/file/d/1qvOcI_od_Q_vKVJIyGUloaGr0ALzkuY4/view?usp=sharing,1
32,Comment from Mom,"After your competition, your mom says, “You’ll do better next time.” You hear it as criticism at first, but then you realize she probably meant it kindly. You feel supported.",,Positive,12,You choose to interpret your Mom's words as...,Supportive,Unkind,https://drive.google.com/file/d/1-VeBBMpuCt7dpPm9IXFVo4un8loVpzGn/view?usp=sharing,1
33,Family Hike,"Your family goes on a weekend hike at a nearby trail. Early on, you start breathing harder than you expected, and your family slows down so you can catch up. You think your family will be accepting of your differences in pace. ",,Positive,13,"As you follow your family, you feel...",Happy to be exercising outside,Bad about your fitness levels ,https://unsplash.com/photos/retro-style-photo-of-group-of-mountain-trekkers-on-himalayan-forest-jCByLbEZHnU,1
34,Tough Loss,"You and your parent walk back to the car after a tough loss. Your parent is quiet on the drive home, and you slump into the car feeling like you ruined everything. You think your parents silence means they feel sympathy for you. ",,Positive,14,Your parents are probably trying to...,Give you space,Make you feel bad,https://unsplash.com/photos/cars-parked-in-parking-lot-CrU3lUW2jRk,1
35,Free Evening ,"You take a rare free evening to watch a movie. Halfway through, you start thinking you should be doing something productive. You remind yourself that downtime is essential for rest. ",,Positive,15,"Next time you have a free hour, you will....",Give yourself permission to relax,Feel guilty for wasting time,https://unsplash.com/photos/a-person-holding-a-cup-of-popcorn-in-their-hand-ZmS64mLkllg,1
36,Hiking with Friends,"While hiking uphill with your group, gravel shifts under your shoes and your pace slows. You notice others pulling ahead and start comparing your breathing to theirs. You remind yourself everyone handles climbs differently, and your effort matters. ",,Positive,16,You think comparing yourself to others is...,An unhelpful way of assessing your physical fitness,A helpful way of assessing your physical fitness,https://unsplash.com/photos/full-length-rear-view-of-young-people-in-warm-clothing-moving-up-while-hiking-together-in-the-woods-pF5YFjgcwls,1
37,Racking the Bar Early,"In the weight room, metal clanks and music hums in the background as you rack the bar earlier than planned. You wonder if stopping now says something about you. When you think about it, adjusting plans can mean listening to your body, and you feel at ease. ",,Positive,17,You think being able to listen to your body is...,A important part of training,Useless in training,https://unsplash.com/photos/black-and-gray-treadmill-near-white-wall-10_Bx7IJqGc,1
38,Turkey Trot,"At the turkey trot, you shuffle forward as the crowd thins and volunteers clap from the sidelines. You notice your pace slipping and wonder what your finishing time will say about you. You know races unfold differently than expected, and the specators are here to celebrate you. ",,Positive,,Will your finishing time define how the spectators see you?,No,Yes,https://unsplash.com/photos/a-large-group-of-active-multi-generation-people-running-a-race-competition-in-nature-1D74cZqY1lo,1
39,New Gym Machine,"At the gym, you try a new machine you haven’t used before. Midway through, your form feels off and you stop to reset. You remind yourself learning equipment takes time, and you feel understanding of your current skill level. ",,Positive,,Are you feeling understanding of your current skill level on the new machine?,Yes,No,https://unsplash.com/photos/people-in-a-room-with-a-black-table-and-chairs-fqMu99l8sqo,1
40,Reflection at Gym,"At the gym, you catch your reflection while struggling through the last reps. You wince at your red, sweaty face and wonder if others are noticing how hard it looks for you. You remind yourself that exertion is a sign of effort. ",,Positive,18,Other people in the gym are probably...,Focused on themselves,Paying attention to how you look,https://unsplash.com/photos/a-person-sitting-on-the-floor-with-a-pair-of-dumbs-nPHYVsl9mv4,1
41,Ice Skating 3,"Your friend enjoys ice skating and convinces you to try it out. At the rink you put on the skates and step on the ice. You glide forward slowly at first, then faster, and think your chances of getting injured are minimal. ",,Positive,,"Are your chances of getting injured ice skating minimal, in your view?",Yes,No,https://unsplash.com/photos/an-indoor-ice-rink-with-a-hockey-goal--ofOCf-jen4,2
42,Trampoline,"You're bouncing on your friend's trampoline. You have fun with your friends but also think about whether you'll get hurt. While bouncing up and down on the trampoline, you feel safe. ",,Positive,19,"When following basic precautions, using a trampoline is...",Generally a safe activity,Always a bad idea,https://unsplash.com/photos/a-little-girl-is-jumping-on-a-trampoline-WJvioCdP9XI,2
43,Flashing Back,"You go for a jump and land cleanly, but your mind flashes to the day you got injured. Fear grips you, waiting for pain. You remind yourself that you've trained safely and gradually, and you feel ready to continue.",,Positive,,Are you feeling unready to continue after the flashback?,No,Yes,https://unsplash.com/photos/all-weather-running-track-for-background-use-m8XrKi9vjnA,2
44,Tired During Workout,"You feel tired earlier in the workout than usual. You panic, thinking you’re losing progress. You remind yourself that training cycles have ups and downs, and your abilities are stable. ",,Positive,20,"When you prepare for your next workout, you will feel...",Energized ,Insecure,https://unsplash.com/photos/a-couple-of-dumbs-sitting-on-top-of-a-white-floor-Sy1xs-O9eUI,2
45,Ankle Pain,"While running laps, you feel a dull ache in your ankle that wasn’t there yesterday. You wonder if it’s the start of an injury or just something minor. You consider that bodies send unclear signals sometimes.",,Positive,,Are you certain the ankle ache is a serious injury?,No,Yes,https://unsplash.com/photos/pair-of-blue-and-white-adidas-running-shoes-XiZ7pRvCzro,2
46,Tired Finish,"In gym class, you finish the workout breathing harder than the people next to you. You wonder if it means you’re less fit than you should be. You consider that effort can look different from person to person, and you feel satisfied with your effort. ",,Positive,,Are you feeling satisfied with your effort despite breathing harder than others?,Yes,No,https://unsplash.com/photos/a-basketball-court-with-a-basketball-net-in-the-middle-of-it-hgnsJhlxkWI,2
47,Long Run 3,"You finish a long run for gym class. You notice that your heart is racing very fast and your chest feels tight. You really want to go to the bathroom so that you're away from your classmates, but decide to stay in the gym and breathe slowly, and you gradually feel better. ",,Positive,,Have you gradually started to feel better as you breathe slowly?,Yes,No,https://unsplash.com/photos/a-group-of-people-running-down-a-dirt-road-LyORqx-3O-c,2
48,Slow Mile Run,"Your whole class has to run the mile during gym class. As you are running outside in the crisp Fall air, you can't help but notice how much slower you are than the other people in your class. You think that the other people in the class are probably focused on their own performance and don't notice. ",,Positive,,"Are your classmates focused on how slow you are, in your view?",No,Yes,https://unsplash.com/photos/a-group-of-people-running-down-a-dirt-road-LyORqx-3O-c,2
49,Birthday Party Conflict 3,"Your best friend is having her birthday party at the same time as your practice. Although you want to celebrate your friend, you know you aren’t supposed to miss practice, and you are feeling very torn. As you think about your decision, you admit that no matter what choice you make it is going to be okay. ",,Positive,21,You think your best friend will be...,Forgiving towards you,Angry at you,https://unsplash.com/photos/a-person-is-using-a-mobile-phone-2f_zK0ruzJE,2
50,Lowering Weight,You’re lifting weights in the school gym and decide to lower the weight partway through your set. You wonder if people nearby are judging you for it. You think that adjusting weight is a necessary part of training. ,,Positive,,"Does lowering the weight make you look weak, in your view?",No,Yes,https://unsplash.com/photos/a-couple-of-dumbs-sitting-on-top-of-a-white-floor-Sy1xs-O9eUI,2
51,Running on a Treadmill,"You step onto a treadmill and the belt hums beneath your feet as numbers light up on the screen. You glance at the pace of the runner next to you and wonder if you should match it. You remind yourself the screen is just information, and comparison is unhelpful. ",,Positive,,Have you reminded yourself that comparing your pace to the runner next to you is unhelpful?,Yes,No,https://unsplash.com/photos/black-and-white-ip-desk-phone-on-brown-wooden-table-SAQNjlPX2Kc,2
52,Teammates Whispering 2,"You hear two teammates whispering on the sideline of your soccer game. You suddenly feel sure they’re talking about your performance, and you begin to feel self-conciouss. You then remember that they are close friends outside of your soccer team, and they are probably talking about something else. ",,Positive,,Have you remembered that your teammates are probably talking about something unrelated?,Yes,No,https://unsplash.com/photos/women-playing-soccer-on-green-field-during-daytime-TsYzva0e2pQ,2
53,Coming In Last,"You come in last during the mile run at school. You feel embarrassed and wonder if everyone sees you as weak.
No one says anything about it, and you decide that you are glad that you finished the run. ",,Positive,,Are you feeling ashamed that you finished last in the mile run?,No,Yes,https://unsplash.com/photos/all-weather-running-track-for-background-use-m8XrKi9vjnA,2
54,On A Jog,"While jogging past familiar houses, you notice a neighbor watching from their porch. Suddenly hyper aware of your body, you start questioning how your running looks from the outside. You think your neighbor is unconcerned with your running form. ",,Positive,22,"The next time you run in this area, you will be...",Focused on your run,Hypervigilant,https://unsplash.com/photos/a-street-lined-with-houses-and-trees-on-a-cloudy-day-qtk3riCYZbU,2
55,Stumbling During Workout,"The gym smells like rubber mats and sweat as you line up for timed sprints, your shoes squeaking on the floor. Halfway through, you stumble slightly and feel heat rush to your face, wondering if anyone noticed. You think your classmates are probably focused on themselves. ",,Positive,,"Did your classmates definitely notice you stumble, in your view?",No,Yes,https://unsplash.com/photos/woman-standing-surrounded-by-exercise-equipment-CQfNt66ttZM,2
56,Missing a Shot,"On your street’s cracked basketball court, a few neighbors are already playing when you show up with your ball. You miss your first shot and suddenly feel aware of who’s watching. You remind yourself pickup games are meant to be fun, and feel relaxed.",,Positive,23,"As the game goes on, you feel...",Excited about playing,Anxious about your mistake,https://unsplash.com/photos/a-basketball-ball-sitting-on-the-ground-in-front-of-a-fence-YQLKzW2eDU4,2
57,Asking for Equitment,"In the gym, you hover near a bench press while someone finishes their set. You debate whether asking to work in will make you seem awkward or inexperienced. You think asking is a normal part of shared spaces.",,Positive,24,The other person will probably be...,Understanding of your request,Annoyed by your ask,https://unsplash.com/photos/a-gym-with-a-mirror-and-exercise-equipment-7jtML28iEp0,2
58,Shaking Arms,"In gym class, the teacher calls out reps while the clock ticks loudly on the wall. Your arms start shaking earlier than you expected, and you wonder who might notice. You know effort doesn’t always look the same, and your classmates are probably thinking about other things. ",,Positive,,"Are your classmates probably focused on your shaking arms, in your view?",No,Yes,https://unsplash.com/photos/a-room-with-a-bunch-of-objects-on-the-floor-Eu3g3_I6nDk,2
59,Timed Run,"In gym class, everyone lines up for a timed run. When the whistle blows, you feel stiff and awkward starting out, and you wonder if others notice how uncomfortable you look. You decide that most people are focused on themselves. ",,Positive,,Have you decided that most people are focused on themselves rather than you?,Yes,No,https://unsplash.com/photos/man-in-black-t-shirt-and-black-shorts-running-on-road-during-daytime-J154nEkpzlQ,2
60,Missing a Catch,"During gym, you miss an easy catch. You imagine everyone’s laughing behind you. Then you notice people are just focused on the next play, so you begin to feel confident. ",,Positive,,"Is everyone laughing at you after the missed catch, in your view?",No,Yes,https://unsplash.com/photos/black-wooden-bench-on-green-grass-field-during-daytime-9f3ugLFUpOw,2
61,Comparing Pace,"During a neighborhood run, you fall into step behind someone who seems to glide effortlessly uphill. You start comparing their stride to yours and question whether you’re cut out for running events. You consider that their training level might be different than yours.",,Positive,,Might the other runner's training level simply differ from yours?,Yes,No,https://unsplash.com/photos/man-running-on-road-near-grass-field-mQVWb7kUoOE,all
62,Waiting for Bench,"At the gym, you wait for a bench while someone scrolls on their phone between sets. You feel torn between needing the equipment and not wanting to interrupt. You think they will be understanding if you ask to switch. ",,Positive,,Will the person at the gym probably be understanding if you ask to switch?,Yes,No,https://unsplash.com/photos/woman-uses-workout-app-while-preparing-for-a-workout--U8jKg4ktnw,all
63,New JV Team,"After a difficult try-out, you make the school's JV soccer team. You feel very proud of yourself, but also anxious that you won't fit in with the other people on the team, who are very popular. You think that they will probably think you belong on the team. ",,Positive,25,You think that belonging...,Is something that grows over time,Is decided right away,https://unsplash.com/photos/two-footballers-running-down-field-after-ball-v0iuGE1ixOQ,all
64,Messing Up the Play,"Your team is warming up for an important game. You keep messing up one specific play that you usually get right. If you mess up the play during the game, your team will probably be fine. ",,Positive,26,Making mistakes is...,A normal part of sports,A sign of weakness,https://unsplash.com/photos/a-person-tying-a-shoelace-on-a-grass-field-eG2kzwhquE8,all
65,Lifting Weights,"You’re lifting weights after school, surrounded by clanking plates and mirrors reflecting everyone’s movements. You notice someone nearby adding more weight than you and start wondering what that says about your own strength. You consider how weight training is a  process that is different for everyone. ",,Positive,,"Does lifting less weight than someone else mean you're weak, in your view?",No,Yes,https://unsplash.com/photos/person-about-to-lift-the-barbel-WvDYdXDzkhs,all
66,Getting Benched,"You’re benched after the first half of the game. You worry your coach is punishing you for a mistake you made a few minutes before the whistle. Then, you take a second to notice how tired and sweaty you are feeling, and realize your coach just wants you to take a rest. ",,Positive,27,You think your coach is trying to...,Support you,Punish you,https://unsplash.com/photos/sits-with-black-bag-and-preparing-for-the-game-african-american-man-plays-basketball-on-the-court-outdoors-MLXueqvapuw,all
67,Increased Appetite,You notice your appetite has increased a lot lately. You worry people will think you eat too much. You remind yourself that your body needs the fuel to grow.,,Positive,28,Getting adequete nutrition is...,A neccesary part of being an athlete,Not important for being an athlete,https://unsplash.com/photos/cooked-food-in-white-ceramic-plate-jVBpQ14LR_o,all
68,Calm Teammates,"You notice teammates laughing together during warm-ups, and none of them look nervous. You start to wonder what’s wrong with you. You remind yourself that everyone deals with nerves differently, and you feel your confidence grow a little. ",,Positive,29,You think athletic confidence...,Grows with time,Is a trait you're born with,https://unsplash.com/photos/man-in-brown-shirt-standing-in-front-of-swimming-pool-LO60jqL8jGA,all
69,Easy Shot,"You miss an easy shot during your soccer game and your coach sighs loudly. For a few minutes, you think it’s because they’re disappointed in you. You remind yourself that everyone makes mistakes, and your coach probably still thinks you are a good player. ",,Positive,,Does your coach probably still see you as a good player?,Yes,No,https://unsplash.com/photos/horizontal-image-of-soccer-ball-with-foot-of-player-kicking-it--BqStJQjREI,all
70,Loud Crowd,"You hear the crowd roar and your pulse suddenly jumps. You worry you'll let people down. You remind yourself that your skills don’t disappear just because eyes are on you, and you feel your focus return.",,Positive,30,You think that the crowd is here to...,Support your performance. ,Judge your performance,https://unsplash.com/photos/large-crowd-in-a-football-stadium-IQWHFTALOvA,all
71,Homework vs. Practice,"You have a huge assignment due tomorrow and a 2-hour practice with your team tonight. You think about skipping practice because you feel overwhelmed, but the thought triggers a wave of guilt. Your coach will probably be understanding if you miss practice to finish your work. ",,Positive,,Will your coach probably be understanding if you miss practice?,Yes,No,https://unsplash.com/photos/a-person-writing-on-a-notebook-with-a-pen-O04ybN0h1C8,all
72,Important Game,"You have a big competition coming up, and you know a good performance could have a big impact on your future in your sport. You start to think about what might happen if you don't perform well. You then remember how much you love the sport and how exciting it will be to play in such a high-pressure situation.",,Positive,,Are you feeling excited about competing in a high-pressure situation?,Yes,No,https://unsplash.com/photos/basketball-player-about-to-free-throw-6mRaiW6DDCM,all
73,Making Varsity,"You finally make varsity but feel awkward around older players. You worry you don’t belong yet. You remind yourself that with time, you will become comfortable.",,Positive,,"Will you never feel comfortable with the older players, in your view?",No,Yes,https://unsplash.com/photos/a-group-of-men-standing-next-to-each-other-nHHaV1wQEE0,all
74,Cross Country Cramp,"You are on the cross-country team and during a long run you feel an intense cramp in your side. You begin to feel anxious and wonder if you should stop in case something is wrong. As you run a bit farther, you remind yourself that getting cramps during long runs is a routine experience. ",,Positive,,Have you reminded yourself that cramps during long runs are a routine experience?,Yes,No,https://unsplash.com/photos/a-rear-view-of-large-group-of-people-cross-country-running-in-nature-at-sunset-qzpZFS4vJXM,all
75,Forgot to Pack 3,"You and your teammates are traveling to a big competition. As you unpack your travel bag, you realize you forgot an important item. You think about borrowing it from a teammate, and feel relieved. ",,Positive,,Are you feeling indifferent about forgetting your important item?,No,Yes,https://unsplash.com/photos/a-person-packing-for-a-trip-eURH72BvZeg,all
76,Tryout Anxiety,"Tryouts are crowded and everyone is waiting their turn on the sideline. Your heart is racing as you watch dozens of people perform confidently. When you think about going up to take your turn, you feel confident in your abilities. ",,Positive,,Are you feeling confident in your abilities as you wait for your turn?,Yes,No,https://unsplash.com/photos/a-group-of-young-women-playing-a-game-of-volleyball-WmdH5Tmn1ac,all
77,Sore Knee,"Practice has been intense all week with longer drills than usual. During practice, you notice your knee feels slightly sore while running drills. The thought of getting injured makes you feel cautious. ",,Positive,,Are you feeling cautious about the possibility of injury?,Yes,No,https://unsplash.com/photos/unrecognizable-active-senior-runner-outside-in-field-man-with-injured-knee-close-up-green-sunny-summer-nature-Me4tWAIh_DM,all
78,Slower Time,"On the track, the sun is setting and the lanes blur slightly as you round another curve. Your time is slower than last week, and the number sticks in your head. You remind yourself numbers don’t tell the whole story, and you feel encouraged by your effort. ",,Positive,,Is a single slower time the whole story about your performance?,No,Yes,https://unsplash.com/photos/unrecognizable-active-senior-runner-outside-in-field-man-with-injured-knee-close-up-green-sunny-summer-nature-Me4tWAIh_DM,all
79,Shaky Muscles,"Near the end of your workout, your muscles feel shaky and tired. You debate whether stopping early means you didn’t try hard enough. You consider that listening to your body is part of training, and you feel satisfied with your workout. ",,Positive,,Are you feeling satisfied with your workout after listening to your body?,Yes,No,https://unsplash.com/photos/a-group-of-people-doing-yoga-in-a-park-4PX4J1Y6m7g,all
80,Coach Feedback,It’s a regular afternoon practice with multiple drills running at once. You hear your coach calling out feedback to other players but not to you. His lack of feedback makes you feel confident in your abilities. ,,Positive,,Are you feeling discouraged by your coach's lack of feedback?,No,Yes,https://unsplash.com/photos/woman-in-black-and-white-soccer-jersey-kicking-soccer-ball-on-green-field-during-daytime-5yNJx9NO3Yc,all
81,Workout Comparison,"In the locker room, teammates talk about an extra workout you didn’t go to. You wonder if that means you’re not doing enough. You remind yourself effort looks different for everyone, and feel satisfied with your choice. ",,Positive,,Are you feeling satisfied with your choice not to attend the extra workout?,Yes,No,https://unsplash.com/photos/a-room-filled-with-lots-of-mail-boxes-NktrKWXnkUs,all
82,Cleared to Practice 3,"For the first time, you've been cleared to practice the movement that led to your injury. Initially you're excited, but when you go to execute the movement, you're terrified by memories of the moment you got injured. You recount all of the hard work you've put in to strengthen your body more since then, and you continue your training with a greater sense of trust.",,Positive,,Have you continued training with a greater sense of trust despite the fear?,Yes,No,https://unsplash.com/photos/four-men-playing-double-tennis-during-daytime-Z4Sxy1_3wdY,all
83,Cold Run,"During warm-ups outside, cold air hits your lungs and your legs feel heavier than usual. You wonder if your body is trying to tell you something before practice really starts. You consider that some days just feel different and you are probably okay. ",,Positive,,"Is something seriously wrong with your body today, in your view?",No,Yes,https://unsplash.com/photos/young-couple-jogging-outside-in-sunny-winter-mountains-pyJMLqO00Xs,all
84,Watched by Coach,"During practice, the coach watches you closely during several drills without saying anything. You start to wonder if they’re noticing problems you can’t see yet. When you think about it, watching sometimes means you are doing well. ",,Positive,,Might your coach's attention mean you're doing well?,Yes,No,https://unsplash.com/photos/man-in-blue-crew-neck-t-shirt-standing-on-track-field-during-daytime-v0H-vn0BixI,all
85,Corrected Form 3,"During drills, your coach corrects your form twice in a row. You start to wonder if you’re falling behind compared to others. You consider that corrections can mean attention, not failure, and you feel happy with your coach. ",,Positive,,Are you feeling like you're falling behind because of the corrections?,No,Yes,https://unsplash.com/photos/man-and-woman-standing-on-field-nKcx6jbFE-A,all
86,Timed Sprint,"During a timed sprint at practice, you feel your legs tighten halfway through the run. You wonder if that means you’re about to get injured. You remind yourself your body often feels strange under pressure, and you shake off the thought. ",,Positive,,Have you shaken off the worry about your tightening legs?,Yes,No,https://unsplash.com/photos/100-meter-dash-lane--gjHizUfFlM,all
87,Missing a Pass,"During a scrimmage, you miss a pass and the play moves on quickly. You worry that mistake stood out, and wonder if your teammates are mad at you. You remind yourself games move quickly, and one mistake has minimal impact. ",,Positive,,Have you reminded yourself that one mistake has minimal impact on the game?,Yes,No,https://unsplash.com/photos/horizontal-image-of-soccer-ball-with-foot-of-player-kicking-it--BqStJQjREI,all
88,Hesitating In Game,"During a competition, you hesitate before making a move and miss the chance. You wonder if your teammates noticed the hesitation more than the outcome. You consider that your teammate probably moved on from the moment fast. ",,Positive,,"Are your teammates still focused on your hesitation, in your view?",No,Yes,https://unsplash.com/photos/a-softball-player-throws-the-ball-during-a-game-SxSmVz4De4E,all
89,Dropping the Ball,"During a scrimmage, the ball slips through your hands and bounces away across the court. You catch a quick glance from a teammate on the sidelines and feel your stomach drop. You admit that eye contact can be accidental. ",,Positive,,Could the glance from your teammate have been accidental?,Yes,No,https://unsplash.com/photos/orange-basketball-on-brown-wooden-floor-u_yi-1kUh2o,all
90,Eye Contact,"Before a game, your coach gives a short talk but avoids making eye contact with you. You start to worry that you’re already on their radar for the wrong reasons. You think your coach is avoiding eye contact because he is distracted. ",,Positive,,"Is your coach avoiding eye contact because he's upset with you, in your view?",No,Yes,https://unsplash.com/photos/a-man-standing-next-to-another-man-on-a-field-8y8OJiuQkCI,all
91,Nerves Before Game,"Before a game, you sit quietly tying and retying your laces while teammates joke nearby. You feel a tight buzz in your chest and wonder if they feel it too. You think nerves mean you are excited for the game. ",,Positive,,Are you interpreting your nervous buzz as excitement for the game?,Yes,No,https://unsplash.com/photos/unrecognizable-fit-african-sportswoman-tying-shoelaces-on-sneakers-close-up-AF8vED9zvCg,all
92,Finishing Last 3,"At swim practice, you’re the last one to finish the set. You worry everyone thinks you're too slow to belong on the team.
You take a moment to remind yourself that even if you aren't the fastest, you made it onto the swim team for a good reason. ",,Positive,,Have you reminded yourself that you made the team for a good reason?,Yes,No,https://unsplash.com/photos/man-in-swimming-pool-during-daytime-_8B2XyVSJIQ,all
93,Subbed Out,"At a game, you’re subbed out earlier than you expected. You wonder if the coach wasn’t happy with how you were playing. When you think about it, you admit substitutions are often about timing. ",,Positive,,"Was the coach unhappy with your play, in your view, when they substituted you?",No,Yes,https://unsplash.com/photos/women-playing-soccer-on-green-field-during-daytime-TsYzva0e2pQ,all
94,Slow Paced Run,"As you cool down after a run, your watch shows a slower average pace than usual. You start wondering if today’s run signals a setback. You remind yourself days vary for reasons you can’t always see, and you feel happy with your run. ",,Positive,,Are you feeling happy with your run despite the slower pace?,Yes,No,https://unsplash.com/photos/a-person-holding-a-smart-watch-in-their-hand-Rtp3qTAUe0U,all
95,Aching Legs,"After practice, sweat cools on your skin as you sit on the bench unlacing your shoes. Your legs ache in a deep, unfamiliar way, and you wonder how tomorrow will feel. You consider that recovery isn’t always predictable.",,Positive,,Is your recovery expected to follow a perfectly predictable pattern?,No,Yes,https://unsplash.com/photos/a-person-tying-a-pair-of-tennis-shoes-QeypMGIi8KU,all
96,Learning New Skills 3,"A teammate picks up a new skill faster than you. You suddenly wonder if you’re not as naturally talented. Regardless, you think that your progress will probably grow over time. ",,Positive,,Will your progress probably grow over time?,Yes,No,https://unsplash.com/photos/baseball-batter-swings-at-a-pitch-with-catcher-behind-fMwAsc13_gE,all
97,Coach Compliment,"A teammate gets complimented by the coach and you don’t. You feel a small sting and wonder if you’re being overlooked. You remind yourself that it's your coach's job to attend to everyone on the team, and you feel steadier continuing practice.",,Positive,,Are you feeling steadier continuing practice after the compliment to your teammate?,Yes,No,https://unsplash.com/photos/a-group-of-young-women-standing-next-to-each-other-QS6jBrihCpc,all
98,Sibling Sports Skill,"Your sibling plays on several different sports teams at your school. You've never been good at sports, and sometimes feel embarassed that your sibling is more athletic than you. You remember it is okay for siblings to have different skills. ",,Positive,,"Is it wrong for siblings to have different skills, in your view?",No,Yes,https://unsplash.com/photos/two-people-watch-a-baseball-game-from-a-grassy-hill-NSN01H0MYQ8,all
99,Tired at Dinner,"You're at a family dinner, barely able to lift your fork after workouts and studying. You start thinking that everyone else handles their life better than you do. Then, you think about how much you're managing, and realize your family is probably impressed with you.",,Positive,,Have you realized your family is probably impressed with how much you're managing?,Yes,No,https://unsplash.com/photos/a-close-up-of-a-plate-of-food-on-a-table-PBge0__1Pd8,all
100,Stuck in Traffic,You and your dad are stuck in a lot of traffic on the way to your sports game. Your dad seems really irritated and keeps making comments about wasted time. You think he is upset with the situation. ,,Positive,,"Is your dad upset with you rather than the traffic, in your view?",No,Yes,https://drive.google.com/file/d/1qvOcI_od_Q_vKVJIyGUloaGr0ALzkuY4/view?usp=sharing,all