Scenario Number,Scenario Title,Scenario,Scenario Body 2 (Resilience Only) ,Valence,,Comprehension Question,Correct Response,Incorrect Response,Photo link,Letters Missing
1,Crush's Selfie 1,"Your crush posts a selfie with someone else, and you start to wonder if they like that person more than you. You feel a bit jealous.",,Negative,,Does jealousy linger after you log off?,Yes,No,https://drive.google.com/drive/folders/1hqA3AXPEiXTO6jdJodtghR3uuRiEIry5,1
2,Flirty Comment,You see the person you’re talking to leave a kind of flirty comment on someone else’s post. You start to wonder if their interest in you is fading. It leaves you feeling replaced.,,Negative,,Are you worried about being replaced? ,No,Yes,https://drive.google.com/file/d/1OgNZU4EM4dRDjvlkwA0NEYsE4WmCyTdk/view?usp=sharing,1
3,Crush Viewing Story,"You post something on your feed, but your crush doesn’t like it even though they are online. You start to think maybe they’re not interested in you. You feel discouraged.",,Negative,,Are you left feeling discouraged?,Yes,No,https://drive.google.com/drive/folders/1hqA3AXPEiXTO6jdJodtghR3uuRiEIry5,2
4,Friend's New Partner,"You notice a friend posting a ton of pictures with their significant other, and you wonder if you’ll ever have that kind of relationship. You start to feel like there’s something wrong with you. It leaves you feeling a bit unloved.",,Negative,,Do you think something is wrong with you? ,Yes,No,https://drive.google.com/file/d/1c2c7mWo959a4wMvYouYRZ2dLefiOUihe/view?usp=sharing,2
5,Valentine's Day Post,"The person you're dating doesn’t post you on Valentine’s Day, even though all your friends got posted. You start to worry they’re not as excited about you. It leaves you feeling unvalued.",,Negative,,Do you think your significant other is neglecting you?,Yes,No,https://unsplash.com/photos/a-person-laying-in-bed-with-a-cell-phone-hMOP2AIIMbk,2
6,Missed Call from Crush 1,"You miss a call from your crush. Heart racing, you call them back, but it it goes to voicemail. You think your chances with your crush are low. ",,Negative,,Are your chances with your crush good?,No,Yes,https://unsplash.com/photos/top-view-of-young-female-hands-using-smartphone-while-sitting-in-workplace-CvhjOTrsZHg,2
7,Relationship Disclosure,You’ve been dating someone for a while and think about telling them this is your first real relationship. You worry they’ll think you’re inexperienced. It leaves you feeling self-conscious.,,Negative,,Do you feel insecure about how many people you've dated? ,Yes,No,https://unsplash.com/photos/closeup-of-multicultural-couple-holding-hands-tEsAHp-G-p0,all
8,Words of Affirmation,You’re thinking about saying “I really like you” but freeze before the words come out. You worry you’ll make things awkward. It leaves you feeling uncertain.,,Negative,,Do you worrry about making things awkward? ,No,Yes,https://unsplash.com/photos/a-pair-of-people-holding-hands-Jz_VL5AqNZ0,all
9,Uncertain Relationship,"You bring up the idea of going on a real date somewhere nice to the person you're dating, and they say they’re “not sure” without explaining why. You start worrying they don’t want to put in the effort. It leaves you feeling unwanted.",,Negative,,"In the end, do you feel wanted and secure?",No,Yes,https://drive.google.com/file/d/12CZXQYEu1QZJWKlF3HFDbxr7HIF1jgHQ/view?usp=sharing,all
10,Making New Plans,"You ask the person you're seeing if they want to make plans next weekend, and they say they’ll “let you know.” You start to worry you’re not that important to them. It leaves you feeling uncertain.",,Negative,,Are you worried about how this person feels about you? ,No,Yes,https://drive.google.com/file/d/1dW7mXKxz_vC-bIXSrN5z6Xdqk6pbxIcG/view?usp=sharing,all
11,Friend Anniversary 2,"Your friend is celebrating their anniversary with their significant other and texts you a cute picture. Seeing the picture makes you think about how you've never been in a real relationship before. You imagine yourself celebrating an anniversary with your own significant other one day, and you feel dejected.","You remind yourself that many people don’t find their significant other at this age, and you feel hopeful thinking about who you might meet in the future.",Resilience ,,Do you end up feeling hopeful about meeting a significant other in the future?,Yes,No,https://drive.google.com/file/d/1bB1nXIMZX6KcFunshJjenZ48SmGpaGRJ/view?usp=sharing,all
12,Sending Videos,You send your crush a funny video and they don’t respond. A few hours later you see them posting on their Snapchat story. You start wondering if they are bored of you.,"You remind yourself that online activity can be confusing, and you find yourself anticipating your crush's response. ",Resilience ,,Silence is usually a sign of...,Distraction,Rejection,https://drive.google.com/file/d/1eUJDTt1NTFghFyqpLFZQT6RBz4lebL1A/view?usp=sharing,1
13,Sending a Selfie 2,"You send a selfie to the person you’re talking to. They react with a simple emoji instead of words. You start overanalyzing whether they actually liked it, and you begin to feel anxious. ","You remind yourself that people communicate differently, and your crush may have meant something different. ",Resilience ,,People might send an emoji beacuse...,They think it's funny,They are bored of you,https://drive.google.com/file/d/11D9o2d4LwRTCb5S7-xVKhMTVE0CatlmQ/view?usp=sharing,1
14,Crush Heart React,"You message your crush on Instagram. They react with a heart emoji instead of an actual answer. Your heart races, and you wonder if they find you boring. ","You remind yourself that people react to messages differently, and you feel comfortable with your crushes' response. ",Resilience ,,Do you think your crush is bored of you? ,No,Yes,https://drive.google.com/file/d/1FFA4iEYuQbVSzxA-R7KOpexHeWFAQO5F/view?usp=sharing,1
15,Posting Post Breakup,"You check Instagram after a tough breakup. You notice your ex posting smiling selfies and funny memes like everything’s fine. You wonder if you were the only one who ever cared, and you feel crushed. ","You remind yourself that people often post to distract or hide pain, and you feel understanding. ",Resilience ,3,"When you think back on the relationship, you feel like...",Your ex probably cared about you,Your ex probably never cared about you,https://drive.google.com/drive/folders/1hqA3AXPEiXTO6jdJodtghR3uuRiEIry5,2
16,Crush Liking Posts 2,"You are scrolling social media one night, and see your crush made a new post. Your heart plummets when you see they posted a picture with someone else. You start to wonder if they like that person more than you and you feel a bit jealous. ",You remind yourself that relationships are complex and assumptions are unhelpful. ,Resilience ,,Did your jealousy about the other person turn out to be justified?,No,Yes,https://drive.google.com/file/d/1c2c7mWo959a4wMvYouYRZ2dLefiOUihe/view?usp=sharing,2
17,No Relationship Yet,"Someone you know sends a photo with their new boyfriend. You've never had a boyfriend, and you start to wonder if you’re missing out on something important. You think about being left behind your peers and feel uncomfortable. ","You remind yourself that relationships come when the time is right, and you feel excited for the future. ",Resilience ,,Are you exctied about dating in the future? ,Yes,No,https://drive.google.com/file/d/1bB1nXIMZX6KcFunshJjenZ48SmGpaGRJ/view?usp=sharing,2
18,Solo Prom 2,Your classmates are planning for prom dates and talking about outfits. You don’t have a date yet. The thought of going alone makes you feel awkward. ,"You remind yourself that you can still enjoy the night even if you have a different experience than your friends, and you feel anticipation. ",Resilience ,,"When you think about going to prom, you feel...",Excited to choose an outfit,Awkward about going solo ,https://unsplash.com/photos/five-young-people-gathered-around-a-blue-table-with-drinks-Si_z7H-5RbE,2
19,New Outfit,"You wear a new outfit to school that you spent a while planning. When you get to school, the person you’re dating doesn’t say anything. Their lack of attention makes you feel rejected. ","You remind yourself that they could have just forgotten to say something, and you find yourself feeling confident in how you look. ",Resilience ,,"Next time you see your partner, you will....",Ask if they like the outfit,Give them the silent treatment,https://unsplash.com/photos/student-raises-hand-in-a-classroom-during-a-lesson-bm_fLueBnCg,2
20,Hallway Chat 2,"You walk into a busy hallway after math class. Right away, you spot your crush talking closely with someone at their locker. You immediately wonder if they’re flirting, and you feel a spike of jealousy. ","You take a deep breath, and consider that your crush is a friendly person. ",Resilience ,,Is your crush definitley flirting with the person at the locker? ,No,Yes,https://unsplash.com/photos/a-group-of-women-walking-down-a-flight-of-stairs-cGNpbbdNATU,2
21,No Eye Contact,"You spot your crush in the hallway. They pass you without making eye contact, You immediately assume your crush is upset with you. ","You remind yourself there could be dozens of explanations for your crush's behavior, and you feel pacified. ",Resilience ,6,You think your crush didn't make eye contact because...,They are deep in thought,They are ignoring you,https://unsplash.com/photos/a-woman-standing-in-front-of-a-black-box-aBKkvT7tfW4,all
22,Prom Date 2,"You and your prom data are having a great time on the dance floor. During a break, your prom date steps away to talk to someone from their math class for a few minutes. You assume you’re boring them so you feel insecure. ","You consider they might simply be catching up with someone they haven’t seen in a while, and as you watch them talking you feel calm. ",Resilience ,7,"When you prom date steps away, you feel...",Excited to talk to your friends,Neglected by your date,https://unsplash.com/photos/woman-in-white-sleeveless-dress-kissing-man-in-blue-dress-shirt-rQg7IbqMVXg,all
23,No First Kiss 2,"You and your friends are chatting about dating and relationships. You realize you had your first kiss before a lot of your friends, and you start to worry that people think you're too promiscuous. The thought makes you uncomfortable. ","You then think back on the moment and how you enjoyed it, and you feel confident in your choices. ",Resilience ,8,You think your friends see your first kiss as a sign that you're...,Just a little ahead of them on your own timeline.,Too promiscuous,https://unsplash.com/photos/a-group-of-young-high-school-students-standing-near-locker-in-campus-hallway-talking-during-break-T_0O6GnAq4E,all
24,Laughing at Lunch 2,"At lunch, the person you’re dating laughs with someone you don’t know. As you sit down next to them, your date doesn’t introduce you to their friend. You worry they like that person more, and you feel rejected. ","You remind yourself that people get distracted in conversation, and you feel secure in your relationship. ",Resilience ,9,You think your partner didn't introduce you because...,They got caught up in the conversation and forgot.,They like that person more than you.,https://unsplash.com/photos/group-of-clever-college-student-standing-by-programmer-in-front-of-laptop-helping-them-to-find-information-for-seminar-S14Fgg0ClCc,all
25,Waving at Crush,"You walk into class and spot your crush across the room. You wave at them, but they don't look up from their phone. You start thinking they’re ignoring you, and you feel insecure. ","You remind yourself that people get absorbed in their screens, and your crush is probably distracted. ",Resilience ,10,Your crush probably didn't look up because...,They were caught up in whatever was on their phone.,They're ignoring you on purpose.,https://unsplash.com/photos/a-man-sitting-at-a-table-looking-at-his-cell-phone-mZoaktrJc1I,all
26,Painful Breakup,"You are laying in bed after a crushing breakup. Your heart feels ripped in half. When you think about dating again in the future, it feels impossible. ","You remind yourself that healing can take time, and you feel accepting of your feelings. ",Resilience ,,Does accepting your feelings improve your mood?,Yes,No,https://unsplash.com/photos/man-using-mobile-phone-while-covering-his-body-of-blanket-iF8sPfprfWY,all
27,Upcoming Prom 2,"All of your friends are getting excited about the upcoming prom. You feel uncomfortable, as you still haven’t asked anyone because you kept hesitating. You assume people will think you weren’t wanted as a date so you feel rejected. ","You consider that lots of people go with friends instead, and feel happy with either option. ",Resilience ,,Would you feel okay going with friends? ,Yes,No,https://unsplash.com/photos/group-of-clever-college-student-standing-by-programmer-in-front-of-laptop-helping-them-to-find-information-for-seminar-S14Fgg0ClCc,all
28,Mistaken Wave 2,"Someone you like waves at you from across the room during lunch. Thinking they are waving at you, you wave back, but they point to a person behind you. You feel a burning rush of embarrassment and worry that you came across as weird. ","You remind yourself that awkward moments happen to everyone, and you can handle the brief discomfort. ",Resilience ,,Does the incident stick with you throughout the day? ,No,Yes,https://stockcake.com/i/school-cafeteria-lunch_1181082_952678,all
29,Valentine's Day,"At school on Valentines day, you see couples posing for matching photos. You are single, and begin to feel anxious that you'll never be in a relationship. Thinking about the future, you feel discouraged.","Later, you consider that most people meet their significant other after high school, and you come away feeling hopeful.",Resilience ,,Do you feel hopeful about meeting someone in the future? ,Yes,No,https://unsplash.com/photos/a-hand-holding-a-phone-C1o3ay5et5M,all
30,Academic Insecurity,"You get a C on an exam in math class. As you scan through the test, you wonder what your new girlfriend will think of your grades. You imagine talking to her about it, and feel you will be supported by her. ",,Positive,,You imagine your girlfriend will react to your grade by...,listening and helping you make a plan to improve.,judging you for not being smart enough.,https://unsplash.com/photos/a-man-sitting-at-a-desk-with-a-notebook-in-front-of-him-SjCIQldQTsE,all
31,Cancelling Plans,You cancel plans to finish an important project for school.. The person you're dating just replies “ok.” You think their short response means they are unconcerned with your chouce. ,,Positive,,You assume your partner's short reply means they are...,busy and didn't have much to say right then.,annoyed and upset with your choice.,https://drive.google.com/file/d/1M3KH8023dKaeG81rnmSiSNO-GQEg1f_l/view?usp=sharing,1
32,Focusing on Finals ,"You and your partner have been dating for a few months and see each other almost every day. Out of nowhere, your partner suggests taking a week to “focus on finals.” Their choice leaves you feeling proud. ",,Positive,,Your partner's request for space probably means they...,want to do well on their finals and stay focused.,are losing interest in the relationship.,https://unsplash.com/photos/man-and-woman-sitting-while-using-macbook-pro-iO2d-KYp5JU,1
33,Forgetting to Text,"After a late practice, you forget to text goodnight to the person you're talking to,. You wake up to a message asking if you’re okay. Their concern makes you feel greatful.  ",,Positive,,"When they ask if you're okay, you think it shows...",they care about you and were worried.,they are trying to make you feel guilty.,https://drive.google.com/file/d/14HNyv7U2WfgQnwyR62Y0w6wHUWdiRTKx/view?usp=sharing,1
34,No Social Media,"Your crush asks you about your social media accounts. You don't like social media, and have chosen not to have any accounts. Your crush will think that you are cool. ",,Positive,,Your crush probably thinks not having social media makes you...,interesting and different from everyone else.,boring or out of touch.,https://unsplash.com/photos/a-person-holding-a-smart-phone-with-social-media-on-the-screen-0cpyFsSUiSc,1
35,Texting Crush 3,"You text your crush something funny. As you're waiting for a response, you see the three dots pop up, then disappear. Your crush is probably thinking. ",,Positive,,"When the typing dots disappear, you think your crush is...",still figuring out the best way to reply.,deciding not to respond to you at all.,https://drive.google.com/file/d/1eUXnrY50FnMPofCQO9OangfXxVTkRxJR/view?usp=sharing,1
36,Left on Delivered,You send your partner a TikTok that reminded you of an inside joke. They leave it on delivered even though they’ve been active online. You feel confident they'll watch the TikTok later. ,,Positive,,"The next time this happens, you will tell yourself your partner...",will watch it when they get a free moment.,doesn't care about the things you send them.,https://drive.google.com/file/d/1QBeCF5ukjRI2_CDKuBbHL_RMvSUkaRj4/view?usp=sharing,1
37,No Makeup Selfie,You send the person you’ve been talking to a no-makeup selfie before bed. You stay up anxiously waiting for a response but they don’t reply until morning. You think they probably were sleeping. ,,Positive,,You assume the delayed reply happened because they...,were already asleep for the night.,didn't like how you looked in the photo.,https://unsplash.com/photos/a-sad-little-girl-alone-in-darkness-sitting-and-using-smartphone-ZqTYd2qhrAw,1
38,Commenting on Ex's Post,"You see your crush comment under their ex’s post: “Proud of you.” You immediately think they still have feelings for each other. You remind yourself that connection doesn't just dissapear, and it is okay to be friends with an ex. ",,Positive,,You assume the comment on their ex's post means...,they can still care about someone without wanting them back.,they still have feelings for their ex.,https://drive.google.com/file/d/1uwPhCcuaRaOL9Df_fkhakKtf-OU0IuKT/view?usp=sharing,1
39,No Views from Crush 3,"You post something on your story, but your crush doesn’t view it even though they are online. You start to think maybe they’re not interested in you. You remind yourself that not everyone checks stories right away, and your anxiety fades. ",,Positive,,"When your crush doesn't view your story, you think they...",just haven't gotten around to checking it yet.,aren't interested in you.,https://drive.google.com/drive/folders/1hqA3AXPEiXTO6jdJodtghR3uuRiEIry5,1
40,No Reaction,"You make a post that you spent a long time drafting.You crush doesn’t like it even though you can tell they are online. You consider the different possibilities, and decide your crush is probably distracted. ",,Positive,,You guess your crush didn't like your post because they...,got distracted by something else while scrolling.,don't care about what you post.,https://drive.google.com/drive/folders/1hqA3AXPEiXTO6jdJodtghR3uuRiEIry5,1
41,No Like From Crush,"You post a picture you actually feel good about, after debating the caption for twenty minutes. Hours later, your crush hasn’t liked it even though they’ve viewed your story. You consider that your crush may be offline. ",,Positive,,You consider that your crush hasn't liked your picture because they...,might be offline or busy with something else.,are purposely ignoring your post.,https://drive.google.com/file/d/1gDTYdbA7ZpJDLryCkaKiGCvlvr0TsUC_/view?usp=sharing,2
42,No Post Review,You open Instagram after school and see that the person you’ve been talking to make a new post. You notice they didn’t send you a draft first like they usually do. You think they probably skipped sending it to you because they were rushed. ,,Positive,,You assume they skipped sending you the draft because they...,were in a rush and forgot this one time.,don't value your opinion anymore.,https://drive.google.com/file/d/1dAbiX7KkXjKbBKX_4k3OREMSy4Qo7Snh/view?usp=sharing,2
43,Unexpected Snap Streak,"You notice your crush’s Snapchat streak with someone you barely know is longer than yours. Jealousy rises in your chest. You think about your crush having connections beyond you, and you feel understanding of their close friendships. ",,Positive,,Your crush's longer streak with someone else probably means...,they have other close friendships outside of you.,that person matters more to them than you do.,https://drive.google.com/file/d/1rr3T5cMLZQiuTvG5-1maEozjUDHeiQjf/view?usp=sharing,2
44,New Post by Crush,"You are scrolling social media one night, and see your crush made a new post. Your check their feed, and see they posted a picture with someone else. You think it likley that this person and your crush are friends. ",,Positive,,You guess the person in your crush's photo is probably...,just a friend they spend time with.,someone they're interested in instead of you.,https://drive.google.com/file/d/1mHXfXw-iahdLomYjWNPrlY48AeYpFlIm/view?usp=sharing,2
45,Crush's New Friend,You are scrolling social media late one night. You notice your crush added someone new on social media and liked several of their posts. You think they added this person because they want to be friends. ,,Positive,,You assume your crush added this new person because they...,want to get to know them as a friend.,are looking for someone to replace you.,https://drive.google.com/file/d/1eIMm5Ajmqx6QOYlT6jBgX42FOEWWgGWv/view?usp=sharing,2
46,Disagreement with Crush,"You and your crush have a small disagreement. A few hours later, you see your crush repost a video about “protecting your peace”. You think the post is probably unrelated. ",,Positive,,You assume the repost about protecting your peace is...,unrelated and just something that caught their eye.,a message aimed directly at you.,https://drive.google.com/file/d/1ZufpIXWlL-gfVGIuABejEhcsy86ladUo/view?usp=sharing,2
47,Snap Streak,"You and the person you’ve been talking to have a long Snap streak going, and it’s become part of your daily routine. One night, the streak almost expires because they don’t send anything back. You feel understanding about the slip in your routine. ",,Positive,,"When the streak almost ends, you tell yourself it happened because they...",simply got busy and lost track of time.,are losing interest in talking to you.,https://unsplash.com/photos/a-yellow-and-blue-iphone-sitting-on-top-of-a-wooden-table-keIEK2B8qVI,2
48,Cropped Out,"The person you've been talking to posts a picture at a party with you cropped off the edge. You think they hid you because you didn’t look good enough. You realize they might not have been sure if you were comfortable being posted, and you feel forgiving.",,Positive,,You think you were cropped out of the photo because they...,weren't sure if you'd want to be posted.,didn't think you looked good enough to include.,zeoob.com_4w32g5j0ld_photo.png,2
49,Boyfriend Post,"Someone shares a TikTok saying, “My boyfriend is my best friend,” with a montage of cute moments. You feel a lump in your throat, wondering if you’ll ever have that. When you think about the future, you feel hopeful. ",,Positive,,"When you picture your own future relationship, you think it will...",come together when the time is right for you.,never turn out that close or happy.,https://drive.google.com/file/d/1ogBitMPipdn2Wpz-uHFfxISkqV4zY7gq/view?usp=sharing,2
50,Tagged with a Heart,"A friend posts a picture with your partner and tags them with a heart. You feel a quick rush of jealousy before you fully process it. You remind yourself symbols online don’t tell the whole story, and you feel calmer. ",,Positive,,You assume the heart emoji in the tag means...,it's just a friendly way of showing appreciation.,there's something romantic going on between them.,https://drive.google.com/file/d/13ixZoOQGoG4I_iuhPAUt1fEN-StAWTuG/view?usp=sharing,2
51,Classmate Heart Emoji,"A classmate leaves a heart emoji under your crush’s latest post. Your stomach tightens as you picture what that might mean. You consider that people use emojis in different ways, and you feel calm. ",,Positive,,Do you trust that your partner is dedicated to you? ,Yes,No,https://drive.google.com/file/d/1woUKD_EamU3vTaBIP7XWGxDcUSPAC2lO/view?usp=sharing,2
52,No Repsonse from Crush,"Your crush hasn't responded in a few days. After long deliberation, you send a double text. You think your crush will view your action as showing excitment. ",,Positive,,You think double texting is...,Something everyone does sometimes,A sign of desparation,https://drive.google.com/file/d/1_9Q35VWYA9i5dofhGQQpYPd9bx56RczH/view?usp=sharing,2
53,Time Alone,"You've just started dating a new person and you've been hanging out all the time. On Friday at school, the person you’re dating says they need Saturday to themselves. You consider that it is normal to want alone time while in a relationship. ",,Positive,,Do you decide your partner's request for space means the relationship is in trouble?,No,Yes,https://unsplash.com/photos/a-couple-of-people-sitting-on-top-of-a-red-chair-IdbrsjBdnD4,2
54,Studying on Facetime,You’re studying on FaceTime with your partner together like you usually do before a test. The conversation feels quieter than normal. You think your partner is being quieter because they want you to focus. ,,Positive,,Is your partner probably upset with you? ,No,Yes,https://unsplash.com/photos/young-woman-waving-hello-while-video-chatting-on-laptop-qn7smNyVz64,2
55,Crush Confusion,"You’re sitting next to your crush in class, and they laugh at something you say. Later, they seem quieter and more focused on their phone. You think about the different reasons for the shift and decide they are probably distracted. ",,Positive,,Is your crush ignoring you? ,No,Yes,https://unsplash.com/photos/people-sitting-on-chair-w1FwDvIreZU,2
56,Hallway Chat 3,"You walk into a busy hallway after math class. Right away, you spot your crush talking closely with someone at their locker. You take a deep breath, and consider that your crush is a friendly person. ",,Positive,,Is it possible that your crush is simply a friendly person?,Yes,No,https://unsplash.com/photos/a-group-of-people-standing-in-a-room-v8ZFNwn26i0,2
57,Long Apology Text,"You text a long apology after a small lie, and the typing dots vanish. You panic, thinking you ruined everything. You partner will probably appreiciate your honesty. ",,Positive,,Will your partner appreciate your honesty?,Yes,No,https://unsplash.com/photos/person-holding-black-iphone-4-PjoJga8EovQ,2
58,Seeing Your Ex,You spot your ex in the café where you’re meeting your date. Your stomach twists as you imagine them meeting each other. You focus on your new date and you feel pleased to be there. ,,Positive,,Did spotting your ex end up ruining your date?,No,Yes,https://unsplash.com/photos/a-woman-standing-at-a-counter-in-a-restaurant-2AbAZiIhkY8,2
59,Rewriting Text,"You send a text you rewrote three times before hitting send. Minutes pass, and you see they’re active but haven’t replied. You consider that being online doesn’t always mean they’re ready to respond, and you feel understanding. ",,Positive,,Do you still feel certain of rejection? ,No,Yes,https://unsplash.com/photos/a-close-up-of-hands-holding-a-phone-YlvYu92GeBI,2
60,Sending a Selfie 3,"You send a selfie to the person you’re talking to. They react with a simple emoji instead of words. When you think about why they might have responded that way, you feel comfortable not knowing why. ",,Positive,,Can you make assumptions based on this emoji? ,No,Yes,https://drive.google.com/file/d/11D9o2d4LwRTCb5S7-xVKhMTVE0CatlmQ/view?usp=sharing,2
61,Missed Call from Crush 3,"You miss a call from your crush. Heart racing, you call them back, but it it goes to voicemail. You think your chances with your crush are high. ",,Positive,,Does this fundamentally change your chances with your crush? ,Yes,No,https://unsplash.com/photos/top-view-of-young-female-hands-using-smartphone-while-sitting-in-workplace-CvhjOTrsZHg,all
62,Spotify Playlist,"You make a Spotify playlist with songs that remind you of your relationship and share it with them. Hours go by without a reaction, and you start wondering if it was too much. You remind yourself that people process things at different speeds, and you are pleased with your playlist. ",,Positive,,Are you happy with the playlist? ,Yes,No,https://drive.google.com/file/d/1NpHchIkg2rRZmuIBw5sAtzk92mAxd66p/view?usp=sharing,all
63,Texting Patterns,"You like phone calls, but the person you’re talking to usually texts in quick bursts before disappearing to do homework. You start to think they don’t want to talk. You realize they might just be managing their time differently, and you feel understanding. ",,Positive,,Do people have different texting styles?,Yes,No,https://unsplash.com/photos/a-woman-sitting-on-a-couch-using-a-cell-phone-XOHeSVczpaU,all
64,Hand-Me-Down Outfit,"You are invited to a school dance by your crush. You can't afford something new to wear, so have to wear your older sibling's outfit. When thinking about everyone's opinion on you wearing hand-me-downs, you know you'll feel confident. ",,Positive,,Are you happy with the outfit you've creatred? ,Yes,No,https://unsplash.com/photos/a-woman-is-looking-at-a-rack-of-clothes-p4pdjm6LYKA,all
65,Prom Date 3,"You and your prom data are having a great time on the dance floor. During a break, your prom date steps away to talk to someone from their math class for a few minutes. You consider they might simply be catching up with someone they haven’t seen in a while, and as you watch them talking you feel calm. ",,Positive,,Is your partner definitley bored of you? ,No,Yes,https://unsplash.com/photos/man-in-black-suit-standing-on-stage-CvmkAw9g-_E,all
66,Late Night Facetime,"You and your boyfriend are having a FaceTime. The conversation feels slightly more awkward than usual, with longer pauses between jokes. You consider that some awkward moments in a relationship are a sign of comfort. ",,Positive,,Can awkward pauses be a sign of comfort?,Yes,No,https://unsplash.com/photos/young-woman-waving-hello-while-video-chatting-on-laptop-qn7smNyVz64,all
67,Group Dinner,"You and your boyfriend are at a group dinner with friends. You notice them smiling at their phone several times during the meal, and your stomach lurches. You realize they could easily be talking to their family. ",,Positive,,Could your boyfriend simply be texting his family?,Yes,No,https://unsplash.com/photos/a-group-of-people-sitting-around-a-wooden-table-reMtVGngpr8,all
68,Short Argument,"You and the person you're dating have a short argument about a late reply late at night. At around 1 am, the person you’re dating stops responding. You take a few steadying breaths, and remind yourself that one argument won't cause a breakup.  ",,Positive,,Does the pause in responses mean the relationship is ending?,No,Yes,https://unsplash.com/photos/man-in-black-shirt-holding-white-smartphone-1rJdewJPCWE,all
69,Rumor at School,"There's a rumor at school that your crush will ask you out. On Friday, your crush asks you to hang out with a group of people. When you think about hanging out with your crush in a group, you feel relaxed. ",,Positive,,Are you feeling better about the group hang? ,Yes,No,https://unsplash.com/photos/a-man-and-a-little-girl-sitting-on-a-rock-by-the-water-rTgPHBQjzw8,all
70,Study Table Moment,The person you’re seeing casually brings an attractive classmate to the study table without warning. You start to feel insecure and wonder if they like this other classmate more. You think they probably invited the classmate because they are smart. ,,Positive,,Do you think your classmate could be helpful with studying? ,Yes,No,https://unsplash.com/photos/two-college-students-sitting-at-the-table-with-laptop-computer-and-discussing-report-together-in-the-classroom-tRBN3-KzmOg,all
71,No Service,"The person you're dating leaves for a two-week camp with bad service, and messages come through hours late. You start to worry that distance will make them lose interest. You remind yourself that it's natural to feel anxious during change. ",,Positive,,Is anxiety is natural during times of change?,Yes,No,https://unsplash.com/photos/woman-holding-red-phone-m7zKB91brGo,all
72,Talk After School,"The person you're dating asks, “Can we talk after school?” You panic and think they want to break up. Later, you remind yourself that you guys have a close relationship and there are many reasons they would want to speak to you, and you feel calm going into the conversation. ",,Positive,,Do you feel calm going into the conversation? ,Yes,No,https://drive.google.com/file/d/1MbNDgA1fTxx_vA4gRMN8oQHaWApsfNpD/view?usp=sharing,all
73,Birthday Party Gift,"The person you are talking to is having a huge birthday party with all of your friends attending. You know you can't afford a fancy gift for them. You show up with a homemade present,  and think that they will be happy. ",,Positive,,You think your friend will...,Appreciate the homemade gift,Be upset with your choice of gift,https://unsplash.com/photos/a-green-and-brown-moth-on-a-brown-paper-bag-k5hgLDTUeHU,all
74,First Kiss Rumors,"The day after your first kiss, you hear your name whispered followed by giggles. You start to think a rumor is spreading. You remind yourself that this is gossip and most people will ignore it. ",,Positive,,Are people definitley gossip about you?,No,Yes,https://unsplash.com/photos/a-long-row-of-books-in-a-library-My06S-Wg_zc,all
75,Waving at Lunch,"Someone you like waves at you from across the room during lunch. Thinking they are waving at you, you wave back, but they point to a person behind you and you are flooded with embarrasment. You remind yourself that awkward moments are usuaully forgotten. ",,Positive,,Are you able to shake off the incident? ,Yes,No,https://unsplash.com/photos/cute-multiracial-schoolkids-having-snack-by-desk-during-lunch-break-8pqbR5MlMcY,all
76,Short Responses,"One afternoon, your partner’s responses become shorter and spaced farther apart. You catch yourself checking your phone between assignments, wondering what changed. You think your partner is busy. ",,Positive,,Do you conclude your partner is simply busy?,Yes,No,https://unsplash.com/photos/man-in-white-crew-neck-t-shirt-holding-black-iphone-5-WQTRD0wB1fQ,all
77,Crush on the Bus,"On the bus, your crush sits with a different group. You start to think they’re avoiding you. You remind yourself they might just be catching up with friends, and you feel calmer.",,Positive,,Is your crush probably avoiding you? ,No,Yes,https://unsplash.com/photos/a-multiracial-group-of-elementary-age-girls-sit-together-on-a-school-bus-and-smile-directly-at-the-camera-QFAF3hLFAss,all
78,Hallway Moment,"In the crowded hallway between classes, your partner walks past with their friends and only has time for a quick smile before the bell rings. The moment feels shorter than usual, and you wonder if something has shifted. You decide things feel different because your partner is rushed. ",,Positive,,Is one moment a reflection of your whole relationship? ,No,Yes,https://unsplash.com/photos/empty-building-hallway-x_TJKVU1FJA,all
79,Laughing at Lunch 3,"At lunch, the person you’re dating laughs with someone you don’t know. As you sit down next to them, your date doesn’t introduce you to their friend. You remind yourself that people get distracted in conversation, and you feel secure in your relationship. ",,Positive,,"Ultimately, do you feel secure in your relationship?",Yes,No,https://unsplash.com/photos/person-in-black-top-jD7WYFNJ-0s,all
80,Football Game Talk,"At a football game, you see your partner talking closely with someone else from their friend group. You notice a tight feeling in your chest and start wondering what it means for your relationship. You partner having close friends makes yiou feel happy for them. ",,Positive,,Is it okay for your partner to have other friends? ,Yes,No,https://unsplash.com/photos/a-group-of-people-playing-football-d0PzEFae0iY,all
81,Upcoming Prom 3,"All of your friends are getting excited about the upcoming prom. You feel uncomfortable, as you still haven’t asked anyone because you kept hesitating. You consider that lots of people go with friends instead, and feel happy with either option. ",,Positive,,Do you end up feeling happy with either option?,Yes,No,https://unsplash.com/photos/a-group-of-young-people-sitting-in-a-circle-80G9CvpU1GY,all
82,Waiting for Crush,"You’re waiting for your crush to show up to a group hangout. When they arrive, they're laughing with someone else you don't know. Thinking about your crush having other friends makes you feel happy for them. ",,Positive,,Is your crush allowed to have other friends?,Yes,No,https://unsplash.com/photos/group-of-school-friends-outdoors-lifestyle-AENZ-XZU7Ng,all
83,Facetime Pause,"You’re on FaceTime, and there’s a long pause where neither of you says much. You begin wondering if the quiet means something is off. You think some silence is standard in any relationship. ",,Positive,,Do you think your partner is comfortable with you? ,Yes,No,https://unsplash.com/photos/smiling-young-boy-of-indian-origin-looking-at-his-mobile-phone-R-7OH_iC3W8,all
84,Goodnight Text,You send your long-distance summer crush a “goodnight”. They don't respond until the next morning. You think they didn't respond because they were asleep. ,,Positive,,Could they have fallen asleep before responding?,Yes,No,https://drive.google.com/file/d/13AcoV8I5N7_bY69amNYfePy57B0fVrHO/view?usp=sharing,all
85,Dramatic Breakup,"You overhear someone talking about a sudden breakup in your grade while waiting for the bus. The story sounds dramatic, and you wonder if relationships are always that unpredictable. When you think about dating in the future, you feel capable of tolerating the uncertainty. ",,Positive,,Is your relationship sure to be doomed? ,No,Yes,https://unsplash.com/photos/a-yellow-school-bus-driving-down-a-street-sLQuVhOAc5w,all
86,Timeline of Crush,You hear that someone once liked your crush before you did. Your mind starts comparing timelines and possibilities. You remind yourself the present matters more than what came before.,,Positive,,Did you remind yourself that the present matters more than the past?,Yes,No,https://unsplash.com/photos/a-group-of-people-standing-around-each-other-qTMkJJpsf-I,all
87,Forgetting Anniversary ,"You get to school and you see your girlfriend smiling at you and holding flowers. Your heart sinks, and you realize you forgot your 3-month anniversary. You think your girlfriend will be dissapointed and forgive you in the end. ",,Positive,,"Even though you hurt her feelings, do you think your girlfriend will accept your apology? ",Yes,No,https://unsplash.com/photos/portrait-of-smiling-schoolgirl-standing-in-school-corridor-pWkaNdkXE4A,all
88,Relationship Comment,"A friend mentions that relationships at this age “never last.” You feel a flicker of doubt about your own situation. When you think about it, you decide every relationship unfolds differently.",,Positive,,Is your relationship doomed? ,No,Yes,https://unsplash.com/photos/man-in-blue-button-up-shirt-beside-woman-in-black-and-white-stripe-shirt-0QP2i5QzGBk,all
89,Romantic Text,"You send a somewhat romantic text to your crush, feeling a thrill of excitement. When you check your phone, you notice they only sent a smiley face back, and your stomach drops as you wonder if they don't like you. You remind yourself that some people respond simply when uncertain, and a smiley face isn't a rejection. ",,Positive,,Can you know for sure what was meant by the smiley face? ,No,Yes,https://drive.google.com/file/d/1ca4L87EOiB4rxD3Xj4t7qDf-bszUoxyh/view?usp=sharing,all
90,Crush Liking Posts 3,"You notice your crush liked someone else’s post but not yours. Your stomach drops, wondering if they like that person more or just don’t care about you. You remind yourself that people sometimes interact randomly online, and it doesn't necessarily mean anything. ",,Positive,,Does your crush liking someone else's post confirm they care about you less?,No,Yes,https://drive.google.com/file/d/1woUKD_EamU3vTaBIP7XWGxDcUSPAC2lO/view?usp=sharing,all
91,Ex Posting,"You just had a really painful breakup with your partner. When you go online over the next week, you notice your ex posting smiling selfies and funny memes like everything’s fine. You consider that your ex might be looking for distraction. ",,Positive,,Could your ex might be posting to distract themselves from pain?,Yes,No,https://drive.google.com/file/d/1gDTYdbA7ZpJDLryCkaKiGCvlvr0TsUC_/view?usp=sharing,all
92,Ex And Crush,"You hear someone whisper in the hallway that your ex and your current crush were talking after class. Your chest tightens at the thought of them becoming friends. When you think of them spending time together, the situation seems tolerable. ",,Positive,,Are you able to tolerate this distress? ,Yes,No,https://unsplash.com/photos/empty-hallway-5f4r0zWAXbI,all
93,Active Online,"The person you’re talking to leaves your message on delivered for hours, but you see them active online. You feel a knot in your stomach as you stare at their online icon, trying to guess what it means.  You remind yourself that behavior online isn’t always logical, and they are probably busy. ",,Positive,,Is being left on delivered a definite rejection? ,No,Yes,https://pixabay.com/photos/iphone-mobile-smartphone-cell-phone-2618731/,all
94,New Person at the Study Table,"The person you’re seeing casually brings an attractive classmate to the study table without warning. You start to feel insecure and wonder if they like this other classmate more. They explain that they invited the classmates because they always score the highest, and you feel understanding. ",,Positive,,"After hearing their explanation, do you feel more understanding?",Yes,No,https://unsplash.com/photos/man-and-woman-sitting-while-using-macbook-pro-iO2d-KYp5JU,all
95,Relationship Ending,"Your relationship ends, and you feel heartbreak like you never have before. You worry you’ll never feel okay again. You remind yourself that healing happens slowly, and you feel peaceful. ",,Positive,,Will you eventually recover from this hurt? ,Yes,No,https://unsplash.com/photos/photo-of-bed-near-task-lamp-nb04de6m0rM,all
96,Anniversary Posts,"Your feed is full of couples posting anniversary posts and cute “how we met” stories. You start to feel behind, like you’re missing something important. Then you remind yourself that connection can happen at any point in life, and you feel hopeful.",,Positive,,Do you feel hopeful about future connection?,Yes,No,https://drive.google.com/file/d/1KokcQkwLfg7q7WIbsaSl_km0p-LMRe8u/view?usp=sharing,all
97,Solo Prom 3,Your classmates are planning for prom dates and talking about outfits. You don’t have a date yet. The thought of going alone makes you feel enthusiastic. ,,Positive,,Are you excited about the dance? ,Yes,No,https://unsplash.com/photos/young-women-talking-in-a-casual-setting-q19hWugG0MU,all
98,First Kiss 3,"You’re the only one in your friend group who hasn’t had your first kiss. When your friends talk about their experiences, you feel embarrassed and left out. You remind yourself that real connection matters more than timing, and you feel compassion for yourself.",,Positive,,Do you feel compassion for yourself,Yes,No,https://unsplash.com/photos/a-group-of-young-men-sitting-next-to-each-other-iXAYMBd4Ub0,all
99,Relationship Judgement,"You had your first kiss before a lot of your friends, and you start to worry that people think you're too promiscuous. You then think back on the moment and how you enjoyed it, and you feel happy.",,Positive,,Are you happy with choice? ,Yes,No,https://unsplash.com/photos/a-couple-of-men-standing-next-to-each-other-on-a-street-WzJeFqltRlQ,all
100,Shopping for Outfits,"You and your friends are going shopping for outfits for the upcoming school dance. You don't have a date to the dance yet, and you start to wonder what will happen if no one asks you. Shopping with your friends will probably be fun. ",,Positive,,Will shopping with your friends be fun? ,Yes,No,https://unsplash.com/photos/person-holding-assorted-clothes-in-wooden-hanger-Fzde_6ITjkw,all