Scenario Number,,Scenario,Scenario Body 2 (Resilience Only) ,Valence,,Comprehension Question,Correct Response,Incorrect Response,Image,Letters Missing
1,Instagram Likes,"You post photos from your vacation online and get fewer likes than your friends. You feel disappointed, wondering if your friends are even paying attention to you. When you think about the likes you did get on your post, you feel dissatisfied. ",,Negative,,Are you feeling satisfied with the number of likes you got on your post?,No,Yes,https://drive.google.com/file/d/1JDDWS38bs8_PH3pfVYUXGgGgQZw6Xnl4/view?usp=sharing,1
2,Misinterpreted Comment 1,"You decide to create a post promoting something important to you. Someone leaves a mean comment because they misinterpreted what you wrote. You wonder what this person thinks about you, and feel worried. ",,Negative,,Is the mean comment making you worry about what they think of you?,Yes,No,https://drive.google.com/file/d/1t1I70BWhpFEk92Uj9czptY2yUxZdajJw/view?usp=sharing,1
3,Friend of Friend 1,"As you scroll through your social media accounts, you see that your closest friend is hanging out with someone you don't know. You wonder who this person is, and why you haven't heard about them. When you think about your friendship with this friend, you feel worried. ",,Negative,,Does seeing your friend with someone new leave you feeling worried about the friendship?,Yes,No,https://drive.google.com/file/d/136y0Emhx0dscHuD9fuXf4_wdbMk6ooF3/view?usp=sharing,1
4,Crush's Selfie 1,"Your crush posts a selfie with someone else, and you start to wonder if they like that person more than you. You feel a bit jealous.",,Negative,,Would you say you're unbothered by your crush's selfie with someone else?,No,Yes,https://drive.google.com/drive/folders/1hqA3AXPEiXTO6jdJodtghR3uuRiEIry5,1
5,Flirty Comment,You see the person you’re talking to leave a kind of flirty comment on someone else’s post. You start to wonder if their interest in you is fading. It leaves you feeling replaced.,,Negative,,Has their flirty comment left you feeling replaced?,Yes,No,https://drive.google.com/file/d/1OgNZU4EM4dRDjvlkwA0NEYsE4WmCyTdk/view?usp=sharing,1
6,Crush Viewing Story,"You post something on your feed, but your crush doesn’t like it even though they are online. You start to think maybe they’re not interested in you. You feel discouraged.",,Negative,,Was it discouraging that your crush didn't like your post?,Yes,No,https://drive.google.com/drive/folders/1hqA3AXPEiXTO6jdJodtghR3uuRiEIry5,2
7,Friend's New Partner,"You notice a friend posting a ton of pictures with their significant other, and you wonder if you’ll ever have that kind of relationship. You start to feel like there’s something wrong with you. It leaves you feeling a bit unloved.",,Negative,,Would you describe yourself as confident about your own future relationships?,No,Yes,https://drive.google.com/file/d/1c2c7mWo959a4wMvYouYRZ2dLefiOUihe/view?usp=sharing,2
8,Valentine's Day Post,"The person you're dating doesn’t post you on Valentine’s Day, even though all your friends got posted. You start to worry they’re not as excited about you. It leaves you feeling unvalued.",,Negative,,Does not being posted on Valentine's Day leave you feeling unvalued?,Yes,No,https://unsplash.com/photos/a-person-laying-in-bed-with-a-cell-phone-hMOP2AIIMbk,2
9,Crush's Selfie 1,"Your crush posts a selfie with someone else, and you start to wonder if they like that person more than you. You feel a bit jealous.",,Negative,,Did seeing your crush's selfie with someone else make you feel jealous?,Yes,No,https://drive.google.com/drive/folders/1hqA3AXPEiXTO6jdJodtghR3uuRiEIry5,2
10,Flirty Comment,You see the person you’re talking to leave a kind of flirty comment on someone else’s post. You start to wonder if their interest in you is fading. It leaves you feeling replaced.,,Negative,,Are you feeling secure in their continued interest in you?,No,Yes,https://drive.google.com/file/d/1OgNZU4EM4dRDjvlkwA0NEYsE4WmCyTdk/view?usp=sharing,2
11,Crush Viewing Story,"You post something on your feed, but your crush doesn’t like it even though they are online. You start to think maybe they’re not interested in you. You feel discouraged.",,Negative,,Is it discouraging that your crush didn't like your post?,Yes,No,https://drive.google.com/drive/folders/1hqA3AXPEiXTO6jdJodtghR3uuRiEIry5,2
12,Friend's New Partner,"You notice a friend posting a ton of pictures with their significant other, and you wonder if you’ll ever have that kind of relationship. You start to feel like there’s something wrong with you. It leaves you feeling a bit unloved.",,Negative,,Does comparing yourself to your friend's relationship make you feel unloved?,Yes,No,https://drive.google.com/file/d/1c2c7mWo959a4wMvYouYRZ2dLefiOUihe/view?usp=sharing,2
13,Valentine's Day Post,"The person you're dating doesn’t post you on Valentine’s Day, even though all your friends got posted. You start to worry they’re not as excited about you. It leaves you feeling unvalued.",,Negative,,Are you feeling valued despite not being posted on Valentine's Day?,No,Yes,https://unsplash.com/photos/a-person-laying-in-bed-with-a-cell-phone-hMOP2AIIMbk,2
14,Global Conflict 1,"You see news about rising tensions between countries, and your nerves spark. You imagine instability lasting for years. You conider your lack of ability to control the situation, and you feel anxious. ",,Negative,,Have you felt anxious about your lack of control over rising tensions?,Yes,No,https://unsplash.com/photos/person-using-smartphone-BjhUu6BpUZA,2
15,Misleading Post,"On social media, you notice a misleading post and your heart sinks. You imagine people believing it instantly. The way misinformation spreads leaves you feeling discouraged.",,Negative,,Is the spread of misinformation leaving you feeling discouraged?,Yes,No,https://unsplash.com/photos/a-man-sitting-down-looking-at-a-cell-phone-wOOVrmXeCXo,2
16,Friend's Family Holiday,"You see your friend post about their family holiday, and it makes you feel bad because your family is going through a tough time. You wonder if they’ll ever understand what you're going through. It leaves you feeling down.",,Negative,,Are you feeling unaffected by your friend's holiday post?,No,Yes,https://drive.google.com/file/d/1e2bRHJPQnCJqheZuufUXE_rCsoiI9rjn/view?usp=sharing,all
17,Unaccepted Friend Request,"You’re checking your notifications, and notice someone still hasn’t accepted your friend request. You wonder if it means they don’t like you. You feel rejected.",,Negative,,Does your unaccepted friend request leave you feeling rejected?,Yes,No,https://unsplash.com/photos/a-woman-sitting-on-a-couch-holding-a-cell-phone-QnQHSxLFchI,all
18,Night Out FOMO 1,"You see your friends posting group photos from a night out, and you realize you weren't invited. You start to wonder if they’ve been hanging out without you for a while. You feel left out.",,Negative,,Have you felt left out after seeing the group photos?,Yes,No,https://drive.google.com/file/d/1BQU_ENXmRBV6ppPR5GvlZum8aYxV5uH-/view?usp=sharing,all
19,Friendship Insecurity,"You see your friend’s post about a new friendship they’ve made, and it makes you feel insecure about your own friendships. You wonder if people are replacing you. It leaves you feeling anxious.",,Negative,,Would you say you feel secure in your friendships right now?,No,Yes,https://drive.google.com/file/d/136y0Emhx0dscHuD9fuXf4_wdbMk6ooF3/view?usp=sharing,all
20,New Group 1,"You see your best friend’s new Snapchat story about going out with a different group. You start to feel left out, wondering why you weren’t invited. It leaves you feeling disconnected.",,Negative,,Does your friend's story leave you feeling disconnected?,Yes,No,https://drive.google.com/file/d/1ahjqsfceAGb_-rafsYgPGsgKRlBWu3Qp/view?usp=sharing,all
21,Vacation 1,"You scroll through your feed and see a friend’s vacation photos, and wonder why you can’t ever go on trips like that. You start to feel like your life isn’t as exciting. It leaves you feeling envious.",,Negative,,Might you be feeling envious about your friend's vacation photos?,Yes,No,https://drive.google.com/file/d/1BQU_ENXmRBV6ppPR5GvlZum8aYxV5uH-/view?usp=sharing,all
22,Funny Video 1,"You post a funny video of you and your friends hanging out. The video gets some views, but no comments. You wonder if people didn’t think it was funny, and it leaves you feeling unsure.",,Negative,,Are you feeling confident that people found your video funny?,No,Yes,https://drive.google.com/file/d/1RFoyne0cHEs8vSJvBpElaeYj145pAIOd/view?usp=sharing,all
23,Friend's Pet,"You notice your friend’s post with their pet, and you feel a pang of sadness since you just lost yours. You wonder if others will understand why you’re upset, and it leaves you feeling lonely.",,Negative,,Have you felt lonely wondering if others will understand your grief?,Yes,No,https://drive.google.com/file/d/18Zm_Gos3s2IF5uHJSvB6Zh6WdhKQ-OaE/view?usp=sharing,all
24,More Followers 1,"You notice your friend has more followers than you, and wonder what you’re doing wrong. You start comparing your social media life to theirs. You feel unhappy with how your posts compare.",,Negative,,Is comparing your posts to your friend's leaving you feeling unhappy?,Yes,No,https://unsplash.com/photos/woman-holding-red-and-silver-can-clN4DePMfm4,all
25,Not Tagged 1,"You notice that a group photo was shared, but you weren’t tagged in it, even though everyone else is. You start wondering why they didn’t include you. You think they abandoned you. ",,Negative,,Have you concluded they intentionally left you out of the group photo?,Yes,No,https://drive.google.com/file/d/1vTTrAVeiMvUbGy-An6aoeVmsdKGiy2Bw/view?usp=sharing,all
26,Sunset Photo,"You take a nice picture in front of a pretty sunset, but feel like something about it looks off. You crop the picture multiple times trying to make it “perfect” but still feel unsure before posting. You assume others will judge every detail so you feel pressured.","You consider that most people barely look at posts for more than a second, and are able to post it without feeling bothered. ",Resilience ,,You think that most people scolling social media...,Scroll past quickly,Focus on everyone's apperance,https://drive.google.com/file/d/1PEacybDOoTP4uyL6eIRJ6Zn0KielGahH/view?usp=sharing,1
27,Viral Clip,"You see a viral clip that looks real but feels suspicious, and your anxiety jumps. You imagine people around you believing it instantly. The possibility leaves you feeling unsettled.","Still, you know you can look for verified sources, and you feel yourself calm. ",Resilience ,,Are you feeling calmer knowing you can check for verified sources?,Yes,No,https://unsplash.com/photos/woman-in-purple-and-black-stripe-long-sleeve-shirt-holding-blue-smartphone-X9ZIgLrwx-w,1
28,Global Conflict 2,"You scroll past videos about global tensions, and your stomach knots. You imagine things never calming down. The heaviness leaves you feeling worried.","You remind yourself to focus on the things in your life you can control, and you feel steadier. ",Resilience ,,Are you feeling steadier after focusing on what you can control?,Yes,No,https://unsplash.com/photos/man-in-black-shirt-holding-red-smartphone-BEYy75gBDQk,1
29,Fitness Journey 2,You scroll through your feed and see a lot of people posting about their “fitness journeys.” You start comparing your progress to theirs and wonder if you’ll ever reach their level. You feel discouraged.,"It's frustrating, but you remember that progress takes time, which makes you feel patient with yourself.",Resilience ,,"When you think about your training plan, you feel...",Encouraged,Defeated,https://drive.google.com/file/d/1dUEZKyL1ncQrN4HVMlXc7a5pFlj7xrM6/view?usp=sharing,1
30,Mental Health Post 2,"You make a post about mental health and worry people might judge you. You receive fewer comments than usual, and you feel misunderstood.","Then you remind yourself that even if not everyone understands, your honesty might have helped someone, and this makes you feel proud.",Resilience ,,Looking at your post makes you feel...,Proud of your advocacy,Embarassed and uncool,https://drive.google.com/file/d/1jFPLXn6lv_fgh5eHXBjUaByBH1iTrB_L/view?usp=sharing,1
31,Dance Pictures,You and your friends are looking through pictures from the recent school dance. You’re shorter and smaller than almost everyone at the school dance. You assume people think you look awkward.,"You consider that other people are focused on themselves, not you, and you feel better. ",Resilience ,,Does realizing others are focused on themselves help you feel better?,Yes,No,https://drive.google.com/file/d/10VO6W_ruczZYngXAu_jshm0ZK4WNKcbu/view?usp=sharing,1
32,Sending Videos,You send your crush a funny video and they don’t respond. A few hours later you see them posting on their Snapchat story. You start wondering if they are bored of you. ,"You remind yourself that online activity can be confusing, and you find yourself anticipating your crush's response. ",Resilience ,,"When you view your crush's story, you consider...",That they're busy doing other things,That they actually don't like you,https://drive.google.com/file/d/1eUJDTt1NTFghFyqpLFZQT6RBz4lebL1A/view?usp=sharing,1
33,Sending a Selfie 1,"You send a selfie to the person you’re talking to. They react with a simple emoji instead of words. You start overanalyzing whether they actually liked it, and you begin to feel anxious.","You remind yourself that people communicate differently, and your crush may have meant something different. ",Resilience ,,Might your crush's reaction have meant something different than you assumed?,Yes,No,https://drive.google.com/file/d/11D9o2d4LwRTCb5S7-xVKhMTVE0CatlmQ/view?usp=sharing,1
34,Crush Heart React,"You message your crush on Instagram. They react with a heart emoji instead of an actual answer. Your heart races, and you wonder if they find you boring. ","You remind yourself that people react to messages differently, and you feel comfortable with your crushes' response. ",Resilience ,,Are you feeling comfortable with your crush's response?,Yes,No,https://drive.google.com/file/d/1FFA4iEYuQbVSzxA-R7KOpexHeWFAQO5F/view?usp=sharing,1
35,Posting Post Breakup,"You check Instagram after a tough breakup. You notice your ex posting smiling selfies and funny memes like everything’s fine. You wonder if you were the only one who ever cared, and you feel crushed. ","You remind yourself that people often post to distract or hide pain, and you feel understanding. ",Resilience ,,You think your ex's post means...,They are coping in their own way,They never cared about you,https://drive.google.com/drive/folders/1hqA3AXPEiXTO6jdJodtghR3uuRiEIry5,1
36,Crush Liking Posts 2,"You are scrolling social media one night, and see your crush made a new post. Your heart plummets when you see they posted a picture with someone else. You start to wonder if they like that person more than you and you feel a bit jealous. ",You remind yourself that relationships are complex and assumptions are unhelpful. ,Resilience ,,Have you reminded yourself that assumptions about your crush's post are unhelpful?,Yes,No,https://drive.google.com/file/d/1c2c7mWo959a4wMvYouYRZ2dLefiOUihe/view?usp=sharing,2
37,No Relationship Yet,"Someone you know sends a photo with their new boyfriend. You've never had a boyfriend, and you start to wonder if you’re missing out on something important. You think about being left behind your peers and feel uncomfortable. ","You remind yourself that relationships come when the time is right, and you feel excited for the future. ",Resilience ,,"When you think about your future, you think...",You will meet someone eventually,You will be forever alone,https://drive.google.com/file/d/1bB1nXIMZX6KcFunshJjenZ48SmGpaGRJ/view?usp=sharing,2
38,Friend's Sibling,"Your friend posts a picture with their sibling at an amusement park. They look really happy, and their smiles remind you of losing someone close. You assume everyone else has stable families except you, which leaves you feeling alone. ","You consider that many people don’t show their family struggles online, and feel connected. ",Resilience ,,You think that complicated family dynamics...,Can change over time,Are impossible to change,https://drive.google.com/file/d/1fBOHuTwOkMMKc0w3cH8zjG4vswO7B9SB/view?usp=sharing,2
39,Gift Comparison 2,"You see a friend’s post showing off all the gifts they got during the holiday season, while you didn't receive anything that big. You start comparing your holiday to theirs and wonder if people didn’t think you were worthy of gifts. You feel a bit overlooked. ","Then you reflect on how you've had a nice holiday season with the people you love, and feel better when you remember that gifts aren't the only way to feel valued.",Resilience ,,"Are you feeling valued by the people who love you, even without big gifts?",Yes,No,https://drive.google.com/file/d/1BHJNUfg6O6dfAN4uDhZ5Szm_2GgKeqCk/view?usp=sharing,2
40,Snapchat Comparison,"You are looking through stories on Snapchat after school one day. Your friend’s daily posts show them constantly out with people, while you mostly stay home. You assume you’re socially behind, so you feel self-conscious.","You consider that energy levels and comfort zones vary, and everyone's social circles look different. ",Resilience ,,You think your social habits are...,Normal ,Unusual,https://drive.google.com/file/d/1ahjqsfceAGb_-rafsYgPGsgKRlBWu3Qp/view?usp=sharing,2
41,Tall Friend,"You’re taller than almost everyone at the school dance, and your shoulders feel huge in the photos you've seen on social media. You assume people think you look awkward, so you feel self-conscious. ","You think about how lots of teens are still growing at different speeds, and you start to feel normal. ",Resilience ,,Are you feeling normal about growing at your own pace?,Yes,No,https://unsplash.com/photos/person-holding-smartphone-with-turned-on-screen-ikWPjR_l78c,2
42,Unusual Repsonse 2,"You text your friend something funny you saw online. You see three dots pop up, then disappear, and you immediately worry you said something cringey. Their lack of response makes you feel uneasy. ","You remind yourself that there are lots of reasons a person might pause while writing a text, and you feel excited for their response. ",Resilience ,,"When you re-read the text, you feel...",Fine about what you send,Worried you said something weird,https://unsplash.com/photos/a-person-holding-a-cell-phone-x70p5Zau7sY,2
43,Online Hangout 2,"You see from social media stories that a group of your friends are hanging out together. You weren't invited, and it looks like they're having a great time. Your friends probably didn't invite you because they forgot. ","You are sad that you weren't invited to hang out with your friends, but you realize that being sad about the situation is understandable.",Resilience ,,Is it understandable that you feel sad about missing the hangout?,Yes,No,https://drive.google.com/drive/folders/1hqA3AXPEiXTO6jdJodtghR3uuRiEIry5?dmr=1&ec=wgc-drive-%5Bmodule%5D-goto,2
44,Weekend Trip 2,"You scroll through your feed and see friends posting about their weekend trip. You weren’t invited. You worry they don’t want you around, and you feel excluded. ","You consider that they might have had limited space on the trip, and your hurt lessens. ",Resilience ,,Does your hurt lessen when you consider they had limited space?,Yes,No,https://drive.google.com/file/d/1YZNvY59gmmSNYRF5GOy9ubSn13ovIQaU/view?usp=sharing,2
45,Not Tagged 2,"You don’t get tagged in a group photo on Instagram even though you were there. You wonder if the person posting it didn’t want people to know you were part of the group. Thinking about the people you took the photo with, you feel abandoned. ","You notice that a few other people weren't tagged either, and realize that the person posting the photos probably forgot. ",Resilience ,,"As you look back at the photo, you feel...",Happy about how much fun you have,Abandoned by your friends,https://drive.google.com/file/d/10VO6W_ruczZYngXAu_jshm0ZK4WNKcbu/view?usp=sharing,2
46,Accidental Like 2,"You are scrolling through a new friend's instagram. You accidentally “like” one of their old photos on Instagram. You imagine they’ll think you were stalking them, so you feel embarrassed. ","You consider that people do that all the time without thinking, and you come away feeling better. ",Resilience ,,Have you come away feeling better about accidentally liking the old photo?,Yes,No,https://unsplash.com/photos/a-person-holding-a-cell-phone-x70p5Zau7sY,2
47,Message Delivered,"The person you’re talking to leaves your message on delivered for hours, but you see them active online. You feel a knot in your stomach as you stare at their online icon, trying to guess what it means. You worry that they are ignoring you. ","You remind yourself that behavior online is not always logical, and you can handle the uncertainty.",Resilience ,,Can you handle the uncertainty about their delayed response?,Yes,No,https://unsplash.com/photos/person-holding-black-iphone-4-PjoJga8EovQ,2
48,Instagram Comments 2,"One of your friends always comments on your Instagram posts, and you feel obligated to comment on hers. You realize she made a post a few days ago, and you didn't post a comment. You wonder if she's offended, and feel anxious.","You feel the tempatation to ask her for reassurance, but you tolerate the uncertainty. ",Resilience ,,You think your friendship is...,Strong enough to be unharmed,Ruined by your mistake,zeoob.com_wj3q2my104_photo.png,2
49,TikTok Video,"You see a ""Day in My Life"" video from someone on TikTok who is your age. She seems to have an amazing life, really cool friends, and a really nice house. You begin to feel jealous. ","You think about how what people post about online is never the whole story, and you feel better. ",Resilience ,,You consider how social media...,Has a rose-colored filter,Is an accurate portrait of life,zeoob.com_1fq9yqdm4t_photo.png,2
50,New Car 2,"Someone in your grade posts a picture of the car their parents got them for their 16th birthday. Your family shares a single car, and your parents would not be able to afford to buy another one. This thought makes you jealous. ","You think about the thoughtful gifts your parents have given you over the years, and you feel grateful for your family.",Resilience ,,Are you feeling grateful for your family's thoughtful gifts?,Yes,No,zeoob.com_mmgbztnu6m_photo.png,2
51,Friend Anniversary 2,Your friend is celebrating their anniversary with their significant other and texts you a cute picture. Seeing the picture makes you think about how you've never been in a real relationship before. You are embarassed about being single. ,"You imagine yourself celebrating an anniversary with your own significant other one day, and you feel hopeful. ",Resilience ,,Are you feeling hopeful about having a relationship of your own someday?,Yes,No,zeoob.com_ga6azw4o4d_photo.png,all
52,Family Trip 2,"You have a really fun trip with your family over the weekend and you make a post on Instagram. As you post the photos, you realize you've already posted twice that week about fun things that happened at school, and you think your followers will be annoyed. ","When you look at the post, you think about how happy the photos make you. ",Resilience ,,Your social media feed should be...,Whatever you want it to be,As aesthetic as possible,zeoob.com_qevz47sm49_photo.png,all
53,Snapmap Exclusion 2,You are checking Snapchat and go to look at your best friend's location on the Snapmap. You see that she's at her house with a few other girls from your grade. You feel sad that she's hanging out without you. ,"However, you remember that she has other friends, and that is okay. ",Resilience ,,If you best friend has other close friends it means...,They are a social person,They don't like you,zeoob.com_byzgrwlpo5_photo.png,all
54,Early Decision Post 2,"Someone in your class posts about getting into your top college early decision. You are applying for financial aid and weren't able to apply early decision. You think about the school having one less spot available, and you feel stressed. ","You think about hearing back from the college in the spring, and know that no matter what happens, you will be fine. ",Resilience ,,You think your college experience will be...,"What you make of it, wherever you go",Terrible unless you go to one specific place,zeoob.com_3bksozsgc2_photo.png,all
55,Homecoming Photo 2,Your friend posts a group photo from Homecoming on Instagram. You are scanning the photo and realize that she posted a photo where you are making a really weird face. You feel mortified about other people seeing the photo. ,"You think about how much fun you had at Homecoming, and how no one else is really going to be paying attention to other people's faces, and you smile. ",Resilience ,,"Will everyone notice your face in the photo, in your view?",No,Yes,zeoob.com_evwelgk9cm_photo.png,all
56,Video Game Mistake 2,You are playing a multiplayer video game online with a group of your friends. You make a mistake that causes your team to lose the match. You think your friends will be angry. ,"You remember that they have made many similar mistakes before, and you feel excited to keep playing. ",Resilience ,,"The next time you make mistake, you will...",Laugh and keep playing,Quit the game,jeshoots-com-eCktzGjC-iU-unsplash.jpg,all
57,Short Reply 2,You send a long text to your friend that you spent a long time drafting. Your friend responds with just “ok.” You wonder if they are being short because they are annoyed with you. ,"You consider that you can't make assumptions based on a single text, and you feel better. ",Resilience ,,Are you feeling better after reminding yourself not to assume from a single text?,Yes,No,zeoob.com_4awuul1fk9_photo.png,all
58,Empty Twitch Stream 2,"You’re streaming a video game on Twitch. After thirty minutes, no one has joined to watch. You start thinking maybe no one wants to see you play and you feel embarrassed. ","Before you can turn off the stream, a few people join and begin to message in the chat, and you start to feel excited.",Resilience ,,Are you feeling less invisible once people join your stream?,Yes,No,emediong-umoh-63Md7MbwXPg-unsplash.jpg,all
59,Skipping a Movie Night 2,"You had a really long day at school and are feeling tired, so you decide to stay home from the movie night at your friend's house. When you open social media, you see everyone posting about it on Snapchat. You feel a jolt of regret for your decision. ","However, you think about how tired you felt after school, and how nice it has felt to rest and recharge, and feel understanding of your choice. ",Resilience ,,Have you come to regret choosing to stay home and rest?,No,Yes,zeoob.com_tp35qfqg1y_photo.png,all
60,Request to Check Socials 2,"Your mom wants to scroll through your Instagram feed to see what you are posting. Reluctantly, you hand her your phone. You worry that she's going to see something she doesn't like and be disappointed. ","You think about the posts you've made recently, and feel confident that your mom will be okay with yours posts. ",Resilience ,,Are you feeling confident your mom will see that you're happy?,Yes,No,zeoob.com_p06g42h5dt_photo.png,all
61,Online Gaming 2,"You join an online game. After a few minutes, it becomes clear that everyone else is more skilled than you. You wonder if they’ll start to trash-talk you, and feel insecure. ","You remember that no matter what anyone says, you are here to have fun, and all you can do is your best. ",Resilience ,,Are you at the game to have fun regardless of your skill level?,Yes,No,pandhuya-niking-S3InSrrXj1I-unsplash.jpg,all
62,No Makeup Selfie 2,"You send the person you’ve been talking to a no-makeup selfie before bed. They don’t reply until morning. You tell yourself they only like you with filters, and feel unattractive. ","The person says they fell asleep mid-typing and asks for coffee later, so you feel appreciated.",Resilience ,,Is it still true that they only like you with filters?,No,Yes,zeoob.com_4w32g5j0ld_photo.png,all
63,Situationship Post 2,"You and your situationship go to a party together. The next day, they post a story with you cropped off the edge. You assume they hid you because you looked bad. ","They explain that they weren't sure you were comfortable being posted, so you feel respected.",Resilience ,,Are you feeling respected after hearing their explanation?,Yes,No,zeoob.com_kpcxlyk1ho_photo.png,all
64,Graduation Post 2,You post about your graduation online. Your posts get fewer likes than your friend's. You start to feel invisible. ,"You realize people might just be busy, and they still care about you.",Resilience ,,Would people still care about you even though your post got fewer likes?,Yes,No,zeoob.com_kortindvvi_photo.png,all
65,Relationship Questions 2,"Someone you know posts a photo with their new boyfriend. You've never been in a relationship, and you start to wonder if you’re missing out on something important. You feel behind. ","You remind yourself that everyone moves at their own speed, and you feel reassured. ",Resilience ,,Is it true that you'll never have a relationship because you don't have one now?,No,Yes,zeoob.com_3tqcystw1j_photo.png,all
66,Abroad Photos 2,"You see a former classmate posting beautiful photos from their travels abroad. You wonder if your life is boring in comparison, and find yourself feeling insecure. ","You try to remember that social media shows carefully curated moments, not whole lives, and you feel better.",Resilience ,,Are you feeling better after remembering social media shows curated moments?,Yes,No,zeoob.com_ughetvzd8p_photo.png,all
67,Friend Driving Test 2,"Your friend posts a photo that says ""new driver!!!"" and you realize they passed their driving test. You have failed it twice, and you feel a pinch of insecurity as you think of all the things you're missing out on without your license. ","You remind yourself that you will pass eventually, and you feel steadier. ",Resilience ,,Are you feeling less envious after reminding yourself you'll pass eventually?,Yes,No,zeoob.com_rjtp06l2gn_photo.png,all
68,No Social Media,You do not want to get on social media. You have been pressured by several people and friends about getting it. The thought of feeling left out makes you feel sad. ,"You think about getting social media more, and still decide not to make an account. You think that this makes you unique. ",Resilience ,,Might choosing not to join social media make you unique?,Yes,No,https://unsplash.com/photos/a-group-of-people-sitting-around-a-wooden-table-Rz5EzyLpGJA,all
69,Phone Energy 2,"You are scrolling through your phone late at night when you come across an article about the climate change and phone use. You feel a twinge of eco-guilt imagining all the energy you waste just by scrolling. Even though you consider yourself climate conciouss, you feel hypocritical. ",You think that activism is allowed to be imperfect. ,Resilience ,,"Must you be flawless to make a difference on climate issues, in your view?",No,Yes,https://unsplash.com/photos/person-holding-black-remote-control-Cg94g0QFHv4,all
70,Climate Change News,"When scrolling through social media, you come across a headline about climate change. Reading about delayed climate action, you suddenly fear policymakers won’t adapt fast enough. You imagine being stuck with consequences you didn’t choose and you feel concerened. ","You remind yourself that change often comes in steps, not leaps, and you feel empowered. ",Resilience ,,Are you feeling empowered after reminding yourself change comes in steps?,Yes,No,https://drive.google.com/file/d/1r5zIeqVc3sq8CDh-Z1ntkXzEWxt_C-9c/view?usp=sharing,all
71,Casual Outfit,You’re getting ready for the school dance and your friends are all texting in the group chat. You notice your outfit suddenly looks way more casual than what your friends say they’re wearing. You suddenly worry your outfit is inappropriate.," After a few minutes, you consider that your outfit makes you feel comfortable and happy, and you come away feeling satisfied with your choice. ",Resilience ,,Are you feeling satisfied with your outfit choice?,Yes,No,https://unsplash.com/photos/person-holding-assorted-clothes-in-wooden-hanger-Fzde_6ITjkw,all
72,Friend Anniversary 2,"Your friend is celebrating their anniversary with their significant other and texts you a cute picture. Seeing the picture makes you think about how you've never been in a real relationship before. You imagine yourself celebrating an anniversary with your own significant other one day, and you feel dejected. ","Then you remind yourself that many people don’t find their significant other at this age, and you feel hopeful thinking about who you might meet in the future.",Resilience ,,Are you feeling permanently dejected about being single?,No,Yes,https://drive.google.com/file/d/1bB1nXIMZX6KcFunshJjenZ48SmGpaGRJ/view?usp=sharing,all
73,Misinformation,"Someone posts a misleading meme that everyone seems to believe. You think about how easily misinformation spreads, and feel your mind start to spiral with uncertainty. The realization leaves you feeling anxious about the future. ","When you think about the ability of people your age to spot false information and AI-generated content, you feel reassured. ",Resilience ,,Are you feeling reassured about your generation's ability to spot misinformation?,Yes,No,https://unsplash.com/photos/woman-holding-silver-iphone-6-SpVHcbuKi6E,all
74,Selfie Reaction 2,"You spend a while taking the perfect selfie to send to the person you're talking to. They react with a simple emoji instead of words, and you start overanalyzing whether they actually liked it. The uncertainty makes you feel discouraged. ",You remind yourself that people communicate differently. ,Resilience ,,Can you move forward without getting the exact response you hoped for?,Yes,No,https://unsplash.com/photos/a-person-holding-a-cell-phone-in-their-hand-PuqI0ZNWNtU,all
75,Sharing a Joke 2,"You show your friend a funny meme on your phone at lunch time, expecting them to laugh. They smile briefly, but don't seem that entertained. You feel an instant surge of embarrassment. ",Your friend probably didn't laugh because they're distracted. ,Resilience ,,Did your friend probably not laugh because they were distracted rather than because the meme was bad?,Yes,No,https://unsplash.com/photos/a-couple-of-people-sitting-on-top-of-a-bench-5O2WsA93zAQ,all
76,Group Chat Argument,"You and your friends have a group chat where you mostly talk about TV shows and fun inside jokes. One day, an argument breaks out between two of your closest friends. You feel tense and anxious, imagining friendships breaking apart, and feel the urge to try to fix everything. ","You recall that people can argue with one another and still remain friends, and you feel calmer. ",Resilience ,,"Does this disagreement mean your friendships are falling apart, in your view?",No,Yes,https://unsplash.com/photos/person-wearing-gold-ring-and-black-watch-JymzL7rN1PM,all
77,Bombed Test Story,"Your friend shares their test score on their story, showing they aced it. You bombed the same test and feel embarrassed. Then you remind yourself that one grade isn't your whole academic story, and you feel encouraged.",,Positive,,"The next time you don't get the grade you wanted, you will...",Not allow it to define you,Feel defeated,https://drive.google.com/file/d/1A8QcU4hsdi5wP4NrTgob9-ItvgjOdosC/view?usp=sharing,1
78,Graduation Comments,"You notice a friend has dozens of comments under their vacation post. You only got a handful, mostly from family. Then you remind yourself that attention online does not equal real-life support, and you feel secure.",,Positive,,You think that instragram comments...,Don't reflect the quality of your friendships,Are a sign of strong social connections,https://drive.google.com/file/d/1eIMm5Ajmqx6QOYlT6jBgX42FOEWWgGWv/view?usp=sharing,1
79,Government Climate Action,"Your social media feed fills with posts about governments not doing enough, and you feel anger rise in your stomach. You start fearing that older generations have ruined everything for you. You remind yourself that there is still time to create meaningful change, and you feel empowered. ",,Positive,,"When you think about the future, you feel...",Empowered to create change,Hopeless to fix anything,https://drive.google.com/file/d/1zkYnT8Mxd-PN0j7QnlvyMeIQ8Qmsf7rP/view?usp=sharing,1
80,Climate Issue Post,"You draft a post about climate issues but hover over the “share” button. You imagine people criticizing or misunderstanding your words. You consider that thoughtful intentions matter, and you create the post with a sense of confidence in your ideas. ",,Positive,,"When you think about responding to criticism, you feel...",Confident in your ideas,Anxious about offending others,https://unsplash.com/photos/person-using-black-smartphone-cAEQVM60PLI,1
81,Mulitple Climate Stories,"While waiting for class to start, you open a news app and notice several climate stories in a row. You start wondering if the constant updates mean the situation is getting worse by the day. You think news cycles repeat themes, and you feel reassured. ",,Positive,,Are you feeling reassured that news cycles tend to repeat themes?,Yes,No,https://unsplash.com/photos/a-person-sitting-on-a-bed-looking-at-a-cell-phone-0U3pQhDhTZ4,1
82,High Tempratures ,"While scrolling the news before bed, you notice several headlines about record-breaking temperatures in different parts of the world. Your chest tightens as you wonder whether this means things are speeding up beyond control. You remind yourself that headlines highlight extremes, not the whole picture, and you feel calmer. ",,Positive,,"Are you feeling calmer after reminding yourself headlines highlight extremes, not the whole picture?",Yes,No,https://unsplash.com/photos/a-person-holding-a-cell-phone-in-their-hand-nKGlH6_PDxk,1
83,Protest Pictures,"While scrolling social media, you notice classmates posting photos from a protest you didn’t attend. You start questioning whether your actions seem too small by comparison. You think online posts don't always tell the whole story, and you feel proud of your offline impact. ",,Positive,,You think that protests are...,One of many types of activism,The only way to be an activist,https://drive.google.com/file/d/1-jEgeh68_2R6f1bD7-TLRHgNJuS5aSyg/view?usp=sharing,1
84,Phone Energy 3,"Using your phone on a long scroll, you feel a twinge of eco-guilt imagining all the energy behind it. You worry you’re being hypocritical. You remind yourself that mindful use matters more than perfection. ",,Positive,,Do you believe mindful use matters more than absolute perfection?,Yes,No,https://unsplash.com/photos/person-holding-black-remote-control-Cg94g0QFHv4,1
85,Climate Article Argument,"Scrolling through comments under a climate article, you notice people arguing intensely. You wonder if no one is really on the same page or working together. You remind yourself online spaces show a limited perspective. ",,Positive,,You think online discussions are...,Only one piece of the conversation,An accurate reflection of public opinion,https://drive.google.com/file/d/1-kk5ypf8FsXk8Y1Z-Mjsf50lWFtWmI40/view?usp=sharing,1
86,Climate Spiral ,"Late at night, you scroll through social media and see a headline about another climate “tipping point.” Your stomach tightens as you wonder if this means things are about to spiral fast. You remind yourself headlines are designed to grab attention, and you feel your anxiety settle. ",,Positive,,Do you believe this headline means things are about to spiral out of control?,No,Yes,https://drive.google.com/file/d/1r5zIeqVc3sq8CDh-Z1ntkXzEWxt_C-9c/view?usp=sharing,1
87,Online Disagreement,"After seeing a climate disagreement online, you feel a rush of anger at adults who seem to ignore the problem. You imagine them ruining the world you’ll inherit. You remind yourself that many people are trying, even if progress feels slow, and you feel hopeful. ",,Positive,,"Are you feeling hopeful that people are still trying to help, even if progress feels slow?",Yes,No,https://drive.google.com/file/d/1-kk5ypf8FsXk8Y1Z-Mjsf50lWFtWmI40/view?usp=sharing,1
88,Request to Check Socials,"Your mom wants to scroll through your Instagram feed to see what you are posting. You worry that she's going to see something she doesn't like and be disappointed in you. You think about the posts you've made recently, and you feel confident that your mom will see that you are happy and having fun.",,Positive,,You think your mom will be...,Happy to see you are social and safe,Dissapointed in your social media prescene,https://drive.google.com/drive/folders/1uRwPbAA8d2JKaKCMOAKMTcHNiy387Rdn,1
89,Grandparent Photo,"Your friend posts a sweet photo with their grandparent and writes a heartfelt caption. You feel sad and a bit jealous, thinking about how much you miss yours. Then you remind yourself it's okay to grieve and feel joy for others at the same time, and you feel peaceful. ",,Positive,,Are you unable to feel happy for your friend because of your own grief?,No,Yes,https://drive.google.com/drive/folders/1hqA3AXPEiXTO6jdJodtghR3uuRiEIry5,1
90,Father's Day Post,"You see your friend doing a Father’s Day post. You scroll past quickly, remembering your dad hasn’t called in months. Then you remind yourself that families are complicated for more people than it seems online, and you feel understood.",,Positive,,Do you feel understood after realizing families are complicated for many people?,Yes,No,https://drive.google.com/file/d/1ylvVgTOvUYTifWMDlsPdcQ-QP0XueXT9/view?usp=sharing,1
91,Supportive Mom Tikok,"You see a TikTok where a teen talks about how supportive their mom is. You think about how hard it’s been with your mom lately and feel a lump in your throat. Then you remind yourself that not everyone shares the hard stuff online, and you feel validated.",,Positive,,Do you feel validated after remembering not everyone shares the hard stuff online?,Yes,No,https://drive.google.com/file/d/1A4xMpVmFzc4H_Lh5MgfdSALivQDtTdk8/view?usp=sharing,1
92,Extended Family Tiktok,"You see a TikTok of someone’s holiday party with cousins, uncles, grandparents—everyone dancing and singing. You feel the sting of knowing your extended family doesn’t talk much anymore. Then you remind yourself that chosen families and quieter holidays still hold value, and you feel okay with yours.",,Positive,,Do you think your family situation is inadequate compared to others'?,No,Yes,https://drive.google.com/file/d/1P2GOLNSBRIdwiE0PKMbDYdr7ryshkp3p/view?usp=sharing,1
93,Friend's Dog,"You see a friend post an old photo with their dog and write, “Still my best friend 🐶❤️.” You feel your chest tighten, thinking about the pet you just lost. You consider how grief is another from of love.  ",,Positive,,Thinking about your dog makes you feel...,"Sad, but happy for the time you had togerher",Like you will never be happy again,https://drive.google.com/file/d/13PunyqYxepgO0p_QwY6G5s40AnXSRc0_/view?usp=sharing,1
94,Family Post,"You look through your social media feed. You notice you posted a picture with your parents, and none of your other friends have posted pictures with their families. Your followers must think that you're genuine. ",,Positive,,"When you look at ther picture of your family, you feel...",Happy to have a supportive family,Uncool for hanging out with your family,https://drive.google.com/file/d/1AYgiy3YVRe6pXPxT2dAupZ4veiAQczjC/view?usp=sharing,1
95,Family Comparison,"Someone posts about how “grateful” they are for their strong, close-knit family. You think about your family, who aren't particularly close. You feel greatful for the connections that you do have. ",,Positive,,Are you feeling resentful about your family not being close-knit?,No,Yes,https://drive.google.com/file/d/1qU44VNBfc_6n14n0YYuyFf6kjtsI571y/view?usp=sharing,1
96,Left Out,"As you scroll through your social media accounts, you see that your closest friend is hanging out with someone you don't know. You wonder who this person is, and why you haven't heard about them. When you think about your friendship with this person, you still feel secure. ",,Positive,,"When you think of your friend hanigng out with other people, you feel...",Secure in your friendship,Rejected and alone,https://drive.google.com/file/d/136y0Emhx0dscHuD9fuXf4_wdbMk6ooF3/view?usp=sharing,1
97,Mom Checking Phone,"Your mom checks your phone while you’re in the kitchen. You feel angry and embarrassed. You remember that she has good intentions and is probably just worried about you, and you end up feeling alright.",,Positive,,"When you think about telling your mom how you feel, you find yourself feeling ",Upset but prepared to share your feelings,Unable to forgive her,https://unsplash.com/photos/person-using-smartphone-BjhUu6BpUZA,2
98,Awkward Photo,"You spot a photo of yourself someone posted from the school event. You notice that your shirt is falling awkwardly on your body, and feel uncomfortable. You think about your friends seeing this photo, and consider that they will be focused on themselves. ",,Positive,,Do you think your friends will judge how your shirt looks in the photo?,No,Yes,https://unsplash.com/photos/a-close-up-of-hands-holding-a-phone-YlvYu92GeBI,2
99,Unexpected Photo,"You notice someone take a quick photo of the room, and you might’ve been in the background. You worry you looked awkward or unposed. You remind yourself most people don’t even look at the background of photos, and you feel untroubled. ",,Positive,,Are you feeling untroubled after realizing most people don't look at photo backgrounds?,Yes,No,https://unsplash.com/photos/a-woman-taking-a-picture-of-herself-with-her-cell-phone-4G1NkY90rUE,2
100,Social Media Followers 3,"You have a lot of followers on social media. Your photo has only a few likes after a few hours, and usually by now you'd have a lot more reactions. You wonder if people aren't liking your post because they are busy. ",,Positive,,Is it possible people just haven't gotten to your post yet because they're busy?,Yes,No,https://drive.google.com/file/d/1RFoyne0cHEs8vSJvBpElaeYj145pAIOd/view?usp=sharing,2
101,Pictures with Friends,"You and your friend took some pictures together. You look through your feed and see that they tagged you in a post, and you really don't like how you look. But, you know that in the long run it won't matter. ",,Positive,,Will how you look in this tagged photo matter in the long run?,No,Yes,https://drive.google.com/file/d/1dKOaag10hgvN5zBxlFW_gbXjZK72Bu04/view?usp=sharing,2
102,Candid Photo,"Someone snaps a candid photo of you mid-laugh at lunch and shows everyone. You panic, thinking you look unflattering. You remind yourself candid photos are never perfect for anyone. ",,Positive,,"When you look at the photo, you...",Smile at the memory,Ask your friend to delete it,https://drive.google.com/file/d/1vTTrAVeiMvUbGy-An6aoeVmsdKGiy2Bw/view?usp=sharing,2
103,World News,"A notification pops up about world news, and instead of interest, you feel a dull wave of exhaustion wash over you. You worry you’re getting numb. You remind yourself rest protects empathy, and that it's okay to come back when your mind is clearer. ",,Positive,,Is it okay to rest and return to the news when your mind is clearer?,Yes,No,https://unsplash.com/photos/a-person-laying-in-bed-with-a-cell-phone-hMOP2AIIMbk,2
104,Video of Confident Friend,"You see a video of your friend giving a confident speech at school and getting praise in the comments. You feel anxious remembering how nervous you were just doing a class introduction. Then you remind yourself that growth looks different for everyone, and you feel kinder to yourself.",,Positive,,Are you being hard on yourself for feeling nervous during your class introduction?,No,Yes,https://drive.google.com/file/d/1In9GJoAqvPWgsbb9VtXrxUdtyJ6lzm3W/view?usp=sharing,2
105,Friend's Party,"You see a friend post a video at a party, laughing and surrounded by people. You feel disconnected, thinking about how hard it is for you just to leave the house. Then you remind yourself that confidence takes time and everyone has their own battles, and you feel patient with yourself.",,Positive,,"Are you feeling patient with yourself, knowing everyone has their own battles?",Yes,No,https://drive.google.com/file/d/1ahjqsfceAGb_-rafsYgPGsgKRlBWu3Qp/view?usp=sharing,2
106,Mental Health Post 3,"You make a post about mental health and worry people might judge you. You feel nervous and exposed. Then you remind yourself that being honest helps others too, so you feel confident.",,Positive,,Do you feel confident after reminding yourself that honesty helps others too?,Yes,No,https://drive.google.com/file/d/1jFPLXn6lv_fgh5eHXBjUaByBH1iTrB_L/view?usp=sharing,2
107,Friend Anniversary 3,"Your friend is celebrating their anniversary with their significant other and texts you a cute picture. Seeing the picture makes you think about how you've never been in a real relationship before. You imagine yourself celebrating an anniversary with your own significant other one day, and you feel hopeful. ",,Positive,,Do you feel hopeless about ever having a relationship like your friend's?,No,Yes,https://drive.google.com/file/d/1bB1nXIMZX6KcFunshJjenZ48SmGpaGRJ/view?usp=sharing,2
108,Curated Feed,"You see someone’s feed full of travel and perfect outfits. You compare it to your own feed and feel like you’re falling behind. Then you remember that people only post highlights, not real life, and you feel balanced.",,Positive,,Do you feel balanced after remembering people only post highlights?,Yes,No,https://drive.google.com/drive/folders/1hqA3AXPEiXTO6jdJodtghR3uuRiEIry5,2
109,Falling Behind,"You scroll through posts about people achieving awards or internships. You feel like you’re falling behind. Then you remind yourself that your path doesn’t need to look like theirs, and you feel the sense of pressure ease. ",,Positive,,Does the pressure ease after reminding yourself your path doesn't need to match theirs?,Yes,No,https://drive.google.com/drive/folders/1hqA3AXPEiXTO6jdJodtghR3uuRiEIry5,2
110,College Commitment ,"It's the fall of your senior year, and you play for a school sports team. You scroll through social media and see teammates posting commitment announcements and feel a lump in your throat, wondering if that will ever be you. You remind yourself that recruiting happens on different timelines, and you feel calmer.",,Positive,,Do you believe you'll never get a commitment announcement of your own?,No,Yes,https://drive.google.com/file/d/1dAbiX7KkXjKbBKX_4k3OREMSy4Qo7Snh/view?usp=sharing,2
111,No Social Media,"Your crush asks you about your social media accounts. You don't like social media, and have chosen not to have any accounts. Your crush will think that you are cool. ",,Positive,,Might your crush think you're cool for not being on social media?,Yes,No,https://unsplash.com/photos/a-person-holding-a-smart-phone-with-social-media-on-the-screen-0cpyFsSUiSc,2
112,Texting Crush 3,"You text your crush something funny. As you're waiting for a response, you see the three dots pop up, then disappear. Your crush is probably thinking. ",,Positive,,Is it possible your crush was simply thinking before responding?,Yes,No,https://drive.google.com/file/d/1eUXnrY50FnMPofCQO9OangfXxVTkRxJR/view?usp=sharing,2
113,Left on Delivered,You send your partner a TikTok that reminded you of an inside joke. They leave it on delivered even though they’ve been active online. You feel confident they'll watch the TikTok later. ,,Positive,,You think your crush left you on read...,Because they forgot,To send a message,https://drive.google.com/file/d/1QBeCF5ukjRI2_CDKuBbHL_RMvSUkaRj4/view?usp=sharing,2
114,No Makeup Selfie,You send the person you’ve been talking to a no-makeup selfie before bed. You stay up anxiously waiting for a response but they don’t reply until morning. You think they probably were sleeping. ,,Positive,,Do you think they were probably just asleep?,Yes,No,https://unsplash.com/photos/a-sad-little-girl-alone-in-darkness-sitting-and-using-smartphone-ZqTYd2qhrAw,2
115,Commenting on Ex's Post,"You see your crush comment under their ex’s post: “Proud of you.” You immediately think they still have feelings for each other. You remind yourself that connection doesn't just dissapear, and it is okay to be friends with an ex. ",,Positive,,"Is it okay to remain friends with an ex, even with a lingering connection?",Yes,No,https://drive.google.com/file/d/1uwPhCcuaRaOL9Df_fkhakKtf-OU0IuKT/view?usp=sharing,2
116,No Views from Crush 3,"You post something on your story, but your crush doesn’t view it even though they are online. You start to think maybe they’re not interested in you. You remind yourself that not everyone checks stories right away, and your anxiety fades. ",,Positive,,Does your anxiety fade after reminding yourself not everyone checks stories right away?,Yes,No,https://drive.google.com/drive/folders/1hqA3AXPEiXTO6jdJodtghR3uuRiEIry5,2
117,No Reaction,"You make a post that you spent a long time drafting.You crush doesn’t like it even though you can tell they are online. You consider the different possibilities, and decide your crush is probably distracted. ",,Positive,,Do you decide your crush was probably just distracted?,Yes,No,https://drive.google.com/drive/folders/1hqA3AXPEiXTO6jdJodtghR3uuRiEIry5,2
118,No Like From Crush,"You post a picture you actually feel good about, after debating the caption for twenty minutes. Hours later, your crush hasn’t liked it even though they’ve viewed your story. You consider that your crush may be offline. ",,Positive,,Could your crush simply be offline?,Yes,No,https://drive.google.com/file/d/1gDTYdbA7ZpJDLryCkaKiGCvlvr0TsUC_/view?usp=sharing,2
119,No Post Review,You open Instagram after school and see that the person you’ve been talking to make a new post. You notice they didn’t send you a draft first like they usually do. You think they probably skipped sending it to you because they were rushed. ,,Positive,,Do you think they skipped sending the draft because they were rushed?,Yes,No,https://drive.google.com/file/d/1dAbiX7KkXjKbBKX_4k3OREMSy4Qo7Snh/view?usp=sharing,2
120,Unexpected Snap Streak,"You notice your crush’s Snapchat streak with someone you barely know is longer than yours. Jealousy rises in your chest. You think about your crush having connections beyond you, and you feel understanding of their close friendships. ",,Positive,,"When you think about your snapchat streak with your partner, you feel...",Proud of your streak,Insecure about your streak,https://drive.google.com/file/d/1rr3T5cMLZQiuTvG5-1maEozjUDHeiQjf/view?usp=sharing,2
121,New Post by Crush,"You are scrolling social media one night, and see your crush made a new post. Your check their feed, and see they posted a picture with someone else. You think it likley that this person and your crush are friends. ",,Positive,,You think assuming the nature of a relationship...,Can lead to incorrect assumptions,Is usually the right thing to do ,https://drive.google.com/file/d/1mHXfXw-iahdLomYjWNPrlY48AeYpFlIm/view?usp=sharing,2
122,Crush's New Friend,You are scrolling social media late one night. You notice your crush added someone new on social media and liked several of their posts. You think they added this person because they want to be friends. ,,Positive,,Do you assume they added this new person because they want to be friends?,Yes,No,https://drive.google.com/file/d/1eIMm5Ajmqx6QOYlT6jBgX42FOEWWgGWv/view?usp=sharing,2
123,Disagreement with Crush,"You and your crush have a small disagreement. A few hours later, you see your crush repost a video about “protecting your peace”. You think the post is probably unrelated. ",,Positive,,Do you assume your crush's post about protecting their peace is aimed at you?,No,Yes,https://drive.google.com/file/d/1ZufpIXWlL-gfVGIuABejEhcsy86ladUo/view?usp=sharing,2
124,Snap Streak,"You and the person you’ve been talking to have a long Snap streak going, and it’s become part of your daily routine. One night, the streak almost expires because they don’t send anything back. You feel understanding about the slip in your routine. ",,Positive,,Are you feeling understanding about the slip in your streak?,Yes,No,https://unsplash.com/photos/a-yellow-and-blue-iphone-sitting-on-top-of-a-wooden-table-keIEK2B8qVI,2
125,Cropped Out,"The person you've been talking to posts a picture at a party with you cropped off the edge. You think they hid you because you didn’t look good enough. You realize they might not have been sure if you were comfortable being posted, and you feel forgiving.",,Positive,,Do you feel forgiving after considering they might not have known you were comfortable being posted?,Yes,No,zeoob.com_4w32g5j0ld_photo.png,2
126,Boyfriend Post,"Someone shares a TikTok saying, “My boyfriend is my best friend,” with a montage of cute moments. You feel a lump in your throat, wondering if you’ll ever have that. When you think about the future, you feel hopeful. ",,Positive,,Are you feeling hopeful about your future relationships?,Yes,No,https://drive.google.com/file/d/1ogBitMPipdn2Wpz-uHFfxISkqV4zY7gq/view?usp=sharing,2
127,Tagged with a Heart,"A friend posts a picture with your partner and tags them with a heart. You feel a quick rush of jealousy before you fully process it. You remind yourself symbols online don’t tell the whole story, and you feel calmer. ",,Positive,,Do you feel calmer after reminding yourself that symbols online don't tell the whole story?,Yes,No,https://drive.google.com/file/d/13ixZoOQGoG4I_iuhPAUt1fEN-StAWTuG/view?usp=sharing,2
128,Classmate Heart Emoji,"A classmate leaves a heart emoji under your crush’s latest post. Your stomach tightens as you picture what that might mean. You consider that people use emojis in different ways, and you feel calm. ",,Positive,,Do you feel calm after considering that people use emojis differently?,Yes,No,https://drive.google.com/file/d/1woUKD_EamU3vTaBIP7XWGxDcUSPAC2lO/view?usp=sharing,2
129,Friend Acing Test,"Your friend shares a story about acing a test, and you just found out you failed the same one. You feel embarrassed and behind. Then you remind yourself that people learn at different paces, and you feel motivated. ",,Positive,,Are you feeling permanently behind after failing the test?,No,Yes,https://unsplash.com/photos/bad-news-in-school-teens-in-class-the-teacher-gives-them-control-tasks-jiEEHO39L58,2
130,Dorm Tour,You see a friend post about a college dorm tour while you’re still trying to figure out your plans. You feel like you’ve fallen behind. Then you remind yourself that timelines vary and its okay to still be figuring things out. ,,Positive,,Is it okay that your timeline for figuring things out looks different from your friend's?,Yes,No,https://drive.google.com/file/d/1HjUTgOTx0y9zS0kXPDi8qXpA2u04zzXn/view?usp=sharing,2
131,Early Decision Post,Someone in your class posts about getting into your top college early decision. You are applying for financial aid and weren't able to apply early decision. You think about hearing back from the college in the spring and feel excited. ,,Positive,,Do you think you'll never hear back from your top college?,No,Yes,https://drive.google.com/file/d/1PutP4723LiSEfGQcgo-UcQOfug1Pw_si/view?usp=sharing,2
132,Friendly Competition,"You and your friend tried out for the same school sports team, and you made J.V. while they made varsity. Scrolling on your phone one night, you see your friend post photos from the varsity trip. When you think about the fun you've had on the J. V. team this year, you feel satisfied. ",,Positive,,Do you feel satisfied with your J.V. season?,Yes,No,https://drive.google.com/file/d/1_Uho08hINGhj1aHDyEoAQP0xQV_dHs1M/view?usp=sharing,2
133,New Car 3,"Someone in your grade posts a picture of the car their parents got them for their 16th birthday. Your family shares a single car, and your parents would not be able to afford to buy another one. You think about the thoughtful gifts your parents have given you over the years, and you feel grateful for your family.",,Positive,,Do you feel grateful for your family's thoughtfulness?,Yes,No,https://drive.google.com/file/d/1mMugLiVBHCGrdiF8iJ-9Q17F5ZTomhWe/view?usp=sharing,2
134,Family Photos,"Your mom took a bunch of photos of you at a family wedding. You are looking through all of the photos trying to decide what to post, and begin to feel stressed about choosing the ""perfect"" photo to post. You consider that the differences between the photos are probably insignificant. ",,Positive,,Are you feeling anxious about tiny differences between the wedding photos?,No,Yes,https://drive.google.com/file/d/1mMugLiVBHCGrdiF8iJ-9Q17F5ZTomhWe/view?usp=sharing,2
135,Friend Driving Test,"Your friends sends a photo that says ""new driver!!!"" and you realize they passed their driving test. You have failed it twice. You remind yourself that you will pass eventually, and this makes you feel anticipation. ",,Positive,,Do you feel a sense of anticipation about eventually passing your test?,Yes,No,https://drive.google.com/file/d/1cYAaoEaR5R9Dn7LPXD-Ik30kt6E5tqLh/view?usp=sharing,2
136,Graduation Post 3,"You post about your graduation online and get fewer likes than your friends. You start to feel invisible. You realize people might just be busy, and they still care about you.",,Positive,,Do people still care about you despite fewer likes on your post?,Yes,No,https://drive.google.com/file/d/11DcrbnMr7Hp8IK2Xwub-scmYb03pGcBQ/view?usp=sharing,2
137,Cute Classmate,"You meet a cute classmate in one of your classes. After school, they request to follow you on social media. Before you let them follow you, you look over your own feed and feel confident. ",,Positive,,Are you feeling insecure about your own social media feed?,No,Yes,https://unsplash.com/photos/a-person-holding-a-smart-phone-with-social-media-on-the-screen-0cpyFsSUiSc,all
138,Friend of Friend 3,"As you scroll through your social media, you see that your friends hung out without you yesterday. You didn't get an invite to hang out with them. You realize that sometimes your friends hang out without you, and that next time you can initiate the gathering. ",,Positive,,Can you initiate the next hangout with your friends?,Yes,No,https://drive.google.com/file/d/1gfgwBQBoR90ro7K7g584g2nppaMF06D2/view?usp=sharing,all
139,Going Viral ,"You see someone your age has gone viral for something cool. You feel like you’re not doing anything meaningful. Then you remind yourself that going viral isn’t the same as being fulfilled, and you feel centered.",,Positive,,Do you feel centered after reminding yourself fulfillment isn't the same as going viral?,Yes,No,https://drive.google.com/file/d/1kR9j3y_jZfBQFY4rM_M_jppvlN3ElaGZ/view?usp=sharing,all
140,Situationship Post,"Your situationship posts a party story with you cropped off the edge. You assume they hid you because you didn’t look good enough. They explain that they weren't sure you were comfortable being posted, so you feel respected.",,Positive,,Do you think they hid you from the photo because you didn't look good enough?,No,Yes,https://drive.google.com/file/d/1ahjqsfceAGb_-rafsYgPGsgKRlBWu3Qp/view?usp=sharing,all
141,Romantic Text,"You send a somewhat romantic text to your crush, feeling a thrill of excitement. When you check your phone, you notice they only sent a smiley face back, and your stomach drops as you wonder if they don't like you. You remind yourself that some people respond simply when uncertain, and a smiley face isn't a rejection. ",,Positive,,Is a simple smiley face not necessarily a rejection?,Yes,No,https://drive.google.com/file/d/1ca4L87EOiB4rxD3Xj4t7qDf-bszUoxyh/view?usp=sharing,all
142,Crush Liking Posts 3,"You notice your crush liked someone else’s post but not yours. Your stomach drops, wondering if they like that person more or just don’t care about you. You remind yourself that people sometimes interact randomly online, and it doesn't necessarily mean anything. ",,Positive,,Is it true that online interactions don't always mean something deeper?,Yes,No,https://drive.google.com/file/d/1woUKD_EamU3vTaBIP7XWGxDcUSPAC2lO/view?usp=sharing,all
143,Ex Posting,"You just had a really painful breakup with your partner. When you go online over the next week, you notice your ex posting smiling selfies and funny memes like everything’s fine. You consider that your ex might be looking for distraction. ",,Positive,,Do you believe your ex never really cared about the relationship?,No,Yes,https://drive.google.com/file/d/1gDTYdbA7ZpJDLryCkaKiGCvlvr0TsUC_/view?usp=sharing,all
144,Single on Valentine's Day,"Your feed is full of heart emojis, couples posing with flowers, and “lucky in love” captions. You start to feel like something must be wrong with you for always being single on Valentine’s Day. When you think about your future romantic prospects, you feel optimistc. ",,Positive,,Do you feel optimistic about your future romantic prospects?,Yes,No,https://unsplash.com/photos/a-person-holding-a-cell-phone-in-their-hand-6fc2LXMaIzM,all
145,Video Game Mistake,"You're playing a multiplayer video game with your friends and having a lot of fun. You make a mistake that causes your team to lose the round, and you feel heat rise in your cheeks, wondering if your friends are mad at you. You remind yourself that everyone has off games, and mistakes are universal. ",,Positive,,Are mistakes a universal part of playing games with friends?,Yes,No,https://unsplash.com/photos/a-man-wearing-headphones-playing-a-video-game-Fb9A11LfvdQ,all
146,Checking Feed,"You meet a new student in biology who seems really cool. After school, they request to follow you on your private social media account. Before you let them follow you, you look over your own feed and feel good. ",,Positive,,Are you feeling insecure about your own social media feed before letting them follow you?,No,Yes,https://unsplash.com/photos/person-holding-white-iphone-5-c-xE5SAT0WeTQ,all
147,No Social Media,"You meet a new classmate in your online class, and they ask you for your name on social media. When you tell them you don't have that app, they grow quiet. They must think that you are different, and that's alright. ",,Positive,,Is it alright that your classmate reacted differently to your lack of social media?,Yes,No,https://unsplash.com/photos/a-group-of-young-women-standing-around-a-classroom-iekv7nxFGo4,all
148,Following Back,"You follow someone new you met in one of your classes. After a few days, they still haven't followed you back. You feel happy to talk to them in class the next day. ",,Positive,,Do you feel happy to talk to them in class the next day?,Yes,No,https://unsplash.com/photos/a-group-of-young-women-standing-around-a-classroom-iekv7nxFGo4,all
149,No Smartphone,"Everyone else at your high school has a smartphone, but your parents haven't allowed you to get one yet. You get anxious thinking about the conversations and experiences you might be missing out on, and worry that your friends will leave you behind. Even though you don't have a smartphone, your friends will probably still make an effort to include you. 
",,Positive,,Do you worry your friends will leave you behind because you don't have a smartphone?,No,Yes,https://unsplash.com/photos/man-sitting-on-sofa-chair-reading-book-SCB6nhgNHZU,all
150,Deleting Drafts,"You try to post something funny, but keep deleting drafts because it doesn’t feel clever enough. You start to wonder if you’re just not naturally funny. Then you remind yourself that humor is subjective, and you feel psyched to share your post. ",,Positive,,Do you feel psyched to share your post?,Yes,No,https://unsplash.com/photos/a-close-up-of-a-person-holding-a-cell-phone--kZuiNDU5IY,all
151,Thoughtful Caption 3,"You try to make a thoughtful caption, but second-guess yourself before posting. You worry people will think it’s cringe. Then you remind yourself it reflects your real thoughts, and you feel proud for being authentic.",,Positive,,Do you feel proud for staying authentic in your caption?,Yes,No,https://unsplash.com/photos/white-and-yellow-remote-control-n120yoM_yxs,all
152,Skipped Post,"You skip posting for a few weeks and start worrying you’ve lost your “online presence.” You wonder if people forgot about you. Then you realize how nice the break felt, and you start to feel proud of how you use social media",,Positive,,Do you feel forgotten after taking a break from posting?,No,Yes,https://unsplash.com/photos/two-young-women-blowing-bubbles-in-a-park-jLggBkB3wDs,all
153,Deleted Post,"You post something you find funny, but delete it after 10 minutes. You panic that people didn’t get the joke. Then you remind yourself that your humor doesn’t need to land with everyone, and you feel okay with it.",,Positive,,Do you feel okay with your humor not landing with everyone?,Yes,No,https://unsplash.com/photos/a-person-is-using-a-mobile-phone-2f_zK0ruzJE,all
154,Gap in Posting,"You haven’t posted in a while and feel weirdly anxious about coming back online. You worry people will think it’s random or try-hard. Then you remind yourself no one is tracking the posting habits that closely, and you feel freer.",,Positive,,Do you feel freer after realizing no one tracks your posting habits that closely?,Yes,No,https://unsplash.com/photos/man-holding-gold-iphone-6-BQXOtp2lKnI,all
155,Photo Caption,"You are trying to think of a good caption for your next post. You find a really funny one on a website after doing a quick search, but it's different from the captions you usually see on the app. Your followers will think that it's witty. ",,Positive,,Do you worry your followers won't find your caption clever?,No,Yes,https://unsplash.com/photos/portrait-of-an-unrecognizable-young-man-using-smartphone-sitting-on-sofa-at-home-social-networks-concept-WmkogOVWQ-A,all
156,Active Online,"The person you’re talking to leaves your message on delivered for hours, but you see them active online. You feel a knot in your stomach as you stare at their online icon, trying to guess what it means.  You remind yourself that behavior online isn’t always logical, and they are probably busy. ",,Positive,,Are they probably just busy rather than ignoring you?,Yes,No,https://pixabay.com/photos/iphone-mobile-smartphone-cell-phone-2618731/,all
157,Distant Childhood Friend,"Your friend posts a TikTok of their childhood best friend surprising them with coffee. You think about how distant you and your childhood best friend have become. Then you remind yourself that it's normal for relationships go through rough patches, and you start to feel understanding. ",,Positive,,Do you feel understanding about the distance in your friendship?,Yes,No,https://drive.google.com/file/d/1u-lKWWxXStl0kzvkVl1gkhjp7EF9y62O/view?usp=sharing,all
158,Empty Twitch Stream,"You’re streaming a video game on Twitch and no one joins. You start thinking maybe no one wants to see you play and you feel really embarassed. Before you can turn off the stream, a few people join and begin to message in the chat, and you feel delighted. ",,Positive,,Do you still feel embarrassed once people join your stream?,No,Yes,https://unsplash.com/photos/person-holding-black-game-controller-X6QffKLwyoQ,all
159,Voice Message,"You send a voice message to a new friend, and they don't reply. You start to worry that your voice sounded weird or that your new friend doesn't like voice messages. You remember your friend doesn't check their messages that much and probably hasn't seen it yet.  ",,Positive,,Has your friend probably just not seen your voice message yet?,Yes,No,https://drive.google.com/file/d/19dl56LvsLIjvc11B9Uwdx3ngBhs93PmG/view?usp=sharing,all
160,Pending Follow Request,"You send a new friend a follow request, and it’s still pending after a few days. You wonder if they’re ignoring you. After a while, you deicde they are probably busy. ",,Positive,,Do you decide they are probably just busy?,Yes,No,https://unsplash.com/photos/woman-holding-phone-_XR5rkprHQU,all
161,Short Reply,"You send a long text to your friend, and your friend responds with just “ok.” You wonder if they are being short because they are annoyed or upset with you. You think about how they have a lot of work this week and are probably just distracted and will text you later. ",,Positive,,Do you believe your friend is upset with you because of their short reply?,No,Yes,https://unsplash.com/photos/portrait-of-a-nonbinary-autistic-person-using-their-mobile-phone-indoors-vvW2WF-999g,all
162,Story Views 3,"You post something on your story, but your best friend doesn’t view it even though they are online. You start to think maybe they’re not interested in you. You remind yourself that not everyone checks stories right away, and your anxiety fades. ",,Positive,,Does your anxiety fade after reminding yourself not everyone checks stories right away?,Yes,No,https://drive.google.com/file/d/1qFO0h7SaHy-oK4ObdRNe-DWy_lVrH377/view?usp=sharing,all
163,Snapchat Add,You open Snapchat and you see an acquaintance that you do not have added is mentioned in a post with one of your friends. You decide to add them but after a couple days they do not add you back. You think they're probably offline. ,,Positive,,Do you think they're probably just offline?,Yes,No,https://drive.google.com/file/d/1mHXfXw-iahdLomYjWNPrlY48AeYpFlIm/view?usp=sharing,all
164,Post Engagement,"You notice your friend stopped interacting with your Instagram content. You wonder if they’ve stopped liking you altogether. You remind yourself that people go through phases with downloading and deleting Instagram, and you friend is probably offline. ",,Positive,,Do you believe your friend has stopped liking you altogether?,No,Yes,https://unsplash.com/photos/a-person-sitting-on-the-floor-using-a-cell-phone-ltUXvjSluro,all
165,Feeling Overlooked,"You notice your friend comments on someone else’s post but not yours. You feel overlooked and a little hurt. Then you remember social media doesn’t always reflect real friendships, so you feel reassured.",,Positive,,Do you feel reassured that social media doesn't always reflect real friendships?,Yes,No,https://drive.google.com/file/d/1eIMm5Ajmqx6QOYlT6jBgX42FOEWWgGWv/view?usp=sharing,all
166,Tagging a New Friend,"You notice a friend keeps tagging someone else in all their photos lately. You start to worry they’re replacing you. But when you check your messages, you see they’ve been talking to you just as much, so you start to feel reassured.",,Positive,,Do you feel reassured after checking your messages?,Yes,No,https://drive.google.com/file/d/1iJxfhhrpLBkmjIfjPgyPSzfNGuu05_eO/view?usp=sharing,all
167,Excluded from Private Story,"You learn you’re not on someone’s private story. You worry they don’t trust you and feel embarrassment settle in your chest. You remind yourself that people curate those lists for many reasons, and it is common to limit viewers. 
",,Positive,,Do you feel like your friend doesn't trust you because you weren't added to their private story?,No,Yes,https://unsplash.com/photos/person-holding-white-card-with-man-in-black-suit-jacket-jgS5TjOivCg,all
168,Online Gaming,"You join an online game, and everyone else seems much more skilled than you. You feel out of place and worry they’ll start to trash-talk you. You remember that no matter what anyone, says you are here to have fun, and all you can do is your best. ",,Positive,,Are you at the game to have fun regardless of your skill level?,Yes,No,https://unsplash.com/photos/a-man-sitting-in-front-of-a-laptop-computer-QuDw60HOysg,all
169,Not Tagged 3,"You don’t get tagged in a group photo on Instagram even though you were there. You wonder if the person posting it didn’t want people to know you were part of the group.
You notice that a few other people weren't tagged either, and realize that the person posting the photos probably doesn't follow you yet. ",,Positive,,Do you wonder why you weren't tagged in the group photo?,Yes,No,https://drive.google.com/file/d/1YZNvY59gmmSNYRF5GOy9ubSn13ovIQaU/view?usp=sharing,all
170,Text from a Friend,"You and your friend had a small disagreement over text before you went to bed. When you wake up the next morning, you see a notification on your phone screen indicating they've sent you a message. Your first thought is that they’re trying to apologize. ",,Positive,,Do you think they're reaching out to apologize?,No,Yes,https://drive.google.com/file/d/1IuNEawfjpO9rfB1iTIhtjK9QYgPJVyC6/view?usp=sharing,all
171,Feeling Excluded,"Someone from school posts about hanging out with your friend group, but you weren’t invited. You wonder if they’re excluding you on purpose. Then you remind yourself that not every plan includes everyone all the time, and you feel better.",,Positive,,Do you feel better after reminding yourself not every plan includes everyone?,Yes,No,https://drive.google.com/file/d/1vTTrAVeiMvUbGy-An6aoeVmsdKGiy2Bw/view?usp=sharing,all
172,Debates in the Group Chat,"Kids in your group chat argue like it’s a debate club, then log off and forget about it. You feel a sharp frustration because you can’t just brush it off like that. You remind yourself that different lives create different stakes, and you feel calmer stepping away to protect your energy.
",,Positive,,Do you feel unable to let go of the group chat argument?,Yes,No,https://unsplash.com/photos/person-using-smartphone-DKP4nVDRaIE,all
173,Friend's Internship,"Your friend posts that they got the internship you applied for too. You feel jealous and start thinking you're not good enough. Then you remind yourself that one opportunity doesn’t define your path, and you start to feel hopeful.",,Positive,,Do you feel hopeful after reminding yourself one opportunity doesn't define your path?,No,Yes,https://drive.google.com/file/d/150nWk1prQq9oJWmSk7dkccM39fwteiCM/view?usp=sharing,all
174,College FOMO,"Your friends are posting about college visits, and you feel like you're missing out because you're not following the same route. You think they might judge your choice. Then you remember that many people find success without a four-year degree, and you feel happier about your decision.",,Positive,,Do you feel happier about your decision not to follow the traditional college route?,Yes,No,https://drive.google.com/file/d/1HjUTgOTx0y9zS0kXPDi8qXpA2u04zzXn/view?usp=sharing,all
175,Work FOMO,"On your break, you scroll through group messages about a hangout happening tonight. You wonder how often work will keep overlapping with plans. When you think about creating future plans with friends, you feel confident they will understand your work schedule. ",,Positive,,Do you think you're missing out by not following the same college-visit route as your friends?,Yes,No,https://unsplash.com/photos/young-woman-looking-at-her-smartphone-with-colorful-background-TgdCXkQxrJ4,all
176,Scrolling On Break,"You sit in the break room scrolling through photos from a school event you skipped for work. You wonder how often you’ll be choosing one thing over another. You think about the free time you'll have in the future, and feel lighter. ",,Positive,,Do you feel lighter thinking about your future free time?,No,Yes,https://unsplash.com/photos/woman-in-purple-and-black-stripe-long-sleeve-shirt-holding-blue-smartphone-X9ZIgLrwx-w,all
177,DMing Crush,You DM your crush about a show you both like. Their response to you seems short. You consider that they might be busy. ,,Positive,,Might they simply be busy rather than uninterested?,Yes,No,https://drive.google.com/file/d/1jIbDbiGGZxhvo_LBtKBfQoRDyMVhUR_B/view?usp=sharing,all
178,Accidental Like 3,"You are scrolling on your crush's Instagram and accidentally like an old photo. You immediately feel embarrassed and unlike the photo, but know your crush will still get the notification. You feel anxious for a bit before remembering that your crush gets a lot of notifications and probably won't even notice. ",,Positive,,Do you think your crush will definitely notice and be upset about the accidental like?,Yes,No,https://unsplash.com/photos/a-person-holding-a-cell-phone-x70p5Zau7sY,all
179,Relationship Questions,"Someone you know posts a photo with their new boyfriend. You've never been in a relationship, and you start to wonder if you’re missing out on something important. You remind yourself that everyone moves at their own speed, and just because you don't have a relationship now doesn't mean you won't have one in the future. ",,Positive,,Do you believe everyone moves at their own pace in relationships?,No,Yes,https://drive.google.com/file/d/1c2c7mWo959a4wMvYouYRZ2dLefiOUihe/view?usp=sharing,all
180,No Reply,"Your group chat lights up, but no one replies to the message you sent. You worry your story wasn’t interesting or that everyone is annoyed. You realize people respond when they can, and you feel relaxed. ",,Positive,,Do you feel relaxed after realizing people respond when they can?,Yes,No,https://drive.google.com/file/d/1zFBSUhRviUDij01sXoWa3fnQ-ajxekFu/view?usp=sharing,all
181,Homecoming Photo,"Your friend posts a group photo from Homecoming on Instagram. You are scanning the photo and realize that she posted a photo where you are making a really weird face. You think about how much fun you had at Homecoming, and how no one else is really going to be paying attention to other people's faces, and you smile. ",,Positive,,Do you think everyone will notice your weird face in the photo?,Yes,No,https://drive.google.com/file/d/1eqX9B5Ls2G8Cvj3oYr3L0p0DCTsa4k2x/view?usp=sharing,all
182,Untagged Group Photo,"You weren’t tagged in a group photo, but everyone else was. You start to wonder if they purposely left you out. You remind yourself that tagging mistakes happen all the time, and you start to feel relaxed.",,Positive,,Do you feel relaxed after reminding yourself tagging mistakes happen all the time?,No,Yes,https://drive.google.com/file/d/13ixZoOQGoG4I_iuhPAUt1fEN-StAWTuG/view?usp=sharing,all
183,Left On Read,"You text someone, and they leave you on read. You worry they’re annoyed at you, and your thoughts start spiraling into unlikely possibilities. You remind yourself that sometimes you are too busy to respond right away when someone texts you, and you feel understanding. ",,Positive,,Do you feel understanding about why they haven't responded yet?,Yes,No,https://unsplash.com/photos/man-using-smartphone-uYdZFJsjJUs,all
184,Delayed Reply,"You send your friend a funny meme and they don’t respond all day. You wonder if they’re ignoring you on purpose and begin to feel stressed. A few hours later, they reply with ""lol I just saw this now,"" and you realize they were just busy. ",,Positive,,Do you believe your friend was ignoring you on purpose?,No,Yes,https://drive.google.com/file/d/1m0AmXWWTiF-SThYKQZZEz3cwtULalIC5/view?usp=sharing,all
185,Vulnerable Message,"You send a long message opening up to a new friend and don’t get a reply right away. You feel exposed and begin to regret sharing so much. You remind yourself that emotional texts sometimes take time to respond to, and you just need to be patient. ",,Positive,,Do you feel patient waiting for a reply to your emotional message?,Yes,No,https://drive.google.com/file/d/1tsjmq-N8c0yR31ocCGM6mELwiqtTu1y-/view?usp=sharing,all
186,Important DM,You send a long DM to someone about something important to you. They reply with just a few words. You think they are probably busy. ,,Positive,,Do you think they are probably just busy?,Yes,No,https://drive.google.com/file/d/1cnYb5MF2gfKImnDIDio2nDtUdHB9tKGx/view?usp=sharing,all
187,Left Out of Post,"You see two of your friends tag each other in a “bestie” post. You suddenly feel like the third wheel. Then you remind yourself that your friendships don’t have to look the same, and you feel secure.",,Positive,,Do you feel like a third wheel in your friendships?,No,Yes,https://drive.google.com/file/d/1s61mxZfbdrsdp2-LsCLqaA19px-zqa55/view?usp=sharing,all
188,Getting Replaced,"You see a picture of your best friend laughing with new people they met over the summer. You feel anxious, worried that you’re being replaced by a cooler group. Your friend is probably expanding their social circle. ",,Positive,,Is your friend probably just expanding their social circle rather than replacing you?,Yes,No,https://drive.google.com/file/d/1dKOaag10hgvN5zBxlFW_gbXjZK72Bu04/view?usp=sharing,all
189,Missing a Hangout,"You see a new post on your social media app and realize some of your friends are hanging out right now. You don't remember being invited to hangout with them. You think about missing out on the fun, and think that you weren't invited because you are busy.",,Positive,,Do you think you might have just missed the invite because you were busy?,Yes,No,https://drive.google.com/file/d/1iJxfhhrpLBkmjIfjPgyPSzfNGuu05_eO/view?usp=sharing,all
190,Heart-React 3,"You reply to a friend’s story, and they heart-react but don’t respond. You worry they’re brushing you off. Then you remind yourself that people show appreciation in different ways, and you feel cheerful.",,Positive,,Do you believe your friend is brushing you off?,No,Yes,https://drive.google.com/file/d/1FFA4iEYuQbVSzxA-R7KOpexHeWFAQO5F/view?usp=sharing,all
191,Expecting a Comment,"You posted a selfie on social media a few hours ago. Your best friend hasn't commented on it yet, even though they usually comment on your posts immediately, and they just posted a photo of their own. You think that the post probably wasn't seen. ",,Positive,,Do you think your post probably just wasn't seen yet?,Yes,No,https://drive.google.com/file/d/1gDTYdbA7ZpJDLryCkaKiGCvlvr0TsUC_/view?usp=sharing,all
192,Joking Response,"You post something serious, and people only reply with jokes or GIFs. You wonder if they’re not taking you seriously. Then you remember that some people use humor to connect, and you feel understanding.",,Positive,,Do you feel understanding that some people use humor to connect?,Yes,No,https://drive.google.com/file/d/1jFPLXn6lv_fgh5eHXBjUaByBH1iTrB_L/view?usp=sharing,all
193,Emoji Response,"You post a video, and someone replies with a single emoji. You feel uncertain and wonder if they’re mocking you. You think people sometimes interpret emojis differently, and feel yourself starting to smile. ",,Positive,,Do you think they're mocking you with the emoji?,No,Yes,https://unsplash.com/photos/a-person-holding-a-cell-phone-in-their-hand-GYRA3E1hOuE,all
194,Unexpected Social Media Reaction,"You post a video of yourself dancing, and a few people view it without reacting. You start to think they’re judging you behind your back. Then you realize most people just scroll without reacting, so you feel relaxed about it.",,Positive,,Do you feel relaxed realizing most people just scroll without reacting?,Yes,No,https://unsplash.com/photos/woman-wearing-knit-hat-holding-phone-E_kQcyBFV1c,all
195,Embarrassing Comment,You post a short video. Your best friend comments on something really embarrassing. Your followers will think that you and your friend are close. ,,Positive,,Will your followers think you and your friend are close?,Yes,No,https://drive.google.com/file/d/1t1I70BWhpFEk92Uj9czptY2yUxZdajJw/view?usp=sharing,all
196,Selfie Comparison 3,You post a selfie you felt reallt good about. One of your friend's makes a post right after—and their post gets way more likes. You feel understading of how post visibility can fluctuate. ,,Positive,,Are you upset that your friend's post got more likes than yours?,No,Yes,https://drive.google.com/file/d/1OgNZU4EM4dRDjvlkwA0NEYsE4WmCyTdk/view?usp=sharing,all
197,Message to New Friend,"You message someone new, and it takes them a while to reply. You wonder if you were too forward. You remind yourself that people respond on their own timeline, and it is normal for some people to communicate differently. ",,Positive,,Is it normal for people to communicate on their own timeline?,Yes,No,https://drive.google.com/file/d/1tsjmq-N8c0yR31ocCGM6mELwiqtTu1y-/view?usp=sharing,all
198,Skipping a Movie Night,"You had a really long day at school and are feeling tired, so you decide to stay home from the movie night at your friend's house. You see everyone posting about it on Snapchat, and you start to feel regretful and left out. However, you think about how tired you felt after school, and how nice it has felt to rest and recharge, and feel confident in your choice. ",,Positive,,Do you regret staying home from movie night?,No,Yes,https://drive.google.com/file/d/1PV5wqPCW5E6HimVKspEI0SsTqUpNyMIk/view?usp=sharing,all
199,Unexpected Reply Onlline,"You DM someone a funny meme you find online. After a few minutes, they reply “lol” with no emoji. You consider that this short response signals interest in what you sent. ",,Positive,,Could their short reply signal genuine interest?,Yes,No,https://drive.google.com/file/d/1OF6hyCnfkVmC_7hOPq7v4ediTJBUGyvC/view?usp=sharing,all
200,Haircut DM,"You DM someone a compliment about their new haircut and they just like the message without replying. You feel brushed off and kind of embarrassed. Then you remind yourself they might not know what to say, and you feel forgiving. ",,Positive,,Do you feel embarrassed that they only liked your compliment instead of replying?,No,Yes,https://unsplash.com/photos/man-in-white-crew-neck-top-using-smartphone-outdoors-2toj_4L8M2M,all
201,Unopened Message,"You can see that a friend opened the photo you sent, but didn't respond to you. You know that they're posting other things, so they're definitely on their phone. Your friend probably didn't respond because they forgot. ",,Positive,,Did your friend probably just forget to respond?,Yes,No,https://drive.google.com/file/d/1rr3T5cMLZQiuTvG5-1maEozjUDHeiQjf/view?usp=sharing,all
202,Ex Follows Friend,"You are looking through your best friend's ""following"" list to find a mutual acquaintance. You feel a jolt as you notice that your ex still follows your best friend. You think about why this might be, and decide you are unconcerned that something might be going on between them. ",,Positive,,Do you feel unconcerned about your ex still following your best friend?,Yes,No,https://unsplash.com/photos/person-wearing-gold-ring-and-black-watch-JymzL7rN1PM,all
203,Snapmap Exclusion,"You are checking Snapchat and go to look at your best friend's location on the Snapmap. You see that she's at her house with a few other girls from your grade, and briefly feel sad that she's hanging out without you. However, you remember that she has other friends, and that is okay. ",,Positive,,Are you upset that your best friend is hanging out without you?,No,Yes,https://drive.google.com/file/d/1o6RpsIv4y5D9AJd_hfFF-GwqLReJsEf4/view?usp=sharing,all
204,Instagram Comments,"One of your friends always comments on your Instagram posts, and you feel obligated to comment on hers. You realize she made a post a few days ago, and you didn't post a comment. You feel anxious for a few moments before realizing that she probably didn't notice. ",,Positive,,Do you feel relieved realizing she probably didn't notice your missing comment?,Yes,No,https://drive.google.com/file/d/1OgNZU4EM4dRDjvlkwA0NEYsE4WmCyTdk/view?usp=sharing,all
205,Sarcastic Reply,"After reading through a friend's post, you decide to leave a nice comment. The friend replies a bit rudely, and you feel hurt. You remember that your friend is sometimes sarcastic, and probably didn't mean you harm. ",,Positive,,Do you believe your friend probably didn't mean any harm?,Yes,No,https://drive.google.com/file/d/1t1I70BWhpFEk92Uj9czptY2yUxZdajJw/view?usp=sharing,all
206,Same School Rejection,"Your friend posts a photo holding their college acceptance letter. You just got rejected from the same school. Then you remind yourself that rejection is part of the process for a lot of people, and you start to feel steadier.",,Positive,,Do you feel like your college rejection means you've failed?,No,Yes,https://drive.google.com/file/d/1dAbiX7KkXjKbBKX_4k3OREMSy4Qo7Snh/view?usp=sharing,all
207,Perfect Selfie,"You try to take the perfect selfie, but delete it over and over. You feel like you can’t post unless you look perfect. You remind yourself that no one is actually zooming in like you are, and you feel happy with your most recent attempt. ",,Positive,,Do you feel happy with your most recent selfie attempt?,Yes,No,https://unsplash.com/photos/a-woman-taking-a-picture-with-her-cell-phone-6enQSaGKxlY,all
208,Friend Photo,"You take a picture of your friend that is really great. You are about to post it, but remember that you just posted photos yesterday. If you post again, you think people won't notice. ",,Positive,,Do you think people probably won't notice you posting again so soon?,Yes,No,https://unsplash.com/photos/front-view-of-group-of-teenagers-gang-sitting-indoors-in-abandoned-building-taking-selfie-with-smartphone-PcapYplWNdA,all
209,Swimsuit Photo,You take a photo in a new swimsuit but are hesitant to post it. You worry others will judge your stomach and feel your chest tighten. You remind yourself that others are focused on themselves and don't notice the same things you do. ,,Positive,,Do you think others are focused on your stomach in the swimsuit photo?,No,Yes,https://drive.google.com/file/d/1YTf0gJAsd9cxlXcQgmJy9ui2ftG6BQjv/view?usp=sharing,all
210,Abroad Photos,"You see a former classmate posting beautiful photos from their travels abroad. You wonder if your life is boring in comparison, and find yourself feeling insecure. You try to remember that social media shows carefully curated moments, not whole lives, and you feel settled.",,Positive,,Do you feel settled after remembering social media shows curated moments?,Yes,No,https://drive.google.com/file/d/1e2bRHJPQnCJqheZuufUXE_rCsoiI9rjn/view?usp=sharing,all
211,Follower Loss 3,"You post something important to you and lose a few followers after. You feel like you made a mistake sharing it. Then you remind yourself that staying true to yourself matters more than numbers, so you feel confident.",,Positive,,Do you feel confident that staying true to yourself matters more than follower count?,Yes,No,https://drive.google.com/file/d/1-jEgeh68_2R6f1bD7-TLRHgNJuS5aSyg/view?usp=sharing,all
212,Slow Likes 3,"You post a selfie you really like to your Snapchat story. After a few hours, only one person has swiped up to respond. You look over the picture again, and feel confident in how your look. ",,Positive,,Do you feel insecure about how you look in the selfie?,No,Yes,https://unsplash.com/photos/a-close-up-of-a-person-holding-a-cell-phone-7TnTV3MzcQk,all
213,Posting a Selfie,"You post a selfie on your Instagram story right before dinner. During the meal, you keep checking your notifications for likes. You think about not getting any likes on your selfie, and feel confident in your decision to post it. ",,Positive,,Do you feel confident in your decision to post the selfie?,Yes,No,https://unsplash.com/photos/person-holding-black-android-smartphone-wK-elt11pF0,all
214,Story Poll,"You post a poll on your story. Only a small handful of people vote in it, though many more view the story. You consider that voting in social media polls takes time, and people are probably inattentive.",,Positive,,Are people probably just inattentive rather than uninterested in your poll?,Yes,No,https://drive.google.com/file/d/1rmeCeGbmJMCcuG3TUjA85V3CPRufkNZE/view?usp=sharing,all
215,Playlist Link,"You post a playlist link that you spent along time making. After a few hours, barely anyone has clicked on it. You open the playlist to look at it again, and feel pleased with your taste in music. ",,Positive,,Do you feel pleased with your taste in music?,Yes,No,https://drive.google.com/file/d/1CuzeSKazRgz2xuePEfhVP3EWvcISLX45/view?usp=sharing,all
216,Clever Caption,"You post a picture with a caption you thought was clever. A few people comment, but no one mentions the caption. You think most people proabbly skipped the caption. ",,Positive,,Did most people probably just skip reading your caption?,Yes,No,https://drive.google.com/file/d/1KpbqUWdrPTs0JO7li6qvemhLEizZtjse/view?usp=sharing,all
217,Confident Photo,You post a picture that you are really confident about. You see a really rude comment as you go back to check your comments. You take a deep breath and decide not to feel bothered. ,,Positive,,Do you decide not to let the rude comment bother you?,Yes,No,https://drive.google.com/file/d/1GZXCdc9IGKe_iVC8MNSzqMakpWb8CwKv/view?usp=sharing,all
218,No Likes,You post a photo of your outfit and barely get any responses. You start to think maybe people don’t think you look good. You think your friends are probably busy. ,,Positive,,Are your friends probably just busy rather than judging your outfit?,Yes,No,https://drive.google.com/file/d/1iW6c6d2CgrzeF8cU7MIjO2SlxhiEEcI5/view?usp=sharing,all
219,Weekend Photo,"You post a photo from a fun event you attended over the weekend. It only gets a few likes, and you worry people think you look awkward. You remind yourself that the algorithm is unpredictable, and people may be missing your post. ",,Positive,,Is the algorithm probably just unpredictable rather than a reflection of how you look?,Yes,No,https://drive.google.com/file/d/1woUKD_EamU3vTaBIP7XWGxDcUSPAC2lO/view?usp=sharing,all
220,Posing for Photo,"You pose for a friend’s photo, but notice one arm looks awkward. You worry everyone will notice and feel heat rush to your face. You remind yourself that small things rarely stand out to others, and you feel confident. ",,Positive,,Do you feel confident that small things rarely stand out to others?,Yes,No,https://drive.google.com/file/d/1vTTrAVeiMvUbGy-An6aoeVmsdKGiy2Bw/view?usp=sharing,all
221,Posting Videos,"You notice there are a lot of attractive people posting videos. You are a little uncomfortable posting a video, but post anyway. You feel confident in how you look in the video. ",,Positive,,Do you feel confident in how you look in your video?,Yes,No,https://unsplash.com/photos/a-woman-standing-in-front-of-a-camera-holding-her-hand-up-Aa_8Fz_B2ZI,all
222,TikTok Dance,"You make a TikTok doing a popular dance trend and it barely gets any views. It took you a long time to learn, but you wonder if people think your performance is cringe. You think about how many other people have done the dance trend, and feel proud of yourself for learning it. 
",,Positive,,Do you feel proud of yourself for learning the dance trend?,Yes,No,https://unsplash.com/photos/portrait-of-sisters-indoors-at-home-making-video-with-smartphone-lockdown-concept-pCxOhlSXcUA,all
223,Important Post 3,"You make a post about something you care about, but barely anyone engages. You feel embarrassed, like maybe you overshared. Then you realize not everyone sees every post, and your sense of awkwardness fades. ",,Positive,,Does your sense of awkwardness fade once you realize not everyone sees every post?,Yes,No,https://drive.google.com/file/d/1-jEgeh68_2R6f1bD7-TLRHgNJuS5aSyg/view?usp=sharing,all
224,Online Hangout 3,"You see from social media stories that a group of your friends are hanging out together. You weren't invited, and it looks like they're having a great time. Your friends probably didn't invite you because they forgot. ",,Positive,,Do you forgive your friend for the mistake? ,Yes,No,https://drive.google.com/file/d/1gfgwBQBoR90ro7K7g584g2nppaMF06D2/view?usp=sharing,all
225,Weekend Trip 3,You scroll through your feed and see friends posting about their weekend trip. You weren’t invited. You think they probably didn't invite you because of space. ,,Positive,,"Even though you are hurt, do you still try to enjoy your day? ",Yes,No,https://drive.google.com/file/d/1eqX9B5Ls2G8Cvj3oYr3L0p0DCTsa4k2x/view?usp=sharing,all