Scenario Number,Scenario Title,Scenario,Scenario Body 2 (Resilience Only) ,Valence,Comprehension Question,Correct Response,Incorrect Response,Photo Link,Letters Missing
1,Stomach Ache 1,"You have been anxious about an upcoming test for class. On the day of the test, you notice that your stomach is aching. You think that the stomach ache must be from anxiety. ",,Negative,Are you worried about the cause of your stomach ache? ,Yes,,https://drive.google.com/file/d/1xUVHP-lj26dCvOIiMMMta2bgIGRH5hR9/view,1
2,ACT Scores 1 ,Your friends talk about their high ACT scores. You worry that your lower score means you're not smart and feel your confidence fall sharply. You tell yourself a single test will make or break your entire application. ,,Negative,Do you think the test will make or break your grade? ,Yes,,https://drive.google.com/drive/folders/11erz7svhT8lBivklKfbquawegoQR5jNN,1
3,Highlight Reel 1,"You scroll through your feed and see a friend’s post showing their academic achievements. You think about how your grades aren't as good, and start feeling like you're not measuring up. It leaves you feeling disappointed.",,Negative,Do you feel good about your grade? ,No,,https://unsplash.com/photos/woman-using-smartphone-0wyy5mAj1-o,1
4,Dream Colleges 1,You hear your friends bragging about their dream colleges. You worry your choices seem “less impressive” and feel your stomach sink. You think your friends probably judge you for your choice of colleges. ,,Negative,Do you feel judged by your friends? ,Yes,,https://unsplash.com/photos/young-women-talking-in-a-casual-setting-q19hWugG0MU,1
5,Field Trip 1,"You are on a field trip to a local museum and have a group assignment to complete. You’ve been grouped with students who usually don’t care about grades. You start to think about how the assignment will go, and feel uneasy. ",,Negative,Are you worried about the assignment? ,Yes,,https://unsplash.com/photos/two-people-sitting-on-a-bench-in-front-of-paintings-jsjjScF-mx0,1
6,Breakout Rooms 1,"During a Zoom class, you're placed into breakout rooms. When you start the discussion, your camera is on, but everyone else leaves their cameras off and their mics muted. You wonder if others will think you are a try-hard.",,Negative,Do you think your classmates will judge you? ,Yes,,https://unsplash.com/photos/black-and-silver-laptop-computer-on-brown-wooden-table-qnWPjzewewA ,1
7,Bad Grade 1,"Your teacher is handing back grades for a quiz you studied really hard for. As your teacher hands back your paper, you make out a red C minus written on top, and your stomach sinks. You think that doing poorly on one quiz is an accurate reflection of your ability. ",,Negative,Are you worried about doing well in school? ,Yes,,https://unsplash.com/photos/black-retractable-pen-on-white-printer-paper-_zsL306fDck,2
8,English Question 1,"Your teacher calls on you to answer a question about the book you just read. You don't know what to say. Your mind goes blank. You give yourself a moment to collect your thoughts and then answer the question. When you think about the answer you gave, you feel uncertain.",,Negative,Is it normal for your mind to go blank sometimes? ,No,,https://unsplash.com/photos/a-woman-standing-in-front-of-a-blackboard-writing-on-it-AD7mteun_Qs,2
9,Practice SAT 1,You take an SAT practice test and bomb the math section. You worry you'll never get into college and feel panic tighten your throat. You remind yourself math skills are an inflexible trait. ,,Negative,Do you believe in your ability to get better at math? ,No,,https://unsplash.com/photos/white-printer-paper-on-brown-wooden-surface-2cPzM3mam_0,2
10,Time Pressured Science Test 1,"You are taking a test in your environmental science class. You only have ten minutes left and still have three long problems to finish. As you think about your ability to complete the test, you start to doubt yourself.",,Negative,Do you feel anxious under the time pressure?,Yes,,https://unsplash.com/photos/gray-and-white-click-pen-on-white-printer-paper-cbEvoHbJnIE,2
11,Difficult Reading 1,You are reading a difficult chapter for history class and have to read it twice to understand it. You worry you just aren't smart enough to be in the class. You take a break from the chapter and remind yourself that confusion means you are bad at the subject. ,,Negative,Do you worry about being smart enough? ,Yes,,https://unsplash.com/photos/a-person-holding-a-book-in-their-hands-NzlK63tKnrU,2
12,College Decision 1,"Today your top college is emailing you about whether or not you were accepted. You have a few hours to wait until you'll get the email. When you think about waiting that long, you feel anxious.",,Negative,Are you worried about getting into this specific college? ,Yes,,https://unsplash.com/photos/person-wearing-silver-colored-ring-iYIobSOvhMI,2
13,Test Insecurity 1,"During a big test, you sit in class with your mind racing while you hear the scratch of your classmates' pencils around you. You worry you're just not smart enough and feel a heavy drop in your chest as your mind stalls. You remind yourself everyone grasps things at different rates and skill matters more in the long term. ",,Negative,Do you think you are a slow leaerner? ,Yes,,https://unsplash.com/photos/person-writing-on-brown-wooden-table-near-white-ceramic-mug-s9CC2SKySJM,2
14,Internet Failure 1,"You are taking the first online test in your world history class. In the middle of the test, your internet cuts out. You think about losing time on the test and feel panicked. ",,Negative,Are you worried about doing poorly on the test? ,Yes,,https://unsplash.com/photos/a-person-writing-on-a-laptop-A36fxINRd04,2
15,Late Night Homework 1,"You stay up late finishing an essay and still don't feel it’s perfect. Your thoughts start to spiral, asking if anything you do is ever good enough. You think about what this essay says about your future achievement, and you feel inadequate. ",,Negative,Are you worried about your future? ,Yes,,https://unsplash.com/photos/a-person-writing-on-a-laptop-A36fxINRd04,2
16,Late Night Math 1,"As you're finishing your homework at midnight, you realize you still have a couple of math problems left. You plan to wake up a little early to finish them. While you're setting your alarm and thinking about your plan, you feel anxious about waking up on time. ",,Negative,Do you feel ready to wake up early and work?,No,,https://unsplash.com/photos/black-textile-on-bed-near-white-wall-PbWiWURdGps,2
17,Zoning Out 1,"It's a warm day in spring, a few weeks before your final exam in a class. Lulled by the warmth, you zone out and realize you missed the teacher’s explanation of an important concept. When you think about going home to study the concept after school, you feel stressed. ",,Negative,Are you worried about doing well on the test? ,Yes,,https://unsplash.com/photos/view-of-a-park-through-a-large-window-yWFaYI0ZDR8,all
18,Late Essay 1,"It's late in the evening the night before a big essay is due. Your eyes ache from staring at your computer screen, but your essay still feels far from complete. After a few more minutes, you shut the computer, feeling stressed about turning in the essay late. ",,Negative,Is your essay going to be late? ,Yes,,https://unsplash.com/photos/desk-with-papers-calculator-and-pens-bZqitd_ae0A,all
19,Blank Document 1,"Sitting at home, you open a blank document for a big project. You think about the upcoming due date and feel nauseous, convinced you’ll never finish in time. When you think about starting the essay, you feel sick. ",,Negative,Does starting the essay make you feel overwhelmed? ,Yes,,https://unsplash.com/photos/person-using-black-computer-keyboard-li6MjNxlS_U,all
20,Climate Futures 1,"As college discussions begin, you worry certain fields will be useless in a climate-shifting world. You imagine choosing the “wrong” path. You remind yourself that careers adjust with changing conditions, and you feel uncertain. ",,Negative,Are you anxious about your future? ,Yes,,https://unsplash.com/photos/group-of-attractive-teenage-students-sitting-on-stone-steps-in-front-of-university-holding-tablet-reading-or-watching-something-CCa_zMy3fx0,all
21,Global Polluction 1,"You are reading about global pollution for a report in your science class. Hearing about how some neighborhoods face more pollution, you suddenly fear your community might carry extra burden. You picture unequal impacts growing worse, and you feel afraid. ",,Negative,Do you fear for a polluted future? ,Yes,,https://unsplash.com/photos/text-zVuDeGdjxgU,all
22,Parent Sign Off 1,"You received a poor score on a test, and your parent must sign off on it because the grade is low. They don't say anything when you show them your test. They are probably feeling disappointed.",,Negative,Are you worried about upsetting your parent? ,Yes,,https://unsplash.com/photos/a-person-writing-on-a-piece-of-paper-oCDvUGPSy94,all
23,No Internet 1,"You don't have internet access at home. You found out that you're required to do a big research project online by next week. As you wonder how you'll be able to complete the assignment, you feel stressed. ",,Negative,Will your lack of internet access be a problem? ,Yes,,https://drive.google.com/drive/folders/1uRwPbAA8d2JKaKCMOAKMTcHNiy387Rdn,all
24,Political Debate 1,A heated debate breaks out in class about global politics. You imagine arguments only getting worse. The tension leaves you feeling discouraged.,,Negative,Do arguments make you anxious? ,Yes,,https://unsplash.com/photos/middle-group-of-students-raising-their-arms-to-answer-the-question-back-view-of-elementary-students-raising-their-arms-on-a-class-MBeNWoPoGDw,all
25,Award Stumble 1,"You're called to the stage to receive an award at your school's award ceremony. You stumble as you get up from your chair to go to the stage. When you think about everyone seeing you stumble, you feel embarrassed",,Negative,Are you embarrased about stumbling? ,Yes,,https://unsplash.com/photos/people-sitting-on-chair-inside-room-ID1yWa1Wpx0,all
26,Small Role 1,"You are assigned to act out a scene in your English class, and your group assigns you a very small roll. You feel a flush of embarassment, wondering if your group thinks you're incapable. As you prepare for the scene, you focus on your shortcomings. ",,Negative,Do you feel confident in your performance? ,No,,https://unsplash.com/photos/a-close-up-of-an-open-book-with-writing-on-it-WAchuh1Gc-0,all
27,Rule Breaking 2,"You got caught breaking a rule at school. You didn't mean to, and know that the principal will need to call your parent. You walk into their office and feel overwhelmed. ","You sit down and tell the principal what happened. You know that no matter how your parents react, you will eventually be okay.",Resilience ,Will you be okay regardless of how your parents react? ,Yes,,https://unsplash.com/photos/a-laptop-computer-sitting-on-top-of-a-wooden-desk-nc-aU68XABQ,1
28,Sharing Report Card 2,"You are bringing home your report card today and have to show it to your parents. They have high expectations for your grades, but you got a lower grade than you expected this time. You think about why they want you to get high grades, and you feel like a failure. ","As you board the bus home, you remind yourself that your grades don't define you, and you feel better.",Resilience ,Do you grades define you? ,No,,https://unsplash.com/photos/a-house-with-a-blue-front-door-and-a-brown-front-door-xaqsFfoEq3o,1
29,Civics Debate 2,"You and your class are having a debate in your civics class. One of your classmates brings up a point about fairness in society, and you find yourself nodding, realizing that your views have changed. However, you realize that your parents might not agree with this point, and you feel a prickle of worry. ","You remind yourself that it’s normal to think differently from your family as you grow, and you feel mature.",Resilience ,You think changing your viewpoints makes you...,A flexible person,A weak person,https://unsplash.com/photos/a-group-of-young-women-standing-around-a-classroom-iekv7nxFGo4,1
30,Texting in Class 2,"Your teacher catches you texting during class and takes your phone away. You don't like it when people are mad at you, but you know that your teacher will say something to you at the end of class. For the rest of class, you feel anxious. ","When class ends, your teacher gives your phone back and reminds you not have it out during class. You think your teacher is being responsible.",Resilience ,"When you come to school the next day, you think your teacher...",Will have forgotten all about it ,Will be mad at you,https://unsplash.com/photos/people-sitting-on-chair-w1FwDvIreZU,1
31,Incident Rumor 2,"You hear a rumor about a dangerous incident nearby the school, and your pulse jumps. You imagine it being worse than it likely is. Your fingers itch to look up information on your phone, and the uncertainty leaves you feeling tense. ","You remember the importance of waiting for facts from a trusted source, and you feel calmer. ",Resilience ,"In the future, you think you will...",Be cautious of uncomfirmed rumors,Jump to conclusions about what is happening,https://unsplash.com/photos/black-ip-desk-phone-on-black-wooden-table-Dkn8-zPIbwo,1
32,AI Anxiety 2,"A classmate claims AI will make most jobs disappear, and your stomach dips. You imagine having fewer options than you hoped for. The thought leaves you feeling discouraged.","You remember that new skills can be learned over time, and you feel grounded.",Resilience ,"When you think about the future of AI, you feel...",Confident that you can adapt,Terrified of what might happen,https://unsplash.com/photos/a-desk-with-a-keyboard-mouse-pens-and-sticky-notes-MBr7VQEOc-Y,1
33,Blank Resume 2,"You're staring at a blank résumé template for a school program and can't think of anything impressive to add. You assume it will look boring compared to everyone else’s, so you feel insecure. ","You pause and remember people often forget how ordinary their early résumés are, and a short resume is normal at your age. ",Resilience ,It it normal to have a short resume?,Yes,,https://unsplash.com/photos/a-person-writing-on-a-notebook-next-to-a-laptop-mZuZAASFj2E,1
34,College Poster 2,You stare at a college poster in the hallway and feel your chest tighten. Your grades weren't very good in your first year of high school. You feel a rush of panic when you think about applying to college. ,"You remind yourself that you're on your own path, and it is okay if it doesn't look like everyone else's, which leaves you feeling proud. ",Resilience ,Do you feel confident in your path? ,Yes,,https://unsplash.com/photos/a-long-hallway-lined-with-blue-lockers-in-a-building-yRqSdeq9_gg,2
35,Highlight Reel 2,"You scroll through your feed and see a friend’s post showing their academic achievements. You think about how your grades aren't as good, and start feeling like you're not measuring up. It leaves you feeling disappointed. ","You remind yourself that there is no way of knowing what is going on behind the scenes, and you feel calmer. ",Resilience ,Is social media an accurate picture of real life? ,No,,https://drive.google.com/file/d/1j398xd0pKqOdclqMBMPBc12LDtJo3wjI/view?usp=sharing,2
36,Internship Post ,"You notice a post from someone who just landed an amazing internship, while you've been struggling to get through your classes. You wonder if you're falling behind, and you come away feeling stressed. ","It’s overwhelming, but you feel understanding of your own pace. ",Resilience ,Do you feel forgiving towards yourself? ,Yes,,https://drive.google.com/drive/folders/1hqA3AXPEiXTO6jdJodtghR3uuRiEIry5,2
37,Blank Mind 2,"Your teacher asks a question to your English class about the chapter assigned for homework. You raise your hand, and your teacher calls on you. As you begin talking, you stumble over your words a bit and worry that your classmates think you are dumb. ","When you finish talking, you look around and see people nodding and realize your classmates probably thought you sounded knowledgeable.",Resilience ,Next time your teacher asks a question...,You will answer it if you are able ,You will be too embarrased to raise your hand,https://unsplash.com/photos/open-notebook-with-pen-and-pencils-on-desk-n9AaeihA9HI,2
38,Field Trip 2,"You are on a field trip with your school to a local museum and have a group assignment to complete while you're there. You've been grouped with other students who usually don't care about getting a good grade. You start to think about how the assignment will go, and feel uneasy. ","As you start to work on the assignment, you realize the only work you can control is your own, and you feel confident. ",Resilience ,"During the field trip, you will probably...",Do your best,Do badly on the assignment ,https://unsplash.com/photos/two-people-sitting-on-a-bench-in-front-of-paintings-jsjjScF-mx0,2
39,Small Role 2,"You are assigned to act out a scene in your English class, and your group assigns you a very small role. You feel a flush of embarrassment, wondering if your group thinks you're incapable. As you prepare for the scene, you focus on your shortcomings. ","As you practice your lines, you realize your assignment probably wasn't targeted. ",Resilience ,Do you feel good about your performance? ,Yes,,https://unsplash.com/photos/a-close-up-of-an-open-book-with-writing-on-it-WAchuh1Gc-0,2
40,Test Talk at Lunch ,"You and your friends are eating lunch in the cafeteria. Your friend shares a story about acing a test that you just badly failed. You don't say anything, but you feel a huge bolt of shame about your poor performance. ","As the conversation moves on, you remind yourself that people learn at different paces, and you feel better. ",Resilience ,Do people learn at different paces? ,Yes,,https://unsplash.com/photos/people-sitting-on-chair-inside-room-TAy7nXHoH1E,2
41,Application Question ,"Someone asks where you're applying, and they react with a polite smile. You worry they're secretly judging your decision and feel heat rise in your cheeks. You think their smile probably means they are mocking you. ","You feel offended, until you remember that you can't be sure of what their smile means, and there's every chance they think your choice is fine. ",Resilience ,"When you think about your choice of college, you feel...",Excited to start,Regretful of your choice,https://unsplash.com/photos/people-sitting-on-chair-in-front-of-table-while-holding-pens-during-daytime-KdeqA3aTnBY,2
42,Late Night Homework 2,"You stay up late finishing an essay and still don't feel it’s perfect. Your thoughts start to spiral, asking if anything you do is ever good enough. You think about what this essay says about your future achievement, and you feel inadequate. ","You remind yourself that doing your best is enough for today, and you are probably overthinking. ",Resilience ,You think your work on this essay means...,You tried hard on a difficult assignment ,You are terrible at writing essays,https://unsplash.com/photos/a-person-writing-on-a-laptop-A36fxINRd04,2
43,Test Tomorrow 2,"You have a test in your history class today. You've been studying hard for it because it counts for a big chunk of your final grade. When the teacher places the test on your desk, and you look at the first question, you feel panicked. ","You remember to breathe, and as your heartbeat slows down, you start to feel prepared. ",Resilience ,Is your heartbeat slowing down?,Yes,,https://unsplash.com/photos/white-printer-paper-askpr0s66Rg,2
44,Work Life Balence 2,"You have a huge test in one of your AP classes, and you've been cramming for days. You wake up exhausted after another night of studying and feel like you can't do it anymore. Your whole body seems to ache with tiredness, and looking at your pile of homework makes you want to cry.","You remind yourself that rest is part of working hard, and sleep is important for health. ",Resilience ,Next time you feel overwhelmed....,You'll allow yourself to rest,You'll push through no matter how long it takes,https://unsplash.com/photos/a-long-hallway-lined-with-blue-lockers-in-a-building-yRqSdeq9_gg,2
45,SAT Ready 2,"You are taking your SATs tomorrow. You know that the score you need to get into the college of your dreams is high. As you think about the test, you know that you are fearful. ",You remind yourself that a little bit of anxiety can sometimes be adaptive. ,Resilience ,"If you feel anxious during the test, you will...",Focus on doing your best,Have a breakdown,https://drive.google.com/drive/folders/1uRwPbAA8d2JKaKCMOAKMTcHNiy387Rdn,2
46,Internet Failure 2,"You are taking the first online test in your world history class. In the middle of the test, your internet cuts out. You think about losing time on the test and feel nauseous. ","After a minute, your internet comes back. You log back in and realize you feel good about finishing the test on time.",Resilience ,"Because of the blip in your internet access, you will...",Get back on track after a minute ,Fail the test,https://unsplash.com/photos/an-open-laptop-computer-sitting-on-top-of-a-table-PrVNgIj8DhQ,2
47,Late Night Math 2,"As you're finishing your homework at midnight, you realize you still have a couple of math problems left. You plan to wake up a little early to finish them. While you're setting your alarm and thinking about your plan, you feel anxious about waking up on time. ","You think about how loud your alarm sounds in the morning, and you feel better. ",Resilience ,"When you wake up in the morning, you will be...",Tired but motivated to finish your work,Totally exhausted and unable to work ,https://unsplash.com/photos/black-textile-on-bed-near-white-wall-PbWiWURdGps,2
48,Zoning Out 2,"It's a warm day in spring, a few weeks before your final exam in a class. Lulled by the warmth, you zone out and realize you missed the teacher’s explanation of an important concept. You feel a moment of panic wondering what she said. ","When you think about going home to study the concept after school, you feel steadier. ",Resilience ,"If you study the material, you will probably ",Do well on the test,Still fail the test,https://unsplash.com/photos/view-of-a-park-through-a-large-window-yWFaYI0ZDR8,2
49,Late Essay 2,"It's late in the evening the night before a big essay is due. Your eyes ache from staring at your computer screen, but your essay still feels far from complete. After a few more minutes, you shut the computer, feeling stressed about turning in the essay late. ","You remind yourself that one late essay won't destroy your grade, and you feel better about getting your rest. ",Resilience ,Is this late essay going to kill your grade? ,No,,https://unsplash.com/photos/desk-with-papers-calculator-and-pens-bZqitd_ae0A,all
50,Blank Document 2,"Sitting at home, you open a blank document for a big project. You think about the upcoming due date and feel nauseous, convinced you’ll never finish in time. When you think about starting the essay, you feel sick. ","You take a deep breath, and think about breaking down the project into steps until it feels managable. ",Resilience ,Does the project feel more achieveable? ,Yes,,https://unsplash.com/photos/person-using-black-computer-keyboard-li6MjNxlS_U,all
51,College Decision 2,"Today your top college is emailing you about whether or not you were accepted. You have a few hours to wait until you'll get the email. When you think about waiting that long, you feel anxious. ","You remind yourself that the time will pass no matter how you feel, and you feel your stress ease. ",Resilience ,Are you exctied about hearing from the college? ,Yes,,https://unsplash.com/photos/person-wearing-silver-colored-ring-iYIobSOvhMI,all
52,Time Pressured Science Test 2,"You are taking a test in your environmental science class. You only have ten minutes left and still have three long problems to finish. As you think about your ability to complete the test, you start to doubt yourself. ","You take a deep breath, and remind yourself that your best will have to be enough. ",Resilience ,Did you try your best? ,Yes,,https://unsplash.com/photos/gray-and-white-click-pen-on-white-printer-paper-cbEvoHbJnIE,all
53,Breakout Rooms 2,"During a Zoom class, you're placed into breakout rooms. When you start the discussion, your camera is on, but everyone else leaves their cameras off and their mics muted. You wonder if others will think you are a try-hard. ","You think about how greatful your teacher will be for your participation, and you feel proud. ",Resilience ,"In the future, you will probably...",Leave your camera on ,Turn your camera off,https://unsplash.com/photos/black-and-silver-laptop-computer-on-brown-wooden-table-qnWPjzewewA ,all
54,Dream Colleges 2,You hear your friends bragging about their dream colleges. You worry your choices seem “less impressive” and feel your stomach sink. You think your friends probably judge you for your choice of colleges. ,You remind yourself that good friends will support your choice. ,Resilience ,Do you feel excited about your choice of colleges? ,Yes,,https://unsplash.com/photos/young-women-talking-in-a-casual-setting-q19hWugG0MU,all
55,Stomach Ache 2,"You have been anxious about an upcoming test for class. On the day of the test, you notice that your stomach is aching. You think that the stomach ache must be from anxiety. ","You remind yourself that anxiety can help you focus, and you feel prepared to start your test. ",Resilience ,Is your stomach ache a health hazard?,No,,https://drive.google.com/file/d/1xUVHP-lj26dCvOIiMMMta2bgIGRH5hR9/view,all
56,Last Picked 2,"In PE class, two students are picking teams for a game. You stand and wait as your classmates are chosen one by one, and you end up being the last person picked. Standing alone, you feel humiliated. ","When you think about it, you realize that most people were focused on themselves and probably didn't even notice, and you know you will still have a good time.",Resilience ,Will your classmates rememeber this? ,No,,https://drive.google.com/drive/folders/11erz7svhT8lBivklKfbquawegoQR5jNN,all
57,Mile Run 2,"In gym class today, you have to run a mile. In order to get a good grade, you have to complete the mile within 13 minutes. When you think about running the mile, you feel anxious. ","You remind yourself that 13 minutes isn't that long, and no matter what happens the run will eventually end. ",Resilience ,Completing this run will make you feel...,Confident in your abilities,Hurt and humiliated,https://unsplash.com/photos/a-group-of-people-running-on-a-track--JN7mbAnROs,all
58,Parental College Pressure 2,"Your parents want you to go to a specific college. You would rather go to a different college, but your parents have made it clear they are not on board with the school choice. When you think about talking with your parents about your choice, you feel nervous. ","You carefully think through your talking points, and you feel confident in your argument. ",Resilience ,Are you prepared to talk to your parents? ,Yes,,https://unsplash.com/photos/a-woman-standing-in-a-kitchen-next-to-a-stove-top-oven-sTRpkyU-dm4,all
60,College and Climate 2,"You and your friends are starting to talk about what you want to study in college. As you talk, you worry certain fields will be useless in a climate-shifting world. You imagine choosing the “wrong” path, and feel anxious. ","You remind yourself that careers adjust with changing conditions, and you feel confident. ",Resilience ,Do you feel able to adapt? ,Yes,,https://unsplash.com/photos/a-group-of-people-sitting-on-the-steps-of-a-building-u_Jg3Wv7h4M,all
61,Stuck on Homework,You are stuck on a homework problem and go to ask your sibling. Your sibling snaps “Not now!” when you knock on their door to ask. You assume they’re snapping at you because they are upset with you. ,"You also know people’s moods shift quickly when they’re overwhelmed. When you think about checking in later, you feel calm. ",Resilience ,Can you forgive your sibling? ,Yes,,https://unsplash.com/photos/a-man-wearing-headphones-playing-a-video-game-Fb9A11LfvdQ,all
62,Tackling To Do List,"At home, there are a lot of chores that your parents said you have to finish today. You have a big project to work on that will take a lot of time. Balancing your home life and school life is stressful. ","You look for a good artist to listen to while you do your chores. As you start to tackle your to-do list, you feel confident. ",Resilience ,Do you complete your chores? ,Yes,,https://unsplash.com/photos/a-laundry-basket-sitting-on-top-of-a-wooden-counter-nK4GVqwCNMM,all
63,Grade Comparison 2,"You got your report card today, and you got a couple of lower grades than you expected. Your friends are talking about their grades, and they said they got straight As. If you tell your friends your grades, you think they will be judgmental. ","You take a deep breath, remembering the grades don't define you, and you feel stronger. ",Resilience ,Do your grades define you? ,No,,https://drive.google.com/drive/folders/11erz7svhT8lBivklKfbquawegoQR5jNN,all
64,Borrowed Calculator 2,"You borrowed your friend's calculator in math class today. When you get home, you notice that the calculator is still in your backpack. You think that your friend will be angry that you took it home by mistake.","You think about how you would react if the situation were reversed, and realize that your friend will probably forgive you. ",Resilience ,"When you seee your friend at school the next day, you will be ",Excited to see them ,Scared of their reaction ,https://unsplash.com/photos/a-calculator-and-a-pen-sitting-on-top-of-a-piece-of-paper-Vs6ip7fsld8,all
65,Group Dismissal 2,"You are working on a group project in class, and everyone talks over you when you try to suggest an idea. You worry your ideas are terrible and feel your confidence drop sharply. You remind yourself that people sometimes interrupt you because they are unkind. ","When one of your classmates asks you to speak up, you realize they may have just misheard you. ",Resilience ,Did your classmates mishear you? ,Yes,,https://drive.google.com/drive/folders/1uRwPbAA8d2JKaKCMOAKMTcHNiy387Rdn,all
66,Research Talk 2,"You are giving a presentation to your class about your research project. You feel that your hands are shaking a little. Wondering if it is obvious, you look around and see that a few classmates have noticed. ","You continue your presentation, and as time passes, you realize that your nerves are manageable. ",Resilience ,Can you tolerate the anxiety? ,Yes,,https://unsplash.com/photos/students-smiling-in-a-lecture-hall-classroom-NGLWZV4xOPg,all
67,Science Fair 2,"The science fair is next week and you've been working hard on your project. You overheard your classmates joking that only ""nerds"" participate. You think about all the work you've put in preparing your project, and you feel embarrassed. ","However, you also think about how much fun you had building the project, and you shrug off their remarks, feeling pleased with your work. ",Resilience ,Did you have fun doing the project? ,Yes,,https://unsplash.com/photos/diverse-group-of-friends-hanging-out-in-the-park-millennials-and-youth-culture-concept-FOkhwaU3in0,all
68,First Day 2,"On the first day at your new high school, everyone seems to know where they’re going except you. You think you’ll stand out as the confused freshman, so you feel tense. ","You remember that freshmen usually fake confidence. You let that sink in, and you begin to feel settled.",Resilience ,Will you eventually adjust to your new school? ,Yes,,https://unsplash.com/photos/staircase-leading-to-an-open-doorway-with-chairs-and-chairs-jRjmp_aq78g,all
69,Parent-Teacher Meeting 2,You wait in the hallway while your parents meet with your teacher for an important meeting. You imagine all the bad things being said. You think about how you've failed your parents. ,"You remind yourself that your teachers want you to succeed, not shame you, and you feel your stress lessen.",Resilience ,Does your teacher want you to succeed? ,Yes,,,all
70,Sibling's Computer 2,"You and your sibling share a computer. You have an assignment due tonight, but they're using the computer. When you think about asking them to use the computer to finish your homework, you feel anxious. ","You remind yourself that no matter how your sibling responds, they will still have to let you do your homework, and you feel stronger. ",Resilience ,Will you get your homework done? ,Yes,,,all
71,Favorite Book 2,"Your teacher is talking about your favorite book in class, and she asks if anyone has read it. In front of everyone, you quickly raise your hand, and the class turns to you. You realize that you feel uncomfortable talking about the book.","You think about how much you love the book, and decide your classmates will be impressed by your passion. ",Resilience ,Are you excited to talk about the book? ,Yes,,,all
72,Formula Freeze 2,"You freeze during a math test and can't remember a formula you studied last night. Your heart begins to race in your chest, and you wonder if you're too jittery to finish the test. You tell yourself that it's bad to be a little anxious during test-taking. ","As you open the test booklet, you take a deep breath, remembering that anxiety can be functional in some settings. ",Resilience ,Can anxiety be adaptive? ,Yes,,,all
73,Asking for Help 2,"Your teacher hands out an in-class assignment and lets you know it's graded for completion, not accuracy. As you read through the sheet you feel your cheeks heat up - you are confused and want to ask for help. When you think about raising your hand in the silent classroom, you feel embarassed. ","You remind yourself that your question might actually help someone else in need, and you feel confident about raising your hand. ",Resilience ,Do you raise your hand? ,Yes,,,all
74,Submitted Without You 2,Your group submits a big project without checking in with you. Your surprise quickly turns into insecurity. You wonder if they finished without you because they think your work is bad. ,"You think about the quality of your work on the assignment, and you feel confident. ",Resilience ,Are you proud of your work? ,Yes,,,all
75,Last Picked 3,"In PE class, two students are picking teams for a game. You stand and wait as your classmates are chosen one by one, and you end up being the last person picked. When you think about it, you realize that most people were focused on themselves and probably didn't even notice, and you know you will still have a great time.
",,Positive,Will you still have a great time even though you were picked last?,Yes,,https://drive.google.com/drive/folders/11erz7svhT8lBivklKfbquawegoQR5jNN,1
76,Mile Run 3,"In gym class today, you have to run a mile. In order to get a good grade, you have to complete the mile within 13 minutes. When you think about running the mile, you feel ready.
",,Positive,Do you feel ready to run the mile?,Yes,,https://unsplash.com/photos/a-group-of-people-running-on-a-track--JN7mbAnROs,1
77,Parental College Pressure 3,"Your parents want you to go to a specific college. You would rather go to a different college, but your parents have made it clear they are not on board with the school choice. When you think about talking with your parents about your choice, you feel ready.",,Positive,Do you feel ready to talk with your parents about your college choice?,Yes,,https://unsplash.com/photos/a-woman-standing-in-a-kitchen-next-to-a-stove-top-oven-sTRpkyU-dm4,1
78,Hallway Conversation 3,You walk past your teacher talking quietly with your parents and feel your face heat up. You start to wonder if they're saying bad things about you. You remind yourself that you've been trying your best and are confident in your performance. ,,Positive,Are you confident in your performance despite overhearing your teacher and parents?,Yes,,https://drive.google.com/drive/folders/1uRwPbAA8d2JKaKCMOAKMTcHNiy387Rdn,1
79,Parent-Teacher Meeting 3,"You wait in the hallway while your parents meet with your teacher for an important meeting. You imagine all the bad things being said and feel shaky, thinking you've failed your parents. You remind yourself that your teachers want you to succeed, not shame you, and you feel composed.",,Positive,Do you still feel like you've failed your parents?,No,,https://unsplash.com/photos/a-long-hallway-lined-with-blue-lockers-in-a-building-yRqSdeq9_gg,1
80,Civics Debate 3,"You are having a debate in your civics class. One of your classmates brings up a point about fairness in society, and you find yourself nodding, realizing that your views have changed. You remind yourself that it’s normal to think differently from your family as you grow, and you feel mature.",,Positive,Do you feel mature about your views changing?,Yes,,https://unsplash.com/photos/a-group-of-young-women-standing-around-a-classroom-iekv7nxFGo4,1
81,Sharing Report Card 3,"You are bringing home your report card today and have to show your parents. They have high expectations for your grades, but you got a lower grade than you expected this time. You think about why they want you to get high grades, and you think they will be forgiving. ",,Positive,Do you think your parents will be forgiving about your grade?,Yes,,https://unsplash.com/photos/a-house-with-a-blue-front-door-and-a-brown-front-door-xaqsFfoEq3o,1
82,Sibling's Computer 3,"You and your sibling share a computer. You have an assignment due tonight, but they're using the computer. When you think about asking them to use the computer to finish your homework, you feel optimistic that they will understand. ",,Positive,Asking your sibling to get off the computer will cause...,Your sibling to get off the computer,A huge fight with your sibling,https://unsplash.com/photos/girl-in-white-shirt-sitting-on-brown-wooden-chair-Wf766oWDbhU,1
83,Parent Conference,"Tonight is the night of parent-teacher conferences. You're not doing well in math, and you know your teacher will tell your parents about your recent grades. When you think about what your parents will say to you afterwards, you know that if they are disappointed, things will turn out okay. ",,Positive,Getting one bad greade is...,Something you can overcome ,Something that will follow you forever,https://drive.google.com/drive/folders/11erz7svhT8lBivklKfbquawegoQR5jNN,1
84,Sibling Dinner 3,"During dinner with your family, you get compared to your sibling who always gets straight A’s. You feel a twinge of resentment, wondering if you’ll ever measure up. When you mentally compare yourself to your sibling, you acknowledge that you both have different strengths. ",,Positive,Do you believe you and your sibling have different strengths?,Yes,,https://unsplash.com/photos/a-couple-of-people-holding-a-bowl-of-food-4aM_QE-HRLw,1
85,Report Card Comparison ,"At dinner, your parents ask to see your and your siblings' report cards. You catch a glance of your sibling’s report card full of A’s and feel inadequate. You remind yourself that everyone’s strengths look different, and you feel capable.",,Positive,Do you feel capable despite your sibling's report card?,Yes,,https://drive.google.com/drive/folders/1uRwPbAA8d2JKaKCMOAKMTcHNiy387Rdn,1
86,Favorite Book 3,"Your teacher is talking about your favorite book in class, and she asks if anyone has read it. In front of everyone, you quickly raise your hand, and the class turns to you. You realize that you feel excited to talk about the book.",,Positive,Participating in class is...,A normal part of school ,A weird thing to do ,https://unsplash.com/photos/boy-in-black-hoodie-sitting-on-chair-4nKOEAQaTgA,2
87,Application Pressure,"It's the end of your summer vacation, and your mom casually mentions that you should start working on college applications soon. You feel a flash of dread, thinking about how much work you have ahead of you. You remind yourself that slow, incremental progress is achievable. ",,Positive,"Do you believe slow, incremental progress on college applications is achievable?",Yes,,https://unsplash.com/photos/person-writing-on-white-paper-Ak5c5VTch5E,2
88,Formula Freeze 3,"You freeze during a math test and can't remember a formula you studied last night. Your heart begins to race in your chest, and you wonder if you're too jittery to finish the test. You tell yourself that it's normal to be a little anxious during test-taking. ",,Positive,Do you think it's unusual to feel anxious during a test?,No,,https://drive.google.com/drive/folders/1uRwPbAA8d2JKaKCMOAKMTcHNiy387Rdn,2
89,Science Presentation,"You are giving an important presentation in your science class. You feel your face start to heat up, and your hands start to shake, and you worry that all of your classmates are judging you. You take a deep breath and remember that a little anxiety during a presentation is adaptive. ",,Positive,Your classmates are probably....,Focused on your presentation,Focused on your shaky hands,https://unsplash.com/photos/students-smiling-in-a-lecture-hall-classroom-NGLWZV4xOPg,2
90,Language Presentation,"You are giving an important presentation in your language class. You feel your face heat up, and your hands shake, and you worry that all of your classmates are judging you. As you stand up and walk to the front of the classroom, you notice your classmates looking distracted, and realize they probably don't notice. ",,Positive,Are your classmates paying close attention to your shaky hands?,No,,https://drive.google.com/file/d/1Isymza3G0kL57wzhqwxZgxIn5utKL9wO/view,2
91,Scholarship Posts,"Your feed is full of friends posting scholarships, awards, and acceptance letters. You feel like you're falling apart while everyone else is moving forward. Then you remind yourself that struggling now doesn't mean you'll always be behind, and you feel steadier.",,Positive,Do you feel better after reminding yourself that struggling now isn't permanent?,Yes,,https://drive.google.com/drive/folders/1hqA3AXPEiXTO6jdJodtghR3uuRiEIry5,2
92,Community College,"You've decided to go to community college after high school. You don't know anyone who is going to community college, and all of your friends are going to 4-year colleges. When you think about your decision, you feel like it's right for you. ",,Positive,Does your decision to go to community college feel right for you?,Yes,,https://unsplash.com/photos/a-pair-of-green-tennis-shoes-sitting-on-top-of-a-bed-next-to-a-backpack-RObXwGg773k,2
93,Valedictorian Speech,"You see your class valedictorian giving a perfect speech. You feel a pang of regret that that's not you. You remind yourself that success takes many forms, and you feel your regret ease. ",,Positive,Does your regret about not being valedictorian ease?,Yes,,https://unsplash.com/photos/a-group-of-graduates-throwing-their-caps-in-the-air-C9pamXRgk14,2
94,Highlight Reel 3,"You scroll through your feed and see everyone achieving things like getting into college and getting straight As in all their classes. You aren't planning to go to college next year, and you feel a pit of insecurity in your stomach. You wonder if you aren't as accomplished as your classmates. However, you also know that social media is a highlight reel that doesn't tell the whole story. ",,Positive,Do you fully believe you're less accomplished than your classmates?,No,,https://drive.google.com/file/d/1j398xd0pKqOdclqMBMPBc12LDtJo3wjI/view?usp=sharing,2
95,Award Ceremony,"You didn't get any special recognition at the ceremony while your friends won multiple awards. You sink down into your seat, feeling invisible. As you see the smiling faces of your friends on stage, you feel proud of them. ",,Positive,You think your own achievements in school are....,Worth celebrating ,Worthless,https://unsplash.com/photos/a-young-boy-sitting-on-a-chair-holding-a-trophy-QYvfMhHwDao,2
96,Award Scrolling,"You are lying on the couch scrolling through social media. You see lots of posts about people achieving awards or internships. You feel a pinch of inadequacy, but remind yourself that your path doesn’t need to look like theirs, and you feel the pressure ease. ",,Positive,Do you still feel inadequate after comparing yourself to others online?,No,,https://unsplash.com/photos/person-using-black-smartphone-with-gray-and-pink-case-cqFKhqv6Ong,2
97,Job Call,"Today, you will receive an important call. You'll find out if you got the job you interviewed for. As you think about waiting for the call, your anxiety is tolerable.",,Positive,"When you think about speaking on the phone, you feel...",Ready to speak,Self-concious about your voice,https://unsplash.com/photos/person-holding-black-smartphone-9_SaFlgwFdA,2
98,Bombed Test Story,"Your friend shares their test score on their story, showing they aced it. You bombed the same test and feel embarrassed. Then you remind yourself that one grade isn't your whole academic story, and you feel encouraged.",,Positive,You think school is...,Not a competition with your friends,A competition with your friends,https://drive.google.com/file/d/1A8QcU4hsdi5wP4NrTgob9-ItvgjOdosC/view?usp=sharing,2
99,Graduation Comments,"You notice a friend has dozens of comments under their vacation post. You only got a handful, mostly from family. Then you remind yourself that attention online does not equal real-life support, and you feel secure.",,Positive,The number of comments on your posts....,Can fluctuate based on many factors,Signals how popular you are,https://drive.google.com/file/d/1eIMm5Ajmqx6QOYlT6jBgX42FOEWWgGWv/view?usp=sharing,2
100,Pop Quiz Freeze,"Your teacher is giving a verbal pop quiz during a morning class. You freeze when your teacher calls on you, even though you knew the answer last night. The teacher calls on someone else, and you feel your face burning, wondering if you just aren't smart enough to talk in class. When the teacher asks another question, you feel determind to rasie your hand again. ",,Positive,Are you determined to raise your hand again?,Yes,,https://drive.google.com/drive/folders/1uRwPbAA8d2JKaKCMOAKMTcHNiy387Rdn,2
101,Asking for Help 3,"Your teacher hands out an in-class assignment and lets you know it's graded for completion, not accuracy. As you read through the sheet you feel your cheeks heat up - you are confused and want to ask for help, but are embarrassed to raise your hand in the silent classroom.  You remind yourself that asking questions is part of learning, and calmly raise your hand. ",,Positive,"When you need help in the future, you will...",Feel okay asking others,Figure it out on your own,https://drive.google.com/drive/folders/1uRwPbAA8d2JKaKCMOAKMTcHNiy387Rdn,2
102,English Question 3,"Your teacher calls on you to answer a question about the book you just read. You don't know what to say, and your mind goes blank. After a few moments, you prepare your answer, knowing that no matter what answer you give, your teacher will probably appreciate your effort. ",,Positive,Your teacher probably thinks you are...,Knowledge about the book,Not paying attention ,https://unsplash.com/photos/people-sitting-on-chair-w1FwDvIreZU,2
103,Submitted Without You 3,"Your group submits a big project without checking in with you. Your surprise quickly turns into insecurity, wondering if they finished without you because they think your work is bad. You think about the quality of your work on the assignment, and you feel confident. ",,Positive,You think your groupmates submitted early...,Because they wanted to get it in on time ,To spite you,https://unsplash.com/photos/person-using-macbook-pro-on-white-table-ejhjSZKTeeg,2
104,ACT Scores 2,Your friends talk about high ACT scores. You worry your low score means you're not smart and feel your confidence fall sharply. You remind yourself that a single test won't make or break your entire application. ,,Positive,Standarized test scores...,Are an imperfect measure of one-time performance,Are an accuracte signal of intellegence,https://drive.google.com/drive/folders/11erz7svhT8lBivklKfbquawegoQR5jNN,2
105,Friend's Correction,"You're working on math homework with a few friends. You say an answer to the first question, and your friend quickly notices a problem in your work and corrects your answer. As you are looking over your work, you realize you made a mistake, and that's okay. ",,Positive,Your friend is probably trying to...,Help you,Embarss you,https://unsplash.com/photos/woman-reading-book-while-sitting-on-chair-omeaHbEFlN4,2
106,Group Leader,"You're chosen to lead a small group project in your math class. As your group sits down together, you suddenly feel nervous about giving directions. You remind yourself leadership means learning, not perfection, and you feel confident. ",,Positive,"When you think about being a leader, you feel...",Honored to have been chosen,Like an imposter,https://unsplash.com/photos/a-student-writes-on-a-blackboard-in-a-classroom-9kaaSDE5JQ0,2
107,Worksheet Pace,"You watch classmates fly through a review worksheet while you're still on question three. You start to feel shame creep over you as you think about how everyone seems to learn faster than you. You remind yourself that understanding deeply takes time, and you feel forgiving of your pace. ",,Positive,You probably need....,Some extra support in this subject,To prepare to fail the class,https://drive.google.com/drive/folders/1uRwPbAA8d2JKaKCMOAKMTcHNiy387Rdn,2
108,Classroom Pace,You watch classmates answer questions instantly. You worry you'll never catch up and feel dread settle in your chest. You remind yourself that everyone learns differently and you feel balanced.,,Positive,Answering questions fast is...,Probably not directly related to your intellegence,Dircectly realted to your intellegence,https://unsplash.com/photos/person-raising-hand-in-a-classroom-setting-with-audience-W1HWLCLDeN4,all
109,New School,"You walk into your first day at a new school, and no one talks to you right away. You start to think you won’t make friends. You remind yourself that meaningful connections take time, and you feel confident finding your seat.",,Positive,In the future you will probably....,Make friends,Be alone,https://unsplash.com/photos/empty-classroom-with-desks-and-chairs-by-windows-rkH8YVmjQ4w,all
110,Mentor Doubts,"You volunteer to mentor younger students at your school. When you show up to the first meeting and hear other mentors introduce themselves, you feel unsure if you have enough to offer. You remind yourself that being present is important. ",,Positive,Do you remind yourself that being present matters?,Yes,,https://unsplash.com/photos/two-people-sitting-on-the-ground-with-their-hands-open-boC7bLQWXW4,all
111,Essay Pace,"You see a friend finish an essay days early while you're still on your outline. You start to think you're just slow. You remind yourself that working at your own pace can still lead to great results, and you feel steadier.",,Positive,Do you feel steadier about working at your own pace?,Yes,,https://unsplash.com/photos/person-writing-on-white-paper-pKSygGpQmZE,all
112,Forgotten Essay 2,"You really enjoy your English class, and you feel like you finally have a teacher who gets you. As you walk into class one morning, you feel a horrible shock, realizing you totally forgot to complete the essay due today. This memory lapse will probably not impact your teacher's impression of you. ",,Positive,Will forgetting the essay likely ruin your teacher's impression of you?,No,,https://unsplash.com/photos/man-and-woman-sitting-on-chairs-zFSo6bnZJTw,all
113,Political Discussion 2,"You overhear classmates arguing about politics, and your chest tightens. You imagine conversations around you getting even sharper. It occurs to you that conversations lead to progress. ",,Positive,Do you think tense conversations can lead to progress?,Yes,,https://unsplash.com/photos/teacher-lecturing-students-in-a-classroom-setting-14jNrPntbgk,all
114,Group Slacking,"You notice your group hasn't done their parts, and the deadline is tomorrow. You start to think it’s all on you to save the grade. You remind yourself that you can only control your effort, not others’, and if they don't finish their work, the consequences will be on them. ",,Positive,Are you solely responsible for saving the group's grade?,No,,https://unsplash.com/photos/a-person-using-a-cell-phone-YamtliLQg2o,all
115,Overloaded Schedule,"You look at your calendar packed with practice, homework, and club stuff, and it feels like too much all at once. You want to cut down on your non-essential commitments, but you feel guilty for canceling. You think people will probably be understanding of your choice. ",,Positive,Will people probably be understanding if you cut back on commitments?,Yes,,https://unsplash.com/photos/person-about-to-write-on-notebook-f0WseEEDKv4,all
116,Local Colleges,"You hear your friends proudly talk about getting into highly ranked colleges. You feel embarrassed about applying mainly to local schools, and your stomach tightens. You remind yourself you'll grow wherever you go, and you start to feel enthusiastic.",,Positive,Do you feel enthusiastic about your college choice?,Yes,,https://drive.google.com/drive/folders/1uRwPbAA8d2JKaKCMOAKMTcHNiy387Rdn,all
117,Late Assignment,"You hand in a late homework assignment to your teacher a few days after it is due. As you hand it to him, you hear him sigh, and feel your cheeks get hot. You think your teacher is sighing because he is tired. ",,Positive,Is your teacher sighing because of you?,No,,https://drive.google.com/drive/folders/1uRwPbAA8d2JKaKCMOAKMTcHNiy387Rdn,all
118,Grade Comparison 3,"You got your report card today, and you got a couple of lower grades than you expected. Your friends are talking about their grades, and they said they got straight As. If you tell your friends your grades, they will be understanding.
",,Positive,Will your friends be understanding about your grades?,Yes,,https://drive.google.com/drive/folders/1uRwPbAA8d2JKaKCMOAKMTcHNiy387Rdn,all
119,President Debate,"You decide to run for class president, and you have to debate your fellow candidates in front of the school. The other candidates are on the debate team, and this is your first debate. When you think about arguing your position in front of your classmates, you feel confident.",,Positive,Do you feel confident about the debate?,Yes,,https://drive.google.com/drive/folders/11erz7svhT8lBivklKfbquawegoQR5jNN,all
120,Blank Mind 3,"You blank on an answer when the teacher calls on you. As the silence stretches out and you feel your classmates' eyes on you, you feel totally dumb. You remind yourself that everyone forgets things sometimes, and your classmates will quickly move on. ",,Positive,Will your classmates quickly move on after you blank on an answer?,Yes,,https://unsplash.com/photos/professor-explaining-complex-mathematical-equations-on-blackboard-Fccc9MnaaSY,all
121,Asking a Question,"You ask your teacher a question during a loud class period. Your teacher doesn't acknowledge you, and you feel your face flush. Your question was probably unheard by your teacher.",,Positive,Was your teacher ignoring your question on purpose?,No,,https://unsplash.com/photos/person-in-black-long-sleeve-shirt-raising-right-hand-rn21q4rmSE4,all
122,Group Dismissal 3,"You are working on a group project in class, and everyone talks over you when you try to suggest an idea. You worry your ideas are terrible and feel your confidence drop sharply. You remind yourself that people sometimes interrupt you because they are distracted. ",,Positive,Are your classmates interrupting because they think your ideas are bad?,No,,https://drive.google.com/drive/folders/1uRwPbAA8d2JKaKCMOAKMTcHNiy387Rdn,all
123,Spaced Out,"You are sitting in your History class and space out for a minute. Your teacher calls on you to answer a question, and you didn't hear it. You ask her to repeat her question and know that she will forgive you for being distracted. 
",,Positive,Will your teacher forgive you for being distracted?,Yes,,https://drive.google.com/drive/folders/11erz7svhT8lBivklKfbquawegoQR5jNN,all
124,Internship Envy,"You and your friend are competing for a summer internship. The day of decisions arrives, and you feel a jolt of envy when you see your friend post that they got the internship. The envy curdles to despair in your stomach, until you remind yourself that one opportunity doesn't define your path, and you start to feel hopeful.",,Positive,Do you feel hopeful about your future opportunities?,Yes,,https://drive.google.com/drive/folders/1hqA3AXPEiXTO6jdJodtghR3uuRiEIry5,all
125,Unheard Ideas,"While working in a group on a project, you share your ideas with your group. The other members of the group don't respond to you. You realize they were thinking about the project and didn't notice you. ",,Positive,Did your group ignore you on purpose?,No,,https://drive.google.com/drive/folders/11erz7svhT8lBivklKfbquawegoQR5jNN,all
126,Science Fair 3,"The science fair is next week, and you've been working hard on your project. You overheard your classmates joking that only ""nerds"" participate. You think about the fun you've had preparing your project and feel satisfied. ",,Positive,Do you feel satisfied with your science fair project?,Yes,,https://drive.google.com/drive/folders/11erz7svhT8lBivklKfbquawegoQR5jNN,all
127,Stage Fright,"It's your turn to give a presentation in your language class. You stand at the front of the room and feel every pair of eyes on you. Sweat begins to trickle down your spine. You start to think everyone is judging your voice and words. You remind yourself that most people are too focused on themselves to notice small mistakes, and you feel your shoulders loosen.",,Positive,Are you able to complete the presentation? ,Yes,,https://drive.google.com/drive/folders/1uRwPbAA8d2JKaKCMOAKMTcHNiy387Rdn,all
128,Wrong Locker,"It's the first day of school, and you have a new locker assignment. Your locker won't open, and you are getting really frustrated, until another student you know walks over and says that you have the wrong locker. You feel embarrassed, but the other student probably won't even remember. ",,Positive,Will the other student likely remember your locker mix-up?,No,,https://unsplash.com/photos/a-close-up-of-a-door-handle-on-a-blue-door-heK5p3ggeEc,all
129,Talked Over,"During group work, everyone seems to speak over you. You feel frustrated, thinking your ideas are not valued. Then you remind yourself that people sometimes dominate conversations unintentionally, so you start to feel patient.",,Positive,Are you able to forgive your group? ,Yes,,https://drive.google.com/drive/folders/1uRwPbAA8d2JKaKCMOAKMTcHNiy387Rdn,all
130,Bad Grade 2,"Your teacher is handing back grades for a quiz you studied really hard for. As your teacher hands back your paper, you make out the shape of a red C minus written on top, and your stomach sinks. You remind yourself that doing poorly on one quiz is an inaccurate reflection of your ability. ",,Positive,Does the C minus accurately reflect your overall ability?,No,,https://unsplash.com/photos/woman-flipping-book-page-bZ_RkRKE0Po,all
131,Lost Homework,"Your teacher asks you to collect your homework at the beginning of class. Your homework isn't in your bag, where you put it last night. Your homework must be lost. You take a deep breath and decide to tell your teacher your homework is missing. You will be fine.",,Positive,Your teacher probably thinks you are...,A person who makes mistakes,Stupid,https://unsplash.com/photos/person-wearing-black-and-white-vans-old-skool-sneakers-ZO8L_XiJtaQ,all
132,Sleepless Test,"Your neighbors were really loud last night, so you couldn't sleep. You have a huge test this morning in your least favorite class. As you board the bus, you decide that there's no changing the past, and even though the situation isn't ideal, all you can do is your best. ",,Positive,Sleeping poorly before a test will probably cause you to...,Be a little foggy,Be totally unable to function ,https://unsplash.com/photos/a-desk-with-a-computer-and-a-clock-on-it-9pcuV85Iajg,all
133,Lost Passion,"You're sitting in a class that has always been your favorite, listening to the teacher speak. You suddenly realize you don't enjoy the subject like you used to, and worry you are losing your passion. You remind yourself that motivation fluctuates. ",,Positive,Regaining passion for a subject is....,Possible,Impossible,https://unsplash.com/photos/a-group-of-people-sitting-at-desks-in-a-classroom-6CdgsGVel9g,all
134,Practice SAT 2,You take an SAT practice test and bomb the math section. You worry you'll never get into college and feel panic tighten your throat. You remind yourself that math skills are a flexible trait. ,,Positive,Do you believe your math skills are fixed and unchangeable?,No,,https://drive.google.com/file/d/1NvTM1g3vx1Kut8y_4vvBJo79qKHzUztk/view,all
135,Final Test Score,"You studied hard for an important test. You see that you got a lower score than you expected. You think about whether you will be able to pull your grade up with the next test, and realize this was the last test. Right now, you aren't happy, but you think about your overall course grade. You realize that you will pass.",,Positive,Will you pass the course?,Yes,,https://drive.google.com/drive/folders/11erz7svhT8lBivklKfbquawegoQR5jNN,all
136,College Poster 3,"You stare at a college poster in the hallway and feel your chest tighten. Your grades weren't very good in your first year of high school. When you think about applying to college, you feel good about how you've performed in school since then. ",,Positive,Do you feel good about how you've performed since your first year?,Yes,,https://unsplash.com/photos/a-bulletin-board-covered-with-various-flyers-ufRqsiLaKII,all
137,Makeup Work,"You miss a few days of school due to an illness. When you come back to your first period and see the pile of makeup work waiting for you, you start to despair, thinking you'll never catch up. You remind yourself that doing one thing at a time still counts as progress, and you'll eventually be done. ",,Positive,Will you eventually finish your makeup work?,Yes,,https://unsplash.com/photos/white-printer-paper-close-up-photography-0LaBRkmH4fM,all
138,Embarrassing Typo,"You just turned in an important paper. As you're checking your submission, you notice you made an embarrassing typo in the first sentence. You recognize that this was an honest mistake and feel optimistic that your teacher will understand.  
",,Positive,Do you think your teacher will understand the typo?,Yes,,https://drive.google.com/drive/folders/11erz7svhT8lBivklKfbquawegoQR5jNN,all
139,Test Tomorrow 3,"You have a test in your history class today. You've been studying hard for it because it counts for a big chunk of your final grade. When the teacher places the test on your desk, and you look at the first question, you feel prepared.
",,Positive,Do you feel prepared for the history test?,Yes,,https://unsplash.com/photos/person-writing-on-brown-wooden-table-near-white-ceramic-mug-s9CC2SKySJM,all
140,Excited Presentation,"You have a lot of work to do for your history class. One of your homework assignments is to do research about a historical figure and make a well-prepared, lengthy presentation to your classmates. As you imagine yourself giving your presentation, you feel anticipation.",,Positive,Do you feel anticipation about giving your presentation?,Yes,,https://drive.google.com/drive/folders/11erz7svhT8lBivklKfbquawegoQR5jNN,all
141,Homework Procrastination,"You have a lot of homework due tomorrow. You've been procrastinating getting it done because it is going to be hard. When you think about doing your homework when you get home from school, you feel able to complete it on time. 
",,Positive,Do you feel able to finish your homework on time?,Yes,,https://drive.google.com/drive/folders/11erz7svhT8lBivklKfbquawegoQR5jNN,all
142,Math Score,"You get your math test back and see a low score. Your chest tightens as you think, ""I'm just bad at this."" You remind yourself that one test doesn't define your ability to improve. ",,Positive,Does one bad test define your ability to improve?,No,,https://unsplash.com/photos/a-person-sitting-at-a-table-writing-on-a-piece-of-paper-kiVciIFK3xI,all
143,Grade Drop,"You get an email from your school saying that new grades have been posted. You open the grade portal and see your average drop, your heart sinking a little. For a second, it feels like you’ve completely blown it. Then you remind yourself it’s just one grade, not the whole story, and you feel calmer. ",,Positive,Do you feel calmer after reminding yourself it's just one grade?,Yes,,https://unsplash.com/photos/a-person-typing-on-a-laptop-Ux6_jnk2cO8,all
144,Midterm Blank,"You are taking a major midterm exam in one of your classes. You come across a question you're sure you've studied, but your mind is utterly blank as you try desperately to come up with the answer. After a few minutes, you decide to come back to the question later, and calmly turn to the next page. ",,Positive,Do you calmly move on to the next question?,Yes,,https://unsplash.com/photos/person-about-to-write-on-piece-of-paper-BI3nPD34ECs,all
145,Forgotten Assignment,"You are sitting in math class, when you suddenly realize you forgot to complete an assignment due today.  Your stomach plummets, and you imagine your grade dropping beyond repair. You take a deep breath and remind yourself that one homework assignment won't determine your grade. ",,Positive,Will one missed assignment ruin your entire grade?,No,,https://unsplash.com/photos/teacher-asking-a-question-to-students-in-a-classroom-BBetMyb5ePA,all
146,Difficult Reading 2,"You are doing a complicated reading for your History class, and you have to read a chapter twice to understand what's going on. You worry that you just aren't smart enough to be in the class. You take a break from the chapter and remind yourself that confusion means you are still learning the subject. 
",,Positive,Do you think struggling with the reading means you're not smart enough?,No,,https://unsplash.com/photos/an-open-book-sitting-on-top-of-a-backpack-tH-AUPUbgNg,all
147,Acceptance Email,"Today, you will receive an important email. It will tell you whether you got accepted to or rejected from the college you really want to go to. As you think about waiting for the email, you feel excited.",,Positive,Do you feel excited while waiting for the college email?,Yes,,https://unsplash.com/photos/black-laptop-computer-3Mhgvrk4tjM,all
148,Late Night Fix,"The day before a group project is due, you notice your team misunderstood part of the project. You stay up way too late fixing the error, rereading it on your phone and still spotting tiny mistakes. You want to cry with frustration, feeling like you’ll never get it right. Eventually, you put your phone away, reminding yourself that your effort matters as much as your grade. ",,Positive,Do you believe your effort matters as much as your grade?,Yes,,https://unsplash.com/photos/a-woman-holding-a-smart-phone-in-her-hand-FnkwCDILN0o,all
149,Blank Document 3,"Sitting at home, you open a blank document for a big project. You think about the upcoming due date and feel nauseous, convinced you’ll never finish in time. When you think about starting the essay, you feel prepared. ",,Positive,Do you feel prepared to start the essay?,Yes,,https://unsplash.com/photos/person-using-black-computer-keyboard-li6MjNxlS_U,all
150,Pre-Exam Focus,"It's the night before a big exam, and no matter how hard you try, you can't seem to focus. You start to panic, wondering if you've lost your motivation forever. You remind yourself that energy comes and goes, and you probably just need to sleep. ",,Positive,Do you think you've lost your motivation forever?,No,,https://unsplash.com/photos/black-flat-screen-computer-monitor-JdWdHdkkRec,all
151,Late Essay 3,"It's late in the evening the night before a big essay is due. Your eyes ache from staring at your computer screen, but your essay still feels far from complete. You begin to feel that nothing you do is good enough. After a few more minutes, you shut the computer, reminding yourself that sometimes trying is enough. ",,Positive,Do you believe that trying is enough?,Yes,,https://unsplash.com/photos/desk-with-papers-calculator-and-pens-bZqitd_ae0A,all
152,Zoning Out 3,"It's a warm day in spring, a few weeks before your final exam in a class. Lulled by the warmth, you zone out and realize you missed the teacher’s explanation of an important concept. For a moment, you panic, thinking you'll never catch up. When you think about going home to study the concept after school, you feel capable. ",,Positive,Do you feel capable of catching up on the concept you missed?,Yes,,https://unsplash.com/photos/view-of-a-park-through-a-large-window-yWFaYI0ZDR8,all
153,Application Comparison ,"During class, your teacher gives a presentation about how to best prepare for college applications. You listen to her recommendations and find yourself feeling nauseous, comparing your relative lack of progress to the teacher's examples. You remind yourself that not all paths to college look the same, and it's okay to not relate. ",,Positive,Do you think every path to college has to look the same?,No,,https://drive.google.com/drive/folders/1uRwPbAA8d2JKaKCMOAKMTcHNiy387Rdn,all
154,Test Insecurity 2,"During a big test, you sit in class with your mind racing while you hear the scratch of your classmates' pencils around you. You worry you're just not smart enough and feel a heavy drop in your chest as your mind stalls. You remind yourself that everyone grasps things at different rates, and effort matters more in the long term. ",,Positive,Are you proud of your effort? ,Yes,,https://unsplash.com/photos/a-person-writing-on-a-piece-of-paper-w-1ydxmB7hQ,all
155,Late Night Math 3,"As you're finishing your homework at midnight, you realize you still have a couple of math problems left. You plan to wake up a little early to finish them. While you're setting your alarm and thinking about your plan, you feel ready to wake up on time. ",,Positive,Do you feel ready to wake up early to finish your homework?,Yes,,https://unsplash.com/photos/black-textile-on-bed-near-white-wall-PbWiWURdGps,all
156,Internet Failure 3,"You are taking the first online test in your world history class. In the middle of the test, your internet cuts out. You think about losing time on the test and feel confident in your ability to complete the test on time. ",,Positive,Do you feel confident you can finish the test despite the internet outage?,Yes,,https://unsplash.com/photos/an-open-laptop-computer-sitting-on-top-of-a-table-PrVNgIj8DhQ,all
157,Late Night Homework 3,"You stay up late finishing an essay and still don't feel it’s perfect. Your thoughts start to spiral, asking if anything you do is ever good enough. You think this one essy is unlikley to determine your future achivement. ",,Positive,Will this one essay determine your future success?,No,,https://unsplash.com/photos/a-person-writing-on-a-laptop-A36fxINRd04,all
158,College Decision 3,"Today your top college is emailing you about whether or not you were accepted. You have a few hours to wait until you'll get the email. When you think about waiting that long, you feel excited. ",,Positive,Do you feel excited while waiting for the college decision?,Yes,,https://unsplash.com/photos/person-wearing-silver-colored-ring-iYIobSOvhMI,all
159,Time Pressured Science Test 3,"You are taking a test in your environmental science class. You only have ten minutes left and still have three long problems to finish. As you think about your ability to complete the test, you start to feel focused. ",,Positive,Do you feel focused despite the time pressure?,Yes,,https://unsplash.com/photos/gray-and-white-click-pen-on-white-printer-paper-cbEvoHbJnIE,all
160,Breakout Rooms 3,"During a Zoom class, you're placed into breakout rooms. When you start the discussion, your camera is on, but everyone else leaves their cameras off and their mics muted. You wonder if others will think you are motivated. ",,Positive,Do you leave your camera on? ,Yes,,https://unsplash.com/photos/black-and-silver-laptop-computer-on-brown-wooden-table-qnWPjzewewA ,all
161,Dream Colleges 3,You hear your friends bragging about their dream colleges. You worry your choices seem “less impressive” and feel your stomach sink. You think your friends probably support your choice of colleges.,,Positive,Do you think your friends support your college choices?,Yes,,https://unsplash.com/photos/young-women-talking-in-a-casual-setting-q19hWugG0MU,all
162,Stomach Ache 3,"You have been anxious about an upcoming test for class. On the day of the test, you notice that your stomach is aching. You think that the stomach ache must be from anticipation. ",,Positive,Do you think your stomachache is from anticipation?,Yes,,https://drive.google.com/file/d/1xUVHP-lj26dCvOIiMMMta2bgIGRH5hR9/view,all
163,Rule Breaking 3,"You got caught breaking a rule at school. You didn't mean to, and know that the principal will need to call your parent. You walk into their office, knowing that no matter what happens, your parents will forgive you. ",,Positive,Do you believe your parents will forgive you?,Yes,,https://unsplash.com/photos/a-laptop-computer-sitting-on-top-of-a-wooden-desk-nc-aU68XABQ,all
164,Texting in Class 3,"Your teacher catches you texting during class and takes your phone away. When class ends, your teacher gives your phone back and reminds you not have it out during class. You think your teacher is being nice.",,Positive,Was your teacher being nice?,Yes,,https://unsplash.com/photos/people-sitting-on-chair-w1FwDvIreZU,all
165,Incident Rumor 3,"You hear a rumor about a dangerous incident nearby the school, and your pulse jumps. Your fingers itch to look up information on your phone. You remember the importance of waiting for facts from a trusted source, and you feel calmer. ",,Positive,Are you feeling calmer after deciding to wait for facts from a trusted source?,Yes,,https://unsplash.com/photos/black-ip-desk-phone-on-black-wooden-table-Dkn8-zPIbwo,all
166,AI Anxiety 3,"A classmate claims AI will make most jobs disappear, and your stomach dips. You imagine having fewer options than you hoped for. You remember that new skills can be learned over time, and you feel grounded.",,Positive,Are you feeling grounded after reminding yourself new skills can be learned?,Yes,,https://unsplash.com/photos/a-desk-with-a-keyboard-mouse-pens-and-sticky-notes-MBr7VQEOc-Y,all
167,Blank Resume 3,"You're staring at a blank résumé template for a school program. You can't think of anything impressive to add, and you assume it will look boring compared to everyone else’s. You pause and remember people often forget how ordinary their early résumés are. ",,Positive,Is your résumé uniquely worse than everyone else's?,No,,https://unsplash.com/photos/female-hands-typing-laptop-computer-showing-blank-screen-on-table-gjUdVok3hog,all
168,Climate Change Presentation 3,"You attend a presentation at school about climate change. As you sit in the dark auditorium, you feel a wave of helplessness wash over you, thinking that nothing you do will matter compared to global problems. You remind yourself that you can only control your own actions, and you feel yourself become calmer. ",,Positive,Do you feel calmer after focusing on what you can control?,Yes,,https://drive.google.com/file/d/1hI_IEnDiL3mLGJZXQNwSj0W2_lbzHlJn/view?usp=sharing,all
169,College and Climate 3,"You and your friends are starting to talk about what you want to study in college. As you talk, you worry certain fields will be useless in a climate-shifting world. You remind yourself that careers adjust with changing conditions, and you feel exctied to pursue your interests. ",,Positive,Are you feeling excited to pursue your interests despite a changing world?,Yes,,https://unsplash.com/photos/person-writing-at-a-picnic-table-in-a-stone-courtyard-CsjVpeHwfi0,all
170,Award Stumble 2,"You're called to the stage to receive an award at your school's award ceremony. You stumble as you get up from your chair to go to the stage. When you think about everyone seeing you stumble, you feel like laughing. ",,Positive,Was the moment funny? ,Yes,,https://unsplash.com/photos/people-sitting-on-chair-inside-room-ID1yWa1Wpx0,all
171,No Internet 2,"You don't have internet access at home. You found out that you're required to do a big research project online by next week. As you wonder how you'll be able to complete the assignment, you feel comfortable in your ability to figure it out. ",,Positive,Are you feeling comfortable in your ability to figure out the project?,Yes,,https://drive.google.com/drive/folders/1uRwPbAA8d2JKaKCMOAKMTcHNiy387Rdn,all
172,Political Debate 2,A heated debate breaks out in class about global politics. You imagine arguments only getting worse. The tension leaves you feeling energized to learn.,,Positive,Are you feeling energized to learn from the debate?,Yes,,https://unsplash.com/photos/a-group-of-people-sitting-around-a-table-in-front-of-a-whiteboard-Gkol0T6o8Cs,all
173,Research Talk 3,"You are giving a presentation to your class about your research project. You feel that your hands are shaking a little. Wondering if it is obvious, you look around and see that a few classmates have noticed. You realize that your classmates are interested in your presentation.  ",,Positive,Are your classmates interested in your presentation?,Yes,,https://unsplash.com/photos/a-classroom-with-a-map-hanging-on-the-wall-Dhoy-bWjv-I,all
174,Homework vs. Practice,"You have a huge assignment due tomorrow and a 2-hour practice with your team tonight. You think about skipping practice because you feel overwhelmed, but the thought triggers a wave of guilt. Your coach will probably be understanding if you miss practice to finish your work. ",,Positive,Will your coach probably be understanding if you miss practice?,Yes,,https://unsplash.com/photos/a-person-writing-on-a-notebook-with-a-pen-O04ybN0h1C8,all
175,Online Policy Debate,"When a policy debate comes up online, you feel anxious that leaders won’t act fast enough. You picture being left behind by decisions out of your control. You think about the advocacy actions under your control, and you feel empowered to act. ",,Positive,Are you feeling empowered to take action?,Yes,,https://unsplash.com/photos/person-holding-white-smartphone-sitting-on-stair-bTfza0M0hCE,all
176,Future of Learning,"During class, the topic of future job skills comes up unexpectedly. You wonder whether what you’re learning now will actually matter later. You remind yourself learning continues after school is over. ",,Positive,Does learning stop once school ends?,No,,https://unsplash.com/photos/girl-student-in-a-lesson-xzf4jHr_-Us,all
177,Quiet Room,"During a school presentation about climate change, the room feels unusually quiet. You start thinking nothing you do could ever matter enough. You remind yourself that local efforts don’t work alone, and you feel energized to participate. ",,Positive,Are you feeling energized to participate in local efforts?,Yes,,https://unsplash.com/photos/a-group-of-people-sitting-at-desks-in-a-classroom-VTwgwx7c4Ag,all
178,Climate Discussion,"During a discussion about climate activism in class, several students speak confidently. You hesitate, worrying your ideas aren’t informed enough. You think about the strength of your beliefs and values, and you feel energized to join the conversation. ",,Positive,Are you feeling energized to join the conversation?,Yes,,https://unsplash.com/photos/a-group-of-people-standing-in-front-of-a-window-AtYaR-8OXAA,all
179,Write Your Own,,,,,,,,
180,Write Your Own,,,,,,,,
181,Write Your Own,,,,,,,,
182,Write Your Own,,,,,,,,
183,Write Your Own,,,,,,,,
184,Write Your Own,,,,,,,,
185,Write Your Own,,,,,,,,