Notification Text,Prompt to use MT Teen,Time to be Implemented
"""Take a moment to focus on you today.""",Work on changing your negative thoughts by completing a session in our app. ,Mid-day
"""Today is a great day to start working towards your goal."" ",Reframe your thinking patterms by completing a session in our app.,Morning
"""You are not your thoughts""",Calm your anxious thoughts by completing a session in our app. MindTrails Teen is here for you!,Evening
"""Do something for you today""",Take a moment for yourself by completting a session in out app. MindTrails Teen is here for you!,Morning
"""Begin anywhere"" - John Cage",Completing a daily session in our app can be a great place to start. MindTrails Teen is here for you!,Morning
"""No great thing is created suddenly"" - Epictetus",Let's start new habits to move towards our goals and complete a sesson! MindTrails Teen is here for you!,Mid-day
The energy you put out is the energy you receive.,Calm your racing thoughts and complete a session to start your morning peacefully. ,Morning
"""If you always do what you've always done, you'll get what you've always got"" - Steven Hayes. ",Let's start new habits to move towards our goals and complete a sesson!,Morning
Focus on what you can control.,Take a moment to focus on completing your session!,Mid-day
Ready to practice flexible thinking? Complete your microdose!,MindTrails Teen is here for you! Start a session now.,Mid-day
Let your mind rest easier by completing your end of day survey😴,MindTrails Teen is here to help you end your day peacefully!,Evening
Your experience is important to us! Tell us all about it📝,,to be administered for the twice-daily assessments
Did you know relaxation and meditation can decrease tension and physical pain? ,Did you also know that completing your microdose is a form of relaxation? MindTrails Teen is here for you - start a session now!,Mid-day
Remember that you are not alone. ,Completing your session can be a helpful reminder. ,Evening
"""When you arise in the morning, think of what a precious privilege it is to be alive, to breathe, to think, to enjoy, to love."" - Marcus Aurelius",Start your mornings off with your daily session!,Morning 
"""Accept the things you cannot change""",Shift yourself toward this mindset by completing a session!,Morning
A microdose a day can keep anxious thoughts at bay.,MindTrails Teen is here for you! Start a session now.,Morning
Winding down? (Complete a session to to finish strong!),MindTrails Teen is here for you! Start a session now.,Evening
"Make peace with the mind, it's your best ally.",MindTrails Teen is here for you! Start a session now.,Morning
"""Nothing can bring you peace but yourself"" - Ralph Waldo Emerson ",MindTrails Teen is here for you! Start a session now.,Morning
"Focus on your strengths, not your weaknesses. Focus on your character, not your reputation. Focus on your blessings, not your misfortunes."" - Roy T. Bennett",Calm your anxious thoughts by completing a session in our app. MindTrails Teen is here for you!,Mid-day
Remember that you are enough. ,Take a moment for yourself by completting a session in our app. MindTrails Teen is here for you!,Morning
"""The perfect moment is this one"" - Jon Kabat-Zinn",Calm your anxious thoughts by completing a session in our app. MindTrails Teen is here for you!,Mid-day
Take a breath. ,MindTrails Teen is here for you. Begin your microdose now!,Mid-day 
"""It's not what you look at that matters, it's what you see."" - Henry David Thoreau",Reflect on yourself by completing your microdose. ,Evening
"Rest, Relax, and Reflect.",Take a break and complete your session.,Mid-day
"""The time to relax is when you don't have time for it."" - Sydney Harris",Relax by completing your microdose now. MindTrails Teen is here for you!,Mid-day
"""Take rest; a field that has rested gives a bountiful crop."" - Ovid",MindTrails Teen is here for you. Take a break and complete your session!,Mid-day