Scenario Number,Scenario Title,Scenario,Scenario Body 2 (Resilience Only) ,Valence,,Comprehension Question,Correct Answer,Incorrect Answer,Photo link,Letters Missing
1,Climate Guilt 1,"Thinking about the future, you suddenly feel guilty that you might not do enough to “make things better.” You imagine failing some invisible test. You remind yourself that meaningful effort can take time, and you feel shame. ",,Negative,,Do you still end up feeling ashamed even after reminding yourself that meaningful effort can take time?,Yes,No,lookingatcity.jpg,1
2,Delayed Climate Action 1,"Reading about delayed climate action, you suddenly fear policymakers won’t adapt fast enough. You imagine being stuck with consequences you didn’t choose. You remind yourself that change often comes in steps, not leaps, and you feel discouraged. ",,Negative,,Are you feeling confident that policymakers will act quickly enough to prevent consequences?,No,Yes,noplanetb.jpg,1
3,Anticipating Comments,"You’re getting ready to go to a big family gathering you haven’t attended in a while. You remember how relatives sometimes comment on your appearance or grades. You worry it will happen again, and the thought makes your stomach tighten.",,Negative,,Does the thought of relatives commenting again make your stomach tighten before the gathering?,Yes,No,bathroom1.jpg,1
4,Packed Box,You notice a packed box in the hallway that wasn’t there before. You start worrying that your family is moving again. The uncertainty makes you feel nervous.,,Negative,,Does seeing the packed box in the hallway make you assume your family is moving again?,Yes,No,boxes.jpg,2
5,Political Debate 1,A heated debate breaks out in class about global politics. You imagine arguments only getting worse. The tension leaves you feeling discouraged.,,Negative,,Do you feel hopeful that the heated class debate will calm down anytime soon?,No,Yes,handraise.jpg,2
6,Losing Team Spot,"Your coach mentions strict team cuts this season, and your chest tightens. You imagine your spot being at risk. The uncertainty sticks with you, and you feel uneasy.",,Negative,,Does your coach's mention of strict cuts leave you feeling uneasy about your spot on the team?,Yes,No,tennis.jpg,2
7,Global Conflict 1,"You see news about rising tensions between countries, and your nerves spark. You imagine instability lasting for years. You conider your lack of ability to control the situation, and you feel anxious. ",,Negative,,Do you feel anxious imagining the tension between countries lasting for years?,Yes,No,usingsmartphone.jpg,2
8,Misleading Post,"On social media, you notice a misleading post and your heart sinks. You imagine people believing it instantly. The way misinformation spreads leaves you feeling discouraged.",,Negative,,Are you feeling confident that people won't be fooled by the misleading post?,No,Yes,teenscrolling.jpg,2
9,Audition Error,You are auditioning for a play. You say most of your lines correctly but mess up on one or two. You think the audition went poorly. ,,Negative,,Do you think your audition went poorly after messing up a couple of lines?,Yes,No,audition1.jpg,2
10,Peer Pressure 1,"At lunch, someone jokes about drinking tequila shots at a gathering you're attending this weekend. You worry people will judge you if you don’t join in on drinking. The possibility lingers, and you walk away feeling uncomfortable.",,Negative,,Do you feel completely at ease about the possibility of being judged for not drinking?,No,Yes,girlatlunch.jpg,all
11,Rising Prices,"Your parents quietly discuss rising grocery prices, and your pulse quickens. You imagine your family having to stretch every dollar. The possibility of long-term strain makes you feel concerned.",,Negative,,Do you think your family can find ways to manage rising grocery costs together?,Yes,No,familyargument.jpg,all
12,AI Images,"You see an AI-generated image that looks disturbingly real. You imagine misinformation becoming impossible to track. The thought settles in your chest, leaving you feeling unsettled.",,Negative,,Will misinformation definitely become impossible to detect or verify?,No,Yes,teenlyingdown.jpg,all
13,Gift Comparison 1,"You see a friend’s post showing off all the gifts they got during the holiday season, while you didn't receive anything that big. You start comparing your holiday to theirs and wonder if people didn’t think you were worthy of gifts. You feel a bit overlooked.",,Negative,,Do you believe your loved ones show they value you in ways beyond gifts?,Yes,No,A.insta.holiday.png,all
14,Financial Article,"You read a statistic about financial struggles for young adults, and your stomach sinks. You imagine your own future feeling tight or limited. You consider that your financial future isn't set in stone, and you feel uncomfortable. ",,Negative,,Do you remind yourself that your financial future isn't set in stone?,Yes,No,A.headlines2.png,all
15,Checking Appliances,"You and your family are heading out of town for a few days. Your mom asks you to double-check that all the appliances in your house are turned off. As you close the door to your house, you feel nervous. ",,Negative,,"Is it likely that you forgot to turn off an appliance, even though you double-checked?",No,Yes,stove.jpg,all
16,Texting in Class 2,"Your teacher catches you texting during class and takes your phone away. You don't like it when people are mad at you, but you know that your teacher will say something to you at the end of class. For the rest of class, you feel anxious. ","When class ends, your teacher gives your phone back and reminds you not have it out during class. You think your teacher is being nice.",Resilience ,,You think your teacher gave your phone back with a reminder because...,"they wanted to help you remember the rule, not punish you.",they think you're a troublemaker.,teenwphone.jpg,1
17,Incident Rumor 2,"You hear a rumor about a dangerous incident nearby the school, and your pulse jumps. You imagine it being worse than it likely is. Your fingers itch to look up information on your phone, and the uncertainty leaves you feeling tense. ","You remember the importance of waiting for facts from a trusted source, and you feel calmer. ",Resilience ,,"The next time you hear a scary rumor, you will...",wait to hear the real facts from a trusted source.,assume the worst has already happened.,phoneteen.jpg,1
18,AI Anxiety 2,"A classmate claims AI will make most jobs disappear, and your stomach dips. You imagine having fewer options than you hoped for. The thought leaves you feeling discouraged.  ","But you remember that new skills can be learned over time, and you feel grounded.",Resilience ,,"When you think about AI changing the job market, you decide...",you can learn new skills as things change.,you'll never find a good job in the future.,inclass.jpg,1
19,Feeding the Cat 2,"One of your chores is to feed the family cat after school. One day, she eats slower than usual. Your heart begins to pound and you feel anxious thinking about her health. ","You remind yourself that animal behavior can change for many reasons, and feel calm as you plan to monitor her eating for a few days. ",Resilience ,,You think your cat is eating slower because...,cats' appetites can change for lots of harmless reasons.,something is seriously wrong with her.,tabbycat.jpg,1
20,Big Changes,"You're coming down the hallway for a glass of water. As you pass your parents' room, you overhear them mention “a big change”. You immediately imagine something disruptive happening at home and start to feel uneasy.","You consider what they could be talking about, and eventually decide that worrying about it won't change the outcome. ",Resilience ,,"When you overhear your parents mention a big change, you assume it means...",something new the family will figure out together.,something disruptive and scary is about to happen.,hallway.jpg,1
21,Mom Driving,"You get invited to a new friend's house. Your mom insists on driving you, even though it's within walking distance. You assume she doesn’t trust you to handle things alone, and you feel frustrated. ","You also know parents sometimes overprotect out of habit, and trust grows over time. ",Resilience ,,Your mom probably wants to drive you because...,"it's just a habit, and trust with her will keep growing.",she doesn't trust you to handle things on your own.,carwmom.jpg,2
22,Stomach Cramp 2,Your stomach cramps up just before lunch and feels weirdly heavy. You panic that you ate something bad and are getting sick.,"You remind yourself that hunger can feel uncomfortable too, and you start to trust that it will pass.",Resilience ,,You think your stomach cramps mean...,"you're just hungry, and it will pass.",you're getting seriously sick.,doctoroffice.jpg,2
23,Sitting Up Quickly 2,"As you wake up in the morning, you sit up quickly. Your vision goes blurry, and then goes black for a moment. Your vision comes back after a moment, and you tell yourself that you are going blind. ","You remember that sometimes this happens when you sit up too quickly, and you are probably fine. ",Resilience ,,"When your vision goes black for a moment, you tell yourself it happened because...","you stood up too fast, and it's already passing.",you are going blind.,knees.jpg,2
22,Sunset Photo,"You take a nice picture in front of a pretty sunset, but feel like something about it looks off. You crop the picture multiple times trying to make it “perfect” but still feel unsure before posting. You assume others will judge every detail so you feel pressured. ","You consider that most people barely look at posts for more than a second, and are able to post it without feeling bothered. ",Resilience ,,You assume people will judge your sunset photo because...,most people barely look at a post for more than a second.,they'll notice every tiny detail you're unsure about.,A.snap.sunset.png,2
25,Viral Clip,"You see a viral clip that looks real but feels suspicious, and your anxiety jumps. You imagine people around you believing it instantly. The possibility leaves you feeling unsettled. ","Still, you know you can look for verified sources, and you feel yourself calm. ",Resilience ,,Should you believe a viral clip is true before checking a verified source?,No,Yes,bluephone.jpg,2
26,Global Conflict 2,"You scroll past videos about global tensions, and your stomach knots. You imagine things never calming down. The heaviness leaves you feeling worried. ","You remind yourself to focus on the things in your life you can control, and you feel steadier. ",Resilience ,,Do you feel steadier once you focus on the things in your life you can actually control?,Yes,No,redphone.jpg,2
27,Peer Pressure 2,You hear classmates bragging about drinking and getting high over the weekend. You imagine being judged for not joining in. The pressure leaves you feeling unsure. ,"You remember your choices have served you well so far, and you feel confident about choosing for yourself. ",Resilience ,,Will your classmates definitely judge you for not drinking or getting high?,No,Yes,coolfriends.jpg,2
28,Family Finances 2,"You walk past the kitchen and hear your parent mention bills while staring at the laptop screen. Out of nowhere, you begin to wonder if your sports fees or school supplies add financial pressure. The thought makes you feel a wave of guilt. ",You remind yourself that you don't know the full picture and managing the family finances isn't your responsibility. ,Resilience ,,Do you remind yourself that managing the family's finances isn't your responsibility?,Yes,No,parentstalking.jpg,2
29,Dramatic Headlines,You scroll past a dramatic headline about global conflicts and feel tension rising in your shoulders. You imagine the situation worsening quickly. The uncertainty leaves you feeling uneasy. ,"Still, you remind yourself you’ve handled stressful news cycles before, and you end up feeling steadier.",Resilience ,,"Have you handled stressful news cycles before, which helps you feel steadier now?",Yes,No,leaningphone.jpg,2
30,Fake News 2,You read an article about AI-generated fake news spreading quickly. You imagine people falling for things nonstop. The idea leaves you feeling uneasy. ,"Still, you know you can stay alert and thoughtful, and that leaves you feeling informed.",Resilience ,,Will everyone inevitably be fooled by AI-generated fake news?,No,Yes,A.headlines1,2
31,Checking the Locks 2,"You leave your house and get on the bus to go to school. About 10 minutes into the ride, you wonder whether you remembered to lock the door on your way out, and begin to feel anxious. ","As you get closer to school, you recall how you usually lock the door automatically without thinking about it, and you feel relieved. ",Resilience ,,"Do you usually lock the door automatically, even without consciously remembering it?",Yes,No,onbus.jpg,all
32,Water Park,"You are at a water park with a group of friends and everyone you're with wants to go on the tallest slide. As you climb the stairs, you look over the side and feel your stomach drop. You think that this ride will be scary. ","You reach the top of the stairs and your friends go down the slide. Even though you're anxious, you go down the slide and smile. ",Resilience ,,Does feeling anxious about the slide stop you from going down and enjoying it?,No,Yes,waterslide.jpg,all
33,Night Light,"You are afraid of the dark and usually sleep with a light on in your bedroom. This weekend, you are going to stay at a friend's house and you know there won't be a nightlight. As you think about the upcoming sleepover, you feel scared.", You think about the sleepover a little more and realize that you will probably be having too much fun to be scared. You feel calmer. ,Resilience ,,Do you feel calmer once you realize you'll probably be too busy having fun to feel scared?,Yes,No,blankets.jpg,all
34,Cave Tour,"You and your friends have decided to go on a tour of a cave, even though you feel nervous about being in such an enclosed space. You walk deeper and deeper into the cool cave. You think the chances you will get trapped are large. ",You look around and see lots of similing faces. You decide that you are probably safe. ,Resilience ,,Do you decide you're probably safe once you notice everyone around you looks calm?,Yes,No,cave.jpg,all
35,Learner's Permit,"You've been waiting to take your driving test for weeks, and you feel a thrill of excitment when you pass. You send a photo, but no one responds. You think your friends must find the photo annoying. ","After a few moments, you consider that they might not have seen the text yet, and your excitement returns. ",Resilience ,,Does considering that your friends may not have seen your text yet help your excitement return?,No,Yes,A.text.newdriver.png,all
36,Debit Account,"You’re opening a debit account at the bank. As you chat with the bank teller, they use terms you barely understand. You wonder if the bank teller thinks you are childish. ","You consider that everyone has to start somewhere financially, and you feel confident in your ability to learn. ",Resilience ,,"Do you feel confident in your ability to learn, since everyone starts somewhere financially?",Yes,No,bank.jpg,all
37,Eye Doctor ,"At the eye doctor, you’re told you need glasses for the first time. You imagine people at school saying you look weird. You feel self-conscious. ","You remember that lots of classmates wear glasses without anyone caring much, and you feel excited to have a new accessory. ",Resilience ,,Will your classmates actually think you look weird for wearing glasses?,No,Yes,eyechart.jpg,all
38,Friend's Sibling,"Your friend posts a picture with their sibling at an amusement park. They look really happy, and their smiles remind you of losing someone close. You assume everyone else has stable families except you, which leaves you feeling alone."," You consider that many people don’t show their family struggles online, and feel connected. ",Resilience ,,Do you feel connected once you remember that many people don't show their family struggles online?,Yes,No,disney.png,all
39,Gift Comparison 2,"You see a friend’s post showing off all the gifts they got during the holiday season, while you didn't receive anything that big. You start comparing your holiday to theirs and wonder if people didn’t think you were worthy of gifts. You feel a bit overlooked. ","You reflect on how you've had a nice holiday season with the people you love, and feel grateful. ",Resilience ,,Do you feel better once you remember that gifts aren't the only way to feel valued?,Yes,No,holiday.png,all
40,Interview Outfit,"You have a job interview coming and the email says to dress in ""buisness casual"". Your family can't afford many fancy clothes, and you worry your outfit won’t be professional enough. Your interviewers will probably think you are being disrespectful. "," After a while, you decide to wear what makes you feel comfortable, and feel confident about the interview. ",Resilience ,,Will your interviewers definitely think you're being disrespectful for not wearing fancy clothes?,No,Yes,closet.jpg,all
41,Blanking in Interview 2,"You blank out during a job interview question. The interviewer stares at you as the seconds stretch out, and you feel your stomach drop. You manage to answer the question, but assume you ruined your chance for the job. ","As you leave the interview, you remind yourseld that everyone gets nervous sometimes, and you feel forgiving towards yourself. ",Resilience ,,Do you feel forgiving toward yourself once you remember that everyone gets nervous sometimes?,Yes,No,meeting.jpg,all
42,Job Offers 2,"It is your senior year and your friends are eating lunch outside. Everyone’s comparing job offers after graduation, but you feel a pit in your stomatch when you think about the future because you don't have a job yet. You think that it is uncommon not to have a job after graduation.","You think about job searching after graduating, and feel accepting of the situation. ",Resilience ,,Does having a different post-graduation path than your friends mean your path is wrong?,No,Yes,girldinner.jpg,all
43,Breaking a Mug 2,"You’re rushing to make breakfast before school one morning. In your hurry, you accidentally drop one of your parent’s favorite mugs, and it shatters everywhere. You picture them being furious when they get home, and you start to feel ashamed. ","You think about how your family usually forgives mistakes, and you end up feeling calmer.",Resilience ,,Do you feel calmer once you remember your family usually forgives mistakes?,Yes,No,brokenmug.jpg,all
44,Art Project,"You show your mom your finished art project. It took a few weeks, and you feel very proud of it. She praises your work, but quickly returns to answering a work email. You assume she moved on quickly because she didn't care about your project. ","After a few moments, you realize she was probably distracted. ",Resilience ,,"Do you realize your mom was probably just distracted, not uninterested in your project?",Yes,No,artproject.jpg,all
45,Parents Arguing,"You come home from school to find your parents having a huge argument. After they're done, your dad leaves the house to take a walk. You worry he’s leaving for good, and you feel scared. ","You also know people sometimes need space to cool down, and you end up feeling reassured.",Resilience ,,Does your dad leaving to take a walk mean he's leaving for good?,No,Yes,windowview.jpg,all
46,Headaches After School,"You start getting headaches after long school days. You worry it means something serious and feel anxiety rise in your chest. You remind yourself that headaches can be caused by many things, and you feel your panic ease. ",,Positive,,You worry your headaches mean...,"something ordinary, like stress or tiredness.",something is seriously wrong with your health.,headache.jpg,1
47,Family Comment,"A relative makes a neutral comment about your apperance changing since last year. You instantly feel inscure, worried they mean the observation in a critical way. When you think about how you choose to dress and present yourself, you feel happy with your choices. ",,Positive,,Your relative's comment about how you look probably means they think...,you've simply grown since they last saw you.,something is wrong with how you look now.,familypark.jpg,1
48,Family Disagreement,"A disagreement at home ends ends in everyone storming away to their own rooms. Sitting in your, you worry the silence means something bigger is wrong. You remind yourself that sometimes people need time alone to cool off. ",,Positive,,You think the silence after the argument means...,everyone just needs a little time alone to cool off.,something bigger and unresolved is wrong.,bedroom.jpg,1
49,Chore List,A chore list is taped to the fridge with your name on it. You worry you’re being singled out for not helping enough. You remind yourself chores rotate through the family and your parents are reminding you. ,,Positive,,You assume your name on the chore list means...,"it's simply your turn, since chores rotate.",you're being singled out for not helping enough.,fridge.jpg,1
50,Athletic Rumination,"You are on your way home after a soccer game that your team won. As your mind wanders, you think about the one goal that you missed. Overall, you consider your performance a success. ",,Positive,,"When you think about the goal you missed, you decide your performance was...",still a success overall.,a failure because of that one mistake.,frontseat.jpg,1
51,Polticial Impacts,"You overhear your parents talking quietly about how the political situation in the country will affect their jobs. Your stomach drops as you imagine everything changing for your family. When you think about navigating changes together, you feel secure in your family's ability to weather new situations. ",,Positive,,"When you think about the changes your parents are discussing, you feel...",secure that your family can handle new situations together.,certain that everything is about to fall apart.,familyargument.jpg,1
52,Visiting Extended Family,"While visiting extended family, everyone seems busy with their own conversations. You worry you’re supposed to jump in more but don’t know how. You remind yourself being quiet is allowed. ",,Positive,,You worry that staying quiet at the family gathering means...,it's simply okay not to talk the whole time.,you're doing something wrong by not joining in more.,familylaugh.jpg,1
53,Waiting for Results,"You’re sitting in the doctor’s office waiting for the results of a blood test, and the doctor is taking a long time to come back. You begin to wonder if they're taking a long time because something is wrong, and you feel you heart start to race. You think the doctor is likley late.  ",,Positive,,You think the doctor is taking a long time because...,they're probably just running a little behind schedule.,something is seriously wrong with your results.,doctoroffice.jpg,1
54,Elderly Neighbor,"You notice that you haven't seen your older neighbor recently. You normally visit her regularly, so it is strange that you have not seen her lately. Your neighbor has probably been busy.",,Positive,,You think you haven't seen your neighbor lately because...,she's probably just been busy.,something bad has happened to her.,houses.jpg,1
55,Not Yet Official,"After three months of hanging out, your crush still hasn’t asked to be official. You start to think they just don’t like you that much. You remind yourself that people can move at different paces when it comes to relationships, and going slow is okay. ",,Positive,,Your crush probably hasn't asked to be official yet because...,people move at different paces in relationships.,they don't like you as much as you thought.,pinky.jpg,1
56,Awkward Photo,"You spot a photo of yourself someone posted from the school event. You notice that your shirt is falling awkwardly on your body, and feel uncomfortable. You think about your friends seeing this photo, and consider that they will be focused on themselves. ",,Positive,,"When you think about your friends seeing that photo, you decide they will...",be too focused on themselves to notice your shirt.,notice every awkward detail and judge you for it.,phoneinhands.jpg,2
57,Unexpected Photo,"You notice someone take a quick photo of the room, and you might’ve been in the background. You worry you looked awkward or unposed. You remind yourself most people don’t even look at the background of photos, and you feel untroubled. ",,Positive,,You worry that being in the background of that photo means...,no one will even notice you're there.,people will think you looked awkward.,photobackground.jpg,2
58,Social Media Followers 3,"You have a lot of followers on social media. Your photo has only a few likes after a few hours, and usually by now you'd have a lot more reactions. You wonder if people aren't liking your post because they are busy. ",,Positive,,You think your post has fewer likes right now because...,people are probably just busy at the moment.,people are choosing not to like it on purpose.,nolikes.png,2
59,Pictures with Friends,"You and your friend took some pictures together. You look through your feed and see that they tagged you in a post, and you really don't like how you look. But, you know that in the long run it won't matter. ",,Positive,,"When you see the photo you don't love, you remind yourself that...",it won't really matter in the long run.,everyone will remember it and judge how you looked.,homecoming1.png,2
60,Candid Photo,"Someone snaps a candid photo of you mid-laugh at lunch and shows everyone. You panic, thinking you look unflattering. You remind yourself candid photos are never perfect for anyone. ",,Positive,,You think your candid laughing photo looks...,"normal, since candid photos are never perfectly posed for anyone.",embarrassing and unflattering compared to everyone else.,smilee.png,2
61,World NEws,"A notification pops up about world news, and instead of interest, you feel a dull wave of exhaustion wash over you. You worry you’re getting numb. You remind yourself rest protects empathy, and that it's okay to come back when your mind is clearer. ",,Positive,,"When you feel exhausted instead of upset by the news, you decide it means...","you need some rest, and that's okay for now.","you're becoming a numb, uncaring person.",phoneteen.jpg,2
62,Style Comparison,You see your friend’s stylish jacket and suddenly feel like your clothes look plain. You worry people will judge your outfits as boring. You remind yourself style is personal and not a competition. ,,Positive,,You worry that your plainer outfit means...,"your style is just personal, not something to compete over.",people will judge your clothes as boring.,fashion.jpg,2
63,Smiling witih Braces,You notice your braces gleam in every photo your friend takes at lunch. You worry everyone will think your smile looks awkward. You remind yourself most people barely notice braces. ,,Positive,,You worry that your braces in photos will make people think...,"nothing much, since most people barely notice braces.",your smile looks awkward.,braces.jpg,2
64,Hair Glance,"You catch someone looking at your hair during class, then they glance back at their notes. You worry they thought your hair looked messy. You remind yourself people glance around absentmindedly. ",,Positive,,You think the classmate looked at your hair because...,they were just glancing around without really thinking about it.,they thought your hair looked messy.,hairday.jpg,2
65,Posture Adjustment,"While lining up for photos, someone quietly adjusts their posture after looking at you. You worry they’re copying you because you look awkward. You remind yourself that lots of people correct their posture, and your shoulders relax a bit.",,Positive,,You assume the person adjusting their posture near you means...,"they're just fixing their own posture, like lots of people do.",they're copying you because you look awkward.,greenshirt.jpg,2
66,Glancing at Reflection,"In the restroom, someone glances at your reflection in the mirror and then looks away. You worry they noticed something embarrassing. You remind yourself that they were probably just looking at themselves. ",,Positive,,Do you think this person is judging you? ,No,Yes,sink.jpg,2
67,New Acne,"In the bathroom mirror at school, you notice a small pimple that looks much bigger under the harsh lights. You worry everyone who sees you will stare at it.You remind yourself that when it comes to apperance, most people are focused on themselves. ",,Positive,,Will everyone who sees you stare at your pimple?,No,Yes,acne2.jpg,2
68,Frizzy Hair,"At a hangout, your hair starts frizzing from the humidity.You worry your friends will think you didn’t try. You remind yourself people focus more on how you act than how your hair looks. .",,Positive,,Do you remind yourself that people care more about how you act than how your hair looks?,Yes,No,photoday.jpg,2
69,Trendy Leggings,"A lot of people at your school have started wearing a pair of trendy leggings. You think the leggings are super fashionable and you want to fit in with everyone, but when you look online, you notice the leggings are way too expensive for you to afford. Although you feel briefly sad, you know your friends will be unjudgemental.  ",,Positive,,Will your friends judge you for not being able to afford trendy leggings?,No,Yes,friendgroup1.jpg,2
70,Outfit Anxiety,A friend glances at your shoes and smirks briefly before looking away. You worry they think your outfit is lame. You remind yourself that your friend wouldn't just make fun of you and they were probably thinking about something else. ,,Positive,,Do you remind yourself that your friend probably wasn't even thinking about your shoes?,Yes,No,sneakers.jpg,2
71,Clothing Brand,"A classmate asks what brand your shirt is, then doesn’t say anything after you tell them. You start to worry they think it’s cheap or uncool. You remind yourself they might’ve just been making small talk, and their comment was innocuous. ",,Positive,,Does your classmate not responding after asking about your shirt mean they think it's uncool?,No,Yes,students.jpg,2
72,Walking Through Park,Your friend convinces you to go on a walk through a local park. You have heard that there are poisonous snakes in that park and start to feel worried. You think that the chances that you will see that kind of snake are small. ,,Positive,,Do you think the chances of encountering a poisonous snake on your walk are small?,Yes,No,woods.jpg,2
73,Airplane Anxiety,You're watching a TV show about people travelling to other countries. The idea of taking an airplane makes you feel anxious. You think you will deal with your anxiety succesfully. ,,Positive,,Do you believe you'll be able to manage your anxiety about flying successfully?,Yes,No,airplane.jpg,2
74,Lucky Watch,"You get to school and realize that you are not wearing your watch. You don't remember taking it off earlier. You become a little anxious thinking about where the watch is, and your day ends up being enjoyable. ",,Positive,,Does your day end up being enjoyable despite briefly worrying about your missing watch?,Yes,No,bandaid.jpg,2
75,Checking the Locks 3,"You are bringing in the mail for your neighbors while they are away. On your way out of their house each day, you lock the front door and check the lock. Today you were rushing and think you forgot to check the lock, and you think the house will probably be fine. ",,Positive,,Is it likely that something bad happened to the house because you rushed checking the lock?,No,Yes,mailbox.jpg,2
76,Sounds Outside,You are babysitting a younger kid in your neighborhood and they just went to sleep. It's dark out and you suddenly hear noises outside. You peek out the window and see a cat. ,,Positive,,Does the noise outside turn out to be nothing more than a cat?,Yes,No,winterwindow.jpg,all
77,Loud Noise,"You are at home alone watching TV at night. You must have been dozing, because you suddenly wake up after hearing a loud noise. Your heart is racing, and you think that the noise was probably a squirrel. ",,Positive,,Was the loud noise that woke you up most likely something dangerous?,No,Yes,videogames1.jpg,all
78,Metro Stop,"You are at a metro stop waiting for a train. Standing by the edge, you realize you've never thought about how far a drop it is to the rails below. You are fascinated by how the metro station is built. ",,Positive,,"Do you end up feeling fascinated by how the metro station is built, rather than afraid?",Yes,No,metro.jpg,all
79,Police Cars,"While walking into school, you notice police cars nearby and your stomach sinks. Your mind instantly imagines something dangerous happening. You remind yourself you don’t have all the information and can only respond to what’s real right now, and you feel calmer. ",,Positive,,Do you feel calmer once you remind yourself that you don't have all the information yet?,Yes,No,police.jpg,all
80,Confident Misinformation,"Someone confidently states a view that doesn’t sit right with you, but you aren’t sure why. You worry you need all the facts before you speak. You remind yourself confusion is part of thinking, and thinking about looking into the topic more later on your own reassures you.",,Positive,,Do you need to have every fact figured out immediately before it's okay to feel unsure?,No,Yes,argument.jpg,all
81,Class Picture Concerns,"Before class photos, you realize your bangs didn’t fall the way you meant them to. You worry the picture will turn out awkward. You remind yourself that one photo won’t define you, and the worry eases. ",,Positive,,Does your worry ease once you remember that one photo won't define you?,Yes,No,hairdaygirl.jpg,all
82,Changing Weight,You notice your weight fluctuating over a few months. You worry it means something is wrong and feel a knot form in your stomach. You remind yourself weight naturally shifts during periods of growth. ,,Positive,,Does your weight changing over a few months always mean something is wrong?,No,Yes,scale.jpg,all
83,Changing Body,"You notice your body becoming softer in places. You worry you’re getting unhealthy and feel a wave of insecurity. You remind yourself that puberty changes body composition, and you feel curious about your changing body.",,Positive,,Do you feel curious about your changing body once you remember puberty changes body composition?,Yes,No,mirror.jpg,all
84,Extra Tired,You feel tired even after resting. You worry your body is failing you and feel fear settle in your chest. You remind yourself sleep patterns change during growth and you are probably growing. ,,Positive,,Do you remind yourself that changing sleep patterns can be a normal part of growing?,Yes,No,unmadebed.jpg,all
85,Family Photos,"Your mom took a bunch of photos of you at a family wedding. You are looking through all of the photos trying to decide what to post, and begin to feel stressed about choosing the ""perfect"" photo to post. You consider that the differences between the photos are probably insignificant. ",,Positive,,Are the small differences between similar photos really that significant?,No,Yes,A.insta.newcar.png,all
86,Friend Driving Test,"Your friends sends a photo that says ""new driver!!!"" and you realize they passed their driving test. You have failed it twice. You remind yourself that you will pass eventually, and this makes you feel anticipation. ",,Positive,,"Do you feel anticipation, believing you will pass your driving test eventually?",Yes,No,A.text.newdriver.png,all
87,Graduation Post 3,"You post about your graduation online and get fewer likes than your friends. You start to feel invisible. You realize people might just be busy, and they still care about you.",,Positive,,Does getting fewer likes on your post mean people don't care about you?,No,Yes,A.insta.grad.png,all
88,Cute Classmate,"You meet a cute classmate in one of your classes. After school, they request to follow you on social media. Before you let them follow you, you look over your own feed and feel confident. ",,Positive,,Do you feel confident about your social media feed before letting your classmate follow you?,Yes,No,socialmedia1.jpg,all
89,Friend of Friend 3,"As you scroll through your social media, you see that your friends hung out without you yesterday. You didn't get an invite to hang out with them. You realize that sometimes your friends hang out without you, and that next time you can initiate the gathering. ",,Positive,,"Do you realize that next time, you can be the one to invite your friends to hang out?",Yes,No,A.snap.lunchfriend.png,all
90,Late Parents,"You are babysitting for your neighbors and you are working on homework after the kids have gone to bed. When you glance at the clock, you realize their parents are running late coming home, and you begin to wonder if something bad has happened. The more you think about it, the more you realize its more likley they are stuck in traffic. ",,Positive,,"Is it likely that something bad happened, rather than the parents simply being stuck in traffic?",No,Yes,diningroom.jpg,all
91,Babysitting 3,"You are babysitting for a new family and one of their little kids won't stop crying. You feel yourself starting to panic, and you want to call the child's parents for advice, but you worry about ruining their evening. The parents will probably be understanding that you called to check-in. ",,Positive,,Do you think the parents will probably be understanding that you called to check in?,Yes,No,babysitting.jpg,all
92,Career Choice,"A teacher asks what career you’re aiming for, and your mind goes blank. You feel small and embarrassed. You remind yourself not knowing yet is normal. ",,Positive,,Is it unusual or wrong to not know your future career yet?,No,Yes,handraise1.jpg,all
93,Customer Critique,"A customer criticizes your service during a busy shift, and you worry they think you’re bad at your job. You feel embarrassed. Then you remind yourself they’re probably just frustrated, and you start to feel forgiving. ",,Positive,,Do you feel forgiving once you remember the customer was probably just frustrated?,Yes,No,server.jpg,all
94,Incident Rumor 3,"You hear a rumor about a dangerous incident nearby the school, and your pulse jumps. Your fingers itch to look up information on your phone. You remember the importance of waiting for facts from a trusted source, and you feel calmer. ",,Positive,,Do you feel calmer once you remind yourself to wait for facts from a trusted source?,Yes,No,police.jpg,all
95,AI Anxiety 3,"A classmate claims AI will make most jobs disappear, and your stomach dips. You imagine having fewer options than you hoped for. You remember that new skills can be learned over time, and you feel grounded.",,Positive,,Will you definitely run out of job options because of AI?,No,Yes,deskatwork.jpg,all
96,Political Debate 3,A heated debate breaks out in class about global politics. You imagine arguments only getting worse. The tension leaves you feeling energized to learn.,,Positive,,Does the tension from the class debate leave you feeling energized to learn more?,Yes,No,classroom.jpg,all
97,Free Evening ,"You take a rare free evening to watch a movie. Halfway through, you start thinking you should be doing something productive. You remind yourself that downtime is essential for rest. ",,Positive,,Is relaxing during your free evening a waste of time?,No,Yes,popcorn.jpg,all
98,Hiking with Friends,"While hiking uphill with your group, gravel shifts under your shoes and your pace slows. You notice others pulling ahead and start comparing your breathing to theirs. You remind yourself everyone handles climbs differently, and your effort matters. ",,Positive,,"Do you remind yourself that everyone handles a climb differently, and your own effort still matters?",Yes,No,hike.jpg,all
99,Racking the Bar Early,"In the weight room, metal clanks and music hums in the background as you rack the bar earlier than planned. You wonder if stopping now says something about you. When you think about it, adjusting plans can mean listening to your body, and you feel at ease. ",,Positive,,Does stopping your workout early always mean something negative about you?,No,Yes,homegym.jpg,all
100,Turkey Trot,"At the turkey trot, you shuffle forward as the crowd thins and volunteers clap from the sidelines. You notice your pace slipping and wonder what your finishing time will say about you. You know races unfold differently than expected, and the specators are here to celebrate you. ",,Positive,,"Do you know that races unfold differently than expected, and the spectators are there to celebrate you?",Yes,No,runningarace.jpg,all
101,New Gym Machine,"At the gym, you try a new machine you haven’t used before. Midway through, your form feels off and you stop to reset. You remind yourself learning equipment takes time, and you feel understanding of your current skill level. ",,Positive,,"Do you feel understanding toward yourself, knowing that learning new equipment takes time?",Yes,No,weightlifitng.jpg,all
102,Reflection at Gym,"At the gym, you catch your reflection while struggling through the last reps. You wince at your red, sweaty face and wonder if others are noticing how hard it looks for you. You remind yourself that exertion is a sign of effort. ",,Positive,,Does looking sweaty and red during a hard workout mean something is wrong with you?,No,Yes,homeworkout.jpg,all
103,Dark Clouds,"Watching dark clouds roll in, you jump at a loud crack of thunder. You worry the intensity means storms are getting out of control. You remind yourself that loud storms aren’t automatically dangerous, and you remain calm. ",,Positive,,Do you remind yourself that a loud crack of thunder doesn't automatically mean danger?,Yes,No,backyard.jpg,all
104,Climate Displacement,"Watching a short video about climate displacement, your stomach tightens as faces and packed bags flash across the screen. You imagine losing your own home suddenly, without warning. You remind yourself that systems exist to care for people, even if they are imperfect, and you feel reassured. ",,Positive,,"Do you feel reassured knowing that systems exist to help people, even if imperfect?",Yes,No,boyinhat.jpg,all
105,Price Increases,"At the grocery store, you pause in the aisle when you notice familiar items cost more than they did a few weeks ago. Your mind jumps to shortages becoming normal and shelves slowly emptying. You think systems adapt over time.",,Positive,,Will rising prices definitely lead to permanent shortages and empty shelves?,No,Yes,grocerystore.jpg,all
106,Climate Protest,"A romantic interest texts you about a climate protest they’re attending, and you immediately worry they’ll think you don’t care enough. You imagine them judging you for not doing “big” actions. You remind yourself that people value honesty. ",,Positive,,Do you remind yourself that people generally value honesty over grand gestures?,Yes,No,A.text.protest.png,all
107,Being Polite,"Your parent reminds you twice about being polite when friends come over. You feel a flash of anxiety, wondering if they they expect you to mess up. You decide your parent reminded you twice because they forgot. ",,Positive,,Does your parent reminding you twice mean they expect you to embarrass them?,No,Yes,insidehouse.jpg,all
108,New Recipe,"You get an idea for a new recipe that involves ingredients you have never used before. You make it for your family, and you don't get it totally perfect. As everyone starts to eat, you feel proud.",,Positive,,"Do you feel proud of your new recipe, even though it wasn't totally perfect?",Yes,No,dinner1.jpg,all
109,Decorating with Family,"While helping decorate for a family holiday, your cousin quickly redoes the part you worked on. You worry your effort wasn’t good enough. You remind yourself people decorate differently, and your cousin is trying to be conscientious. ",,Positive,,Does your cousin redoing part of the decorations mean your effort wasn't good enough?,No,Yes,party1.jpg,all
110,Gift Wrapping,"Your mom seems irritated while wrapping gifts. You wonder if she’s upset with you for not helping sooner. She's probably just tired, and you feel relaxed.",,Positive,,Do you feel relaxed once you consider your mom is probably just tired?,Yes,No,giftwrapping.jpg,all
111,Different Traditions,"Your family has traditions that your friends don't share. Today at school, everyone is sharing about their families' important traditions. As you prepare to speak, you feel enthusiastic. ",,Positive,,Do you feel enthusiastic about sharing your family's traditions with your class?,Yes,No,handraise1.jpg,all
112,Family Fiances 3,"You walk past the kitchen and hear your parent mention bills while staring at the laptop screen. Out of nowhere, you begin to wonder if your sports fees or school supplies add financial pressure. You remind yourself that you don't know the full picture and managing the family finances isn't your responsibility. ",,Positive,,Is managing your family's finances something you're personally responsible for?,No,Yes,bathroomdoor.jpg,all
113,Packing for Trip,"While packing for a holiday trip, your parent double-checks your bag and asks if you remembered everything. You wonder if they think you’re careless or unprepared. You remind yourself they always double-check before trips, and are being thoughtful. ",,Positive,,Do you realize your parent double-checking your bag is simply them being thoughtful?,Yes,No,luggage.jpg,all
114,Feeding the Cat 3,"One of your chores is to feed the family cat after school. One day, she eats slower than usual and you worry something is wrong. You remind yourself that animal behavior can change for many reasons, and feel anxious as you plan to monitor her eating for a few days. ",,Positive,,Do you remind yourself that a cat eating a little slower can happen for many harmless reasons?,Yes,No,tabbycat.jpg,all
115,Calling Grandmother 3,"Every Monday you call your grandmother to say hello. Today is Monday, and she did not pick up the phone when you called, which is unusual. Your grandmother probably did not answer the phone because she is busy. ",,Positive,,Does your grandmother not answering one call definitely mean something is wrong?,No,Yes,phoneteen.jpg,all
116,Family Photo Comment,"During family photos, your uncle makes a comment about how you’ve changed. You suddenly feel self-conscious. You realize he probably meant it kindly, and you feel confident.",,Positive,,Do you feel confident once you realize your uncle probably meant his comment kindly?,Yes,No,familyphoto.jpg,all
117,Bad Grade 3,"Your teacher is handing back grades for a quiz you studied really hard for. As your teacher hands back your paper, you make out the shape of a red C minus written on top, and your stomach sinks. You remind yourself that doing poorly on one quiz is an inaccurate reflection of your ability. ",,Positive,,Does one low quiz grade accurately reflect your overall ability?,No,Yes,takingtest.jpg,all
118,Lost Homework,"Your teacher asks you to collect your homework at the beginning of class. Your homework isn't in your bag, where you put it last night. Your homework must be lost. You take a deep breath and decide to tell your teacher your homework is missing. You will be fine.",,Positive,,Do you believe you'll be fine after telling your teacher your homework is missing?,Yes,No,missinghw.jpg,all
119,Sleepless Test,"Your neighbors were really loud last night, so you couldn't sleep. You have a huge test this morning in your least favorite class. As you board the bus, you decide that there's no changing the past, and even though the situation isn't ideal, all you can do is your best. ",,Positive,,"Do you decide to just do your best on the test, even though the situation isn't ideal?",Yes,No,alarmclock.jpg,all
120,Lost Passion,"You're sitting in a class that has always been your favorite, listening to the teacher speak. You suddenly realize you don't enjoy the subject like you used to, and worry you are losing your passion. You remind yourself that motivation fluctuates. ",,Positive,,Does losing interest in a class for a while mean you've lost your passion for good?,No,Yes,bluechairs.jpg,all
121,Practice SAT 3,You take an SAT practice test and bomb the math section. You worry you'll never get into college and feel panic tighten your throat. You remind yourself that math skills are a flexible trait. ,,Positive,,Do you remind yourself that math skills can improve and change with practice?,Yes,No,mathtest2.jpg,all
122,Messing Up the Play,"Your team is warming up for an important game. You keep messing up one specific play that you usually get right. If you mess up the play during the game, your team will probably be fine. ",,Positive,,Would your team definitely fall apart if you messed up that one play?,No,Yes,tyingshoes.jpg,all
123,Lifting Weights,"You’re lifting weights after school, surrounded by clanking plates and mirrors reflecting everyone’s movements. You notice someone nearby adding more weight than you and start wondering what that says about your own strength. You consider how weight training is a  process that is different for everyone. ",,Positive,,Do you consider that weight training is a process that looks different for everyone?,Yes,No,weightrain.jpg,all
124,Getting Benched,"You’re benched after the first half of the game. You worry your coach is punishing you for a mistake you made a few minutes before the whistle. Then, you take a second to notice how tired and sweaty you are feeling, and realize your coach just wants you to take a rest. ",,Positive,,Is your coach benching you at halftime necessarily a punishment?,No,Yes,benched.jpg,all
125,Calm Teammates,"You notice teammates laughing together during warm-ups, and none of them look nervous. You start to wonder what’s wrong with you. You remind yourself that everyone deals with nerves differently, and you feel your confidence return. ",,Positive,,"Do you remind yourself that everyone deals with nerves differently, even if it doesn't show?",Yes,No,sportsteam.jpg,all
126,Easy Shot,"You miss an easy shot during your soccer game and your coach sighs loudly. For a few minutes, you think it’s because they’re disappointed in you. You remind yourself that everyone makes mistakes, and your coach probably still thinks you are a good player. ",,Positive,,Does missing one shot mean your coach no longer thinks you're a good player?,No,Yes,soccer1.jpg,all
127,Climate Rally Flyer,"You see a flyer for a climate rally taped to a hallway bulletin board at school. You wonder if not going means you don’t care enough or aren’t doing your part. You remind yourself there are many ways to care, and you feel satisfied with your ways of giving back. ",,Positive,,Do you feel satisfied knowing there are many different ways to show you care about an issue?,Yes,No,banner.jpg,all
128,Climate Article,"You save a climate article to read later, but it stays in your tabs all day. You keep thinking about what it might say and what it might confirm. You remind yourself waiting doesn’t change the facts, and feel calmer about opening the article. ",,Positive,,Do the facts in an unread article stay the same no matter how long you wait to read it?,Yes,No,girlonphone.jpg,all
129,Climate Activism Debate,"You hear adults debating whether youth activism actually changes anything. You wonder if your efforts will matter long-term. You think change often starts before it’s obvious, and you feel proud of your efforts. ",,Positive,,Do you feel proud believing that change often starts before it becomes obvious?,Yes,No,coworkers.jpg,all
130,Climate Group Options,You consider joining a climate group but think about the time it might take away from other parts of your life. You wonder if balance means you’re less committed. You think commitment can be flexible.,,Positive,,Does taking time for other parts of your life mean you're not truly committed to a cause?,No,Yes,bookclub.jpg,all
131,Melting Ice Caps,"While watching a documentary about melting ice caps, you feel a wave of panic about the planet’s future. You imagine everything getting worse no matter what people do. You consider that that global climate change is complex and solutions are developing. ",,Positive,,"Do you consider that solutions to climate change are still developing, even though the problem is complex?",Yes,No,scienceclass.jpg,all
132,Movie Argument,"Your family argues about which movie to watch after dinner. You feel annoyed that no one listens to your suggestion. You remember that small disagreements are part of being together, and in the end, you're just happy to be spending time with your family. Remembering how you're surrounded by family, you feel supported.",,Positive,,Does a small disagreement about a movie mean your family doesn't listen to you?,No,Yes,movienight.jpg,all
133,Holiday Phone Use,"Your dad spends most of Christmas Eve on his phone. You wonder if he’s bored or unhappy. He might just be answering work messages, and you feel peaceful.",,Positive,,Do you feel peaceful considering your dad might just be answering work messages?,Yes,No,https://drive.google.com/file/d/1uy9FsByP0Zyh21OxW4c1C1Iiux5Zb3HY/view?usp=sharing,all
134,Frustrated Parent,Your dad seems frustrated when you come home from school. He only gives you short answers when you try to talk to him at dinner. You think he is probably reacting this way because he is tired. ,,Positive,,Do you think your dad is probably just tired rather than upset with you?,Yes,No,wristwatch.jpg,all
135,Parental Trust,"Your dad looks serious when he asks about your curfew. You think he doesn’t trust you anymore. You realize he's probably just worried and trying to keep you safe, and you feel supported.",,Positive,,Does your dad asking seriously about your curfew mean he no longer trusts you?,No,Yes,frontdoor.jpg,all
136,Mail Delivery 3,"Your dad frowns while checking the mail and sets an envelope aside. You worry it’s another bill and that money’s getting tight. You consider it also might just be a flyer or junk mail, and you feel your stress ease.  ",,Positive,,Does your stress ease once you consider the envelope might just be junk mail?,Yes,No,junkmail.jpg,all
137,Stomach Cramp 3,Your stomach cramps up just before lunch and feels weirdly heavy. You panic that you ate something bad and are about to puke. You take a deep breath and remember that you are probably just hungry. ,,Positive,,Does stomach discomfort right before lunch usually mean you ate something bad?,No,Yes,cafeteria.jpg,all
138,Dizzy at Movie Night,"Your friends are coming over to watch a movie, and you hear them knock. As you jump up to answer the door, you feel dizzy and lightheaded, and you get scared you are going to pass out. After sitting down for a second, you haven’t had water all day, and you are probably just dehydrated. ",,Positive,,Do you realize you're probably just dehydrated after not drinking water all day?,Yes,No,staircase.jpg,all
139,Finger Pain 3,You're walking with some friends after lunch and suddenly feel tingling in your finger tips. This is something that you haven't really experienced before. This senseation probably means that you are cold. ,,Positive,,Do you think the tingling in your fingertips probably just means you're cold?,Yes,No,coldhands.jpg,all
140,Shirt Fit 3,"You wear a shirt to school that hangs tightly around your armpits. In the middle of the day, you notice that you have sweat marks. After thinking about it, you realize that sweating throughout the day is normal. ",,Positive,,Is sweating during a normal school day something unusual or embarrassing?,No,Yes,court.jpg,all
141,Night Sweats,"You wake up with your pillow damp from sweat and your t-shirt stuck to your back. Your mind jumps to fever, infection, or something serious overnight. Then, you remember you slept with the window closed and two blankets on, so you probably just got overheated. ",,Positive,,Do you realize you probably just overheated from your blankets rather than being sick?,Yes,No,bedquilt.jpg,all
142,Waiting for Crush,"You’re waiting for your crush to show up to a group hangout. When they arrive, they're laughing with someone else you don't know. Thinking about your crush having other friends makes you feel happy for them. ",,Positive,,Does seeing your crush laughing with someone else worry you that they don't like you?,No,Yes,friendgroup3.jpg,all
143,Facetime Pause,"You’re on FaceTime, and there’s a long pause where neither of you says much. You begin wondering if the quiet means something is off. You think some silence is standard in any relationship. ",,Positive,,Do you think some quiet moments are a standard part of any relationship?,Yes,No,boyonphonesmile.jpg,all
144,Goodnight Text,You send your long-distance summer crush a “goodnight”. They don't respond until the next morning. You think they didn't respond because they were asleep. ,,Positive,,Do you think your long-distance crush probably didn't reply because they were asleep?,Yes,No,A.text.goodnight.png,all
145,Dramatic Breakup,"You overhear someone talking about a sudden breakup in your grade while waiting for the bus. The story sounds dramatic, and you wonder if relationships are always that unpredictable. When you think about dating in the future, you feel capable of tolerating the uncertainty. ",,Positive,,Does hearing about someone else's breakup mean your future relationships are doomed to be unstable?,No,Yes,schoolbus.jpg,all
146,Timeline of Crush,You hear that someone once liked your crush before you did. Your mind starts comparing timelines and possibilities. You remind yourself the present matters more than what came before.,,Positive,,Do you remind yourself that the present matters more than what happened before you were involved?,Yes,No,friendgroup4.jpg,all
147,Group Chat Exclusion,"Your friends are laughing about a conversation they had in a group chat. You realize you aren’t part of this specific chat, and feel your stomach lurch. You think that people make group chats for many different reasons, and you feel understanding. ",,Positive,,Does not being included in one group chat mean your friends don't value you?,No,Yes,friendgroup5.jpg,all
148,Unusual Friend Response,"Your friend’s tone sounds short when you ask a question during class. You freeze, assuming from their tone that they’re mad at you. You take a deep breath, and remind yourself that they've a rough week, and probably aren't upset with you. ",,Positive,,Do you take a deep breath and remind yourself your friend probably isn't upset with you?,Yes,No,inclass.jpg,all
149,Alone at the Party,"You’re standing alone at a party while everyone else is chatting. You start to feel awkward and wonder what you’re even doing there. Then you think that if you start a conversation, other people would probably be happy to talk with you.",,Positive,,Do you think other people at the party would probably be happy to talk with you if you approached them?,Yes,No,bigparty.jpg,all
150,Pause in Conversation,"You walk into a room where a group of your friends is sitting, and instantly, the talking stops. You feel your stomach drop, and you wonder if they were gossiping about you. You think about how sometimes conversations just pause when someone new walks in, and you feel unconcerned. ",,Positive,,Does a conversation stopping when you walk in always mean people were gossiping about you?,No,Yes,friendgroup4.jpg,all