Tips to apply lessons in daily life,,
,,
Prompt,Response option,Expected difficulty (1=easy to 5=very difficult)
Think about what you learned from the stories you read today. Now look back at a recent time when you felt anxious. How could you have thought about it differently to make it easier to handle?,"Open ended response that they have option to ""favorite"" and save to their library as a resource ",3
"Think about the stories you just read today. What are the most important lessons you took away? Which of these new ways of thinking could you use in your own life, and why?","Open ended response that they have option to ""favorite"" and save to their library as a resource ",2
"When you find yourself jumping to the worst-case scenario without all the information, what are some things that you could tell yourself instead? Think about some skills from the stories you've read that might be helpful for you. ","Open ended response that they have option to ""favorite"" and save to their library as a resource ",3
Think about a stressful situation that's coming up soon. What are some ways you could apply what you learned from this training to manage your own anxiety? ,"Open ended response that they have option to ""favorite"" and save to their library as a resource ",4
Think about a scenario in your daily or weekly routine that makes you anxious. What strategies can you apply from this training to help calm your anxiety?,"Open ended response that they have option to ""favorite"" and save to their library as a resource ",5
Think about a time a friend faced an uncertain situation and was feeling anxious about it. What advice would you give your friend for thinking about the situation based on what you've learned in the training?,"Open ended response that they have option to ""favorite"" and save to their library as a resource ",2
Think about an upcoming situation that you want to avoid because it makes you anxious. How can you think about it differently so that it feels less scary?,"Open ended response that they have option to ""favorite"" and save to their library as a resource ",4
"For a recent situation that made you anxious, ask yourself: How might I have thought about it at at another time, in another mood? Did the thing you worried about actually happen? Are there other ways it could have gone? ","Open ended response that they have option to ""favorite"" and save to their library as a resource ",4
Think about a situation that you face regluarly that causes some anxiety. What do you usually tell yourself? Is there another thought that you could say to yourself that may make it less stressful? ,"Open ended response that they have option to ""favorite"" and save to their library as a resource ",5
"Is there a situation that you used to find scary, but are comfortable in now? What did you used to tell yourself in that situation? How do you think about it now? ","Open ended response that they have option to ""favorite"" and save to their library as a resource ",2
"Think about a situation that you would love to be in, but are too scared or anxious to actually put yourself in it even though it might lead to personal growth. What strategies could you use to help get yourself there?","Open ended response that they have option to ""favorite"" and save to their library as a resource ",4
Think of something that caused you anxiety the first time you did it. What strategies helped you work through that?,"Open ended response that they have option to ""favorite"" and save to their library as a resource ",2