Scenario Number,Scenario Titles ,Scenario,Scenario Body 2 (Resilience Only) ,Valence,,Comprehension Question,Correct Answer,Incorrect Answer,Photo link,Letters missing
1,New Driver 1,"You finally get your driver’s license and ask your dad to borrow the family car to drive to the movies. As your dad hands you the keys, he looks tense and nervous. As you walk to the car, you think that his reaction to you driving alone for the first time is untrusting. ",,Negative,,Does your dad's nervous reaction make you assume he doesn't trust you to drive alone?,Yes,No,carkeys.jpg,1
2,New Car 1,"Someone in your grade posts a picture of the car their parents got them for their 16th birthday. Your family shares a single car, and your parents would not be able to afford to buy another one. You think about the gifts your parents have given you over the years, and you feel let down.  ",,Negative,,Are you feeling appreciative of your parents' past gifts when you see your classmate's new car?,No,Yes,A.insta.newcar.png,1
3,Friend Anniversary 1,"Your friend is celebrating their anniversary with their significant other and texts you a cute picture. Seeing the picture makes you think about how you've never been in a real relationship before. You imagine yourself celebrating an anniversary with your own significant other one day, and you feel dejected. ",,Negative,,Does seeing your friend's anniversary photo leave you feeling dejected about your own relationship status?,Yes,No,A.text.relationship.png,2
4,No First Kiss 1,"You’re the only one in your friend group who hasn’t had your first kiss. When your friends talk about their experiecnes, you feel embarassed and left out. You remind yourself that real connection matters more than timing, and you feel sorry for yourself.",,Negative,,"Even after reminding yourself that connection matters more than timing, do you still feel sorry for yourself?",Yes,No,friendsitting.jpg,2
5,Confident Friend 1,"Your friend is giving a presentation in English class and she seems totally confident and calm. You think about how when you give presentations, your hands shake and your stomach twists with nerves. You feel frustrated that public speaking doesn't come as naturally to you. ",,Negative,,Are you at ease with public speaking the way your friend seems to be?,No,Yes,presenting.jpg,2
6,Upcoming Dance 1,"At lunch, your friends are talking about their dates for the school dance and what they are planning to wear. You feel sad that you don't have a date to the dance yet. If you go to the dance without a date, you will have a bad time no matter what. ",,Negative,,Will going to the dance without a date guarantee that you have a bad time?,Yes,No,lunchfriends.jpg,2
7,First Job 1,You start your first part-time job and make a small mistake on your first shift. Your manager sighs and looks annoyed but tells you that it's okay. They probably think you are incompotent. ,,Negative,,"After your manager sighs, do you assume they think you're incompetent?",Yes,No,grocery1.jpg,all
8,Summer Job 1,"Most of your friends already have a job lined up for summer vacation. It's almost the end of the school year and you haven't even started applying. You think about the different types of jobs you could apply for, and you feel anxious. ",,Negative,,Are you feeling calm about not having applied for a summer job yet?,No,Yes,jobhunting.jpg,all
9,Highlight Reel 1,"You scroll through your feed and see a friend’s post showing their academic achievements. You think about how your grades aren't as good, and start feeling like you're not measuring up. It leaves you feeling disappointed.",,Negative,,Does comparing your grades to your friend's achievements leave you feeling disappointed?,Yes,No,nailstexting.jpg,all
10,College Decision 1,"Today your top college is emailing you about whether or not you were accepted. You have a few hours to wait until you'll get the email. When you think about waiting that long, you feel anxious.",,Negative,,Are you feeling relaxed while you wait to hear back from your top college?,No,Yes,usingsmartphone.jpg,all
11,Volleyball Game 1,"During gym class, you get tired faster than usual. Looking around, you notice that others seem full of energy. You think your classmates will assume you’re out of shape and you feel a flash of insecurity. ","You consider that strength and fitness can vary based on a number of factors, and you feel forgiving towards your body. ",Resilience ,,Do you come to feel forgiving toward your body once you consider that fitness can vary for many reasons?,Yes,No,homegym.jpg,all
12,New Driver 2,"You finally get your driver’s license and ask your dad to borrow the family car to drive to the movies. As your dad hands you the keys, he looks tense and nervous. As you walk to the car, you think that his reaction to you driving alone for the first time is untrusting. ","You consider that he might just be nervous because there are many poor drivers on the roads, and you feel grateful that he cares. ",Resilience ,,"Even after considering that many drivers are unpredictable, do you still believe your dad doesn't trust you?",No,Yes,carkeys.jpg,1
13,New Car 2,"Someone in your grade posts a picture of the car their parents got them for their 16th birthday. Your family shares a single car, and your parents would not be able to afford to buy another one. You think about the gifts your parents have given you over the years, and you feel discouraged. ","Then you reflect on how your birthday celebrations with family have been filled with laughter, and feel better when you remember that gifts aren't the only way to feel valued.",Resilience ,,Do you feel better remembering that gifts aren't the only way your family shows you're valued?,Yes,No,A.insta.newcar.png,1
14,Learner's Permit,"You've been waiting to take your driving test for weeks, and you feel a thrill of excitment when you pass. You send a photo, but no one responds. You think your friends must find the photo annoying. ","After a few moments, you consider that they might not have seen the text yet, and your excitement returns. ",Resilience ,,Does considering that your friends may not have seen your text yet help your excitement return?,Yes,No,A.text.newdriver.png,1
15,Debit Account,"You’re opening a debit account at the bank. As you chat with the bank teller, they use terms you barely understand. You wonder if the bank teller thinks you are childish. ","You consider that everyone has to start somewhere financially, and you feel confident in your ability to learn. ",Resilience ,,Does the bank teller actually think you're childish for not knowing certain financial terms?,No,Yes,bank.jpg,2
16,Eye Doctor ,"At the eye doctor, you’re told you need glasses for the first time. You imagine people at school saying you look weird. The thought makes you feel self-conscious. ","You remember that lots of classmates wear glasses without anyone caring much, and you feel excited to have a new accessory. ",Resilience ,,Do you end up feeling excited about your new glasses as a stylish accessory?,Yes,No,eyechart.jpg,2
17,Dance Pictures,You and your friends are looking through pictures from the recent school dance. You’re shorter and smaller than almost everyone at the school dance. You assume people think you look awkward. ,"You consider that other people are focused on themselves, not you, and you feel better. ",Resilience ,,Are your classmates truly judging you for being shorter than everyone else at the dance?,No,Yes,A.insta.boyprom.png,2
18,Sweet Sixteen,"You’re hosting your Sweet Sixteen, a party you've been planning for months. A few of your friends text at the last minute that they can't make it. You think their response means they upset with you. ","You consider that plans can sometimes change last minute and teenagers don't always have control over their time, and you feel forgiving.  ",Resilience ,,Do you feel forgiving toward your friends once you consider that plans can change unexpectedly?,Yes,No,bluephone.jpg,2
19,Casual Outfit,You’re getting ready for the school dance and your friends are all texting in the group chat. You notice your outfit suddenly looks way more casual than what your friends say they’re wearing. You suddenly worry your outfit is inappropriate. ,"After a few minutes, you consider that your outfit makes you feel comfortable and happy, and you come away feeling satisfied with your choice. ",Resilience ,,Do you feel satisfied with your outfit once you focus on what makes you comfortable?,Yes,No,sortingclothes.jpg,2
20,School Picture Day,"You're getting ready before school picture day. As you're looking in the mirror, you notice a breakout on your forehead. You feel embarrassed about having acne in your yearbook photo."," You consider that most people your age are dealing with their own skin issues, and you feel sympathetic towards yourself. ",Resilience ,,Are you the only person your age dealing with skin issues like acne?,No,Yes,handmirror.jpg,2
21,Observed by Manager,You are stocking shelves during your first shift at your new job. The manager stops by and lingers behind you for longer than expected. You think this means the manager finds you incompotent. ,You consider that a manager will often monitor new people to be helpful to them. ,Resilience ,,Do you consider that your manager might be lingering nearby simply to help you as a new employee?,Yes,No,grocerystore.jpg,all
22,Parking Practice,"You’re practicing parallel parking for your driver’s test. As you drive around the parking lot with your parent, two kids from school walk by and glance over. You assume they’re judging your terrible parking and you feel embarrassed. ","You realize you can’t know what they thought, and you begin to feel relaxed.",Resilience ,,Can you actually know for certain what those classmates were thinking when they glanced over?,No,Yes,parkedcars.jpg,all
23,Friend Anniversary 2,"Your friend is celebrating their anniversary with their significant other and texts you a cute picture. Seeing the picture makes you think about how you've never been in a real relationship before. You imagine yourself celebrating an anniversary with your own significant other one day, and you feel dejected. ","Then you remind yourself that many people don’t find their significant other at this age, and you feel hopeful thinking about who you might meet in the future.",Resilience ,,Do you feel hopeful about your future relationships once you remember many people haven't found a partner yet either?,Yes,No,A.text.relationship2.png,all
24,Snapchat Comparison,"You are looking through stories on Snapchat after school one day. Your friend’s daily posts show them constantly out with people, while you mostly stay home. You assume you’re socially behind, so you feel self-conscious. 
","You consider that energy levels and comfort zones vary, and everyone's social circles look different. ",Resilience ,,Do you consider that everyone's comfort zone and social circle look different?,Yes,No,A.snap.party.png,all
25,Career Day,"Your whole class is doing a career day exercise. A teacher asks what career you’re aiming for, and your mind goes blank. Your teacher probably thinks you are lazy. ",You remind yourself not knowing yet is normal. ,Resilience ,,Does your teacher actually think you're lazy for not having a career picked out yet?,No,Yes,classroom3.jpg,all
26,Fear of Judgement 1,"Your counselor calls you in to discuss scheduling for next semester and talk about future plans. You haven't thought much about what you want to do after college and your heart hammers as you walk towards his office. When you tell your counselor you feel unsure, you think he will be judgemental.","As you open the door to his office, the counselor smiles, and you remember that he only wants to help. ",Resilience ,,"Do you feel reassured when your counselor smiles, remembering he just wants to help you?",Yes,No,workingonlaptop.jpg,all
27,Post-Grad Plans 2,"You and your friends are seniors and getting ready to graduate next year. During lunch, someone asks what you’re doing after graduation, and you stumble over your answer. Your worry that your friends think its weird that you are still deciding. ","Then you remind yourself that most people are figuring it out too, and you end up feeling better.",Resilience ,,Are you the only senior who hasn't figured out their after-graduation plans?,No,Yes,girldinner.jpg,all
28,Sibling Award,"Your older sibling just won another award at school. You watch your parents clap as they walk to the stage to accept their prize. When you think about the difference between their accomplishments and yours, you feel disappointed. ","But then you remind yourself that you have your own strengths, and you’re satisfied with the progress you’re making.",Resilience ,,Do you feel satisfied with your own progress once you remember you have your own strengths?,Yes,No,celebrate.jpg,all
29,Sibling Dinner 1,"During dinner with your family, you get compared to your sibling who always gets straight A’s. You feel a twinge of resentment, wondering if you’ll ever measure up. When you mentally compare yourself to your sibling, you feel insecure. ","You allow yourself to consider your unique strengths, and you feel confident. ",Resilience ,,Do you feel confident once you allow yourself to consider your own unique strengths?,Yes,No,makingdinner.jpg,all
30,Parental College Pressure 1,"Your parents want you to go to a specific college. You would rather go to a different college, but your parents have made it clear they are not on board with the school choice. When you think about talking with your parents about your choice, you feel nervous. ","You carefully think through your talking points, and you feel confident in your argument. ",Resilience ,,"After preparing your talking points, do you still feel too nervous to talk with your parents?",No,Yes,makingdinner2.jpg,all
31,Scholarship Posts,"Your feed is full of friends posting scholarships, awards, and acceptance letters. You feel like you're falling apart while everyone else is moving forward. Then you remind yourself that struggling now doesn't mean you'll always be behind, and you feel steadier.",,Positive,,You think your struggle to keep up with friends' achievements means you will...,eventually catch up in your own time.,always be behind everyone else.,phoneinhands.jpg,1
32,Community College,"You've decided to go to community college after high school. You don't know anyone who is going to community college, and all of your friends are going to 4-year colleges. When you think about your decision, you feel like it's right for you. ",,Positive,,You decide that choosing community college was...,the right choice for your own future.,a sign you couldn't get into a real college.,backpack.jpg,1
33,Valedictorian Speech,"You see your class valedictorian giving a perfect speech. You feel a pang of regret that that's not you. You remind yourself that success takes many forms, and you feel your regret ease. ",,Positive,,"When you watch the valedictorian's speech, you tell yourself that success...",can look different for different people.,will always be out of your reach.,graduating.jpg,1
34,Highlight Reel 3,"You scroll through your feed and see everyone achieving things like getting into college and getting straight As in all their classes. You aren't planning to go to college next year, and you feel a pit of insecurity in your stomach. You wonder if you aren't as accomplished as your classmates. However, you also know that social media is a highlight reel that doesn't tell the whole story. ",,Positive,,You remind yourself that the achievements you see online are...,"just a highlight reel, not the full picture.",proof that everyone else is ahead of you.,A.insta.award.png,1
35,Award Ceremony,"You didn't get any special recognition at the ceremony while your friends won multiple awards. You sink down into your seat, feeling invisible. As you see the smiling faces of your friends on stage, you feel proud of them. ",,Positive,,"As your friends celebrate on stage, you tell yourself you feel...","proud of them, even without an award yourself.",invisible next to their success.,awards.jpg,1
36,Award Scrolling,"You are lying on the couch scrolling through social media. You see lots of posts about people achieving awards or internships. You feel a pinch of inadequacy, but remind yourself that your path doesn’t need to look like theirs, and you feel the pressure ease. ",,Positive,,Your path in life probably...,doesn't need to look like anyone else's.,isn't measuring up compared to theirs.,phoneteen.jpg,1
37,Job Call,"Today, you will receive an important call. You'll find out if you got the job you interviewed for. As you think about waiting for the call, your anxiety is tolerable.",,Positive,,"While you wait for the job call, you tell yourself your nerves are...","manageable, even if you're a little anxious.",too much for you to handle.,girlonphone.jpg,1
38,College Decision 3,"Today your top college is emailing you about whether or not you were accepted. You have a few hours to wait until you'll get the email. When you think about waiting that long, you feel excited. ",,Positive,,"As the hours pass before the college email, you feel...",excited to finally know the news.,sick with dread about the answer.,teenlyingdown.jpg,1
39,Dream Colleges 3,You hear your friends bragging about their dream colleges. You worry your choices seem “less impressive” and feel your stomach sink. You think your friends probably support your choice of colleges.,,Positive,,Your friends probably see your college choice as...,just as worthwhile as their own choices.,less impressive than where they're going.,girlstalking.jpg,1
40,Increased Appetite,You notice your appetite has increased a lot lately. You worry people will think you eat too much. You remind yourself that your body needs the fuel to grow.,,Positive,,You remind yourself that your bigger appetite means...,your body needs more fuel to grow right now.,people will think you eat too much.,eatingdinner.jpg,1
41,Cancelled Events,"Seeing news about canceled outdoor events due to weather, you start imagining missing big milestones in your own life. You worry climate change will take away opportunities before you reach them. You remind yourself that plans adapt and new opportunities can appear, so you begin to feel hopeful.",,Positive,,"When you think about missing out on future milestones, you remind yourself that...",plans can change and new chances can appear.,opportunities could disappear before you get there.,whiteshirt.jpg,2
42,Sibling Social Comparison,"Your sibling's friend group seems huge while yours feels small. You start to think something’s wrong with you. You remind yourself that connection is about quality, not size, and you feel satisfied.",,Positive,,You decide that having a smaller friend group than your sibling means...,you value quality connections over a big crowd.,something is wrong with you.,bonfire.jpg,2
43,Fast Learner,"Your sibling picks up driving quickly while you’re still nervous behind the wheel. You worry you’re falling behind. You remind yourself that comfort will come with time, and you feel better. ",,Positive,,"The next time your sibling drives more smoothly than you, you will remind yourself that...",comfort behind the wheel will come with practice.,you're permanently worse at driving than they are.,drivingacar.jpg,2
44,Sibling Driver's License,"Your sibling gets their driver’s license before you. You feel embarrassed every time they offer you a ride. You remind yourself that you'll eventually get yours too, and you feel better.",,Positive,,"Every time your sibling offers you a ride, you remind yourself that...",you'll have your own license before long.,you should feel embarrassed about needing rides.,drivingacar1.jpg,2
45,Independent Sibling,"Your sibling already moved out and seems completely independent. You start to feel like you’ll never catch up. You remind yourself that independence happens in stages, and you feel content.",,Positive,,You decide that your sibling moving out means...,independence happens in its own stages.,you'll never catch up to where they are.,movingout.jpg,2
46,Getting an Allowance,"Your classmates talk about saving money from their jobs. You still get an allowance. You remind yourself that independence looks different for everyone, and you feel lighter.",,Positive,,You remind yourself that still getting an allowance means...,independence looks different for everyone.,you're behind where you should already be.,twentydollars.jpg,2
47,Best Friend Driving,"Your best friend already drives herself to school every day. You still get rides from your parents. You remind yourself that everyone's life progresses differently, and you feel greatful that your parents drive you.",,Positive,,You decide that still getting rides from your parents is...,something you can feel grateful for right now.,proof that you're less independent than your friend.,drivingcar2.jpg,2
48,Financial Literacy,"You realize your best friend already knows how to budget and manage money. You still rely on your parents for help with your earnings. You remind yourself that independence comes in stages, and you feel patient with yourself.",,Positive,,You remind yourself that needing help managing your money means...,"independence comes in stages, and that's okay.",you're behind your friend in growing up.,https://unsplash.com/photos/a-person-holding-a-credit-card-in-front-of-a-machine-3YSDTzqnVtQ,2
49,Siblings Accomplishments Posted,"You are scrolling on social media when you spot a post by one of your parents. As you read through, you see they are proudly postig about your sibling’s accomplishments online. Reading the post, you feel proud of your sibling. ",,Positive,,"When you read your parent's post about your sibling, you feel...",proud of your sibling's accomplishment.,overlooked compared to your sibling.,https://drive.google.com/file/d/1o3x8KecRHMT0UYAzojiaHEJUq56etlW9/view?usp=sharing,2
50,Conversation Hitch,"Your mom pauses when you tell her what you want to do after graduation. You immediately think she disapproves. She might just be processing the idea, and you start to feel centered.",,Positive,,You decide your mom's pause after your news means she is...,just taking a moment to process the idea.,disappointed in your plans.,https://drive.google.com/file/d/1snzMHJMrGHilkI-kcQ-muzcq7HsBYx9P/view?usp=sharing,2
51,Leadership Comparison,"You notice your fellow classmates taking on more leadership roles in your school, but you haven't done anything like that yet. You worry you are falling behind. You then remember that everyone has their own path, and you feel reassured. ",,Positive,,You remind yourself that not having a leadership role yet means...,everyone follows their own path and timing.,you're already falling behind your classmates.,https://unsplash.com/photos/woman-carrying-white-and-green-textbook-iQPr1XkF5F0,2
52,SAT Ready 2,"You are taking your SATs tomorrow. You know that the score you need to get into the college of your dreams is high. As you think about the test, you know that you are ready.
",,Positive,,"As you think about tomorrow's SAT, you tell yourself you are...","ready, thanks to the work you've put in.",certain to fail no matter what.,https://drive.google.com/drive/folders/1uRwPbAA8d2JKaKCMOAKMTcHNiy387Rdn,2
53,Practice Scores 2,"People in class talk about their SAT practice scores, and yours feel lower. You assume you’re already falling behind so you feel discouraged. You remember these tests are designed to be learned gradualy. ",,Positive,,You remind yourself that a lower practice score means...,these skills are learned gradually with practice.,you're already failing before the real test.,https://unsplash.com/photos/people-friendship-togetherness-pizza-activity-youth-culture-concept-3OpmXXf67is,2
54,Varsity Trip,"You see photos from the varsity trip on social media. You wish you were there too. You remind yourself that everyone starts somewhere, and you feel calm turning your phone off.",,Positive,,You remind yourself that not being on the varsity trip yet means...,everyone starts somewhere and works their way up.,you don't really belong on the team.,https://drive.google.com/file/d/1_Uho08hINGhj1aHDyEoAQP0xQV_dHs1M/view?usp=sharing,2
55,2,"Your sibling gets into their first-choice college. You feel a sting of jealousy while congratulating them. You remind yourself that your path is still forming, and you feel grounded.",,Positive,,You remind yourself that your sibling's college acceptance means...,your own path is still forming in its own time.,you're already falling behind where you should be.,https://unsplash.com/photos/aerial-view-of-a-man-sorting-an-envelope-oqATjvtXBfA,2
56,Prom Conflict,"Your family ends up traveling the same weekend as prom, and you can’t change it. You assume you’ll be the only one without prom photos to look back, and you feel a pang of sadness. When you think about your other good memories from high school, you feel grateful. ",,Positive,,"When you think about missing prom, you remind yourself that...",you have plenty of other good memories from high school.,you'll be the only one without special photos to look back on.,https://unsplash.com/photos/elderly-loving-couple-traveling-in-car-on-vacation-zpjRJ8DJ8s8,2
57,New Driver 3,"You finally get your driver’s license and ask your dad to borrow the family car to drive to the movies. As your dad hands you the keys, he looks tense and nervous. As you walk to the car, you think that his reaction to you driving alone for the first time is understandable. ",,Positive,,You decide your dad's nervous look while handing you the keys is...,"understandable, since it's your first time driving alone.",a sign that he doesn't trust you.,https://unsplash.com/photos/a-person-holding-a-car-key-in-their-hand-RL5ThSy5LR0,2
58,Signature Practice,"You’re practicing your signature for your first debit card, and it looks messy every time. You feel embarassed, worrying that the bank manager will see you as childish. As you drive to the bank, it occurs to you that the bank manager probably won't notice. ",,Positive,,You think the bank manager will see your messy signature as...,something they probably won't even notice.,a reason to think you're childish.,https://unsplash.com/photos/man-is-signing-on-a-paper-F0OaiIZLrFo,2
59,First Job 2,You start your first part-time job and make a small mistake on your first shift. Your manager sighs and looks annoyed but tells you that it's okay. They probably think you are learning. ,,Positive,,You think your manager's sigh after your mistake means they...,see it as a normal part of learning the job.,think you're incompetent at your job.,https://unsplash.com/photos/woman-preparing-a-food-over-the-counter-l4RY7bqtCOM,2
60,Relationship Ending,"Your relationship ends, and you feel heartbreak like you never have before. You worry you’ll never feel okay again. You remind yourself that healing happens slowly, and you feel peaceful. ",,Positive,,Will you ever feel okay again after this breakup?,Yes,No,https://unsplash.com/photos/photo-of-bed-near-task-lamp-nb04de6m0rM,2
61,Anniversary Posts,"Your feed is full of couples posting anniversary posts and cute “how we met” stories. You start to feel behind, like you’re missing something important. Then you remind yourself that connection can happen at any point in life, and you feel hopeful.",,Positive,,Do you feel hopeful once you remind yourself that connection can happen at any point in life?,Yes,No,https://drive.google.com/file/d/1KokcQkwLfg7q7WIbsaSl_km0p-LMRe8u/view?usp=sharing,all
62,Solo Prom 2,Your classmates are planning for prom dates and talking about outfits. You don’t have a date yet. The thought of going alone makes you feel enthusiastic. ,,Positive,,Does going to prom without a date make you feel dread?,No,Yes,https://unsplash.com/photos/young-women-talking-in-a-casual-setting-q19hWugG0MU,all
63,First Kiss 2,"You’re the only one in your friend group who hasn’t had your first kiss. When your friends talk about their experiences, you feel embarrassed and left out. You remind yourself that real connection matters more than timing, and you feel compassion for yourself.",,Positive,,Do you feel compassion for yourself once you remind yourself connection matters more than timing?,Yes,No,https://unsplash.com/photos/a-group-of-young-men-sitting-next-to-each-other-iXAYMBd4Ub0,all
64,Relationship Judgement,"You had your first kiss before a lot of your friends, and you start to worry that people think you're too promiscuous. You then think back on the moment and how you enjoyed it, and you feel happy.",,Positive,,Do you end up feeling happy once you think back on enjoying that moment?,Yes,No,https://unsplash.com/photos/a-couple-of-men-standing-next-to-each-other-on-a-street-WzJeFqltRlQ,all
65,Shopping for Outfits,"You and your friends are going shopping for outfits for the upcoming school dance. You don't have a date to the dance yet, and you start to wonder what will happen if no one asks you. Shopping with your friends will probably be fun. ",,Positive,,Are you worried that shopping with your friends won't be enjoyable without a date?,No,Yes,https://unsplash.com/photos/person-holding-assorted-clothes-in-wooden-hanger-Fzde_6ITjkw,all
66,Homecoming Dance,You and your date are having a really fun time at the homecoming dance. Your prom date steps away to talk to someone from their math class for a few minutes and you feel a flash of anxiety - what if you are boring them? Your think that your date is most likley being friendly. ,,Positive,,Do you think your date stepping away is most likely just them being friendly?,Yes,No,https://unsplash.com/photos/man-in-black-suit-standing-on-stage-CvmkAw9g-_E,all
67,Comapring Relationships,"At lunch, your friends compare stories about their relationships, laughing loudly over inside jokes. You notice yourself wondering whether your own relationship measures up somehow. You consider that every connection looks different from the outside, and you feel confident in your relationship. ",,Positive,,Have you started doubting whether your relationship measures up after hearing your friends' stories?,No,Yes,https://unsplash.com/photos/girlfriend-friendship-togetherness-eating-pizza-youth-culture-concept-050UpZked8g,all
68,Upcoming Dance 2,"At lunch, your friends are talking about their dates for the school dance and what they are planning to wear. You feel sad that you don't have a date to the dance yet. If you go to the dance without a date, you will have a good time no matter what. ",,Positive,,Do you believe you'll have a good time at the dance no matter what?,Yes,No,https://unsplash.com/photos/two-people-sitting-at-a-table-with-a-tablet-eet-z_TuyWI,all
69,Friend Anniversary 3,"Your friend is celebrating their anniversary with their significant other and texts you a cute picture. Seeing the picture makes you think about how you've never been in a real relationship before. You imagine yourself celebrating an anniversary with your own significant other one day, and you feel hopeful. ",,Positive,,Do you feel hopeful imagining your own future anniversary one day?,Yes,No,https://drive.google.com/file/d/1bB1nXIMZX6KcFunshJjenZ48SmGpaGRJ/view?usp=sharing,all
70,Curated Feed,"You see someone’s feed full of travel and perfect outfits. You compare it to your own feed and feel like you’re falling behind. Then you remember that people only post highlights, not real life, and you feel balanced.",,Positive,,Are you actually falling behind compared to the people you see online?,No,Yes,https://drive.google.com/drive/folders/1hqA3AXPEiXTO6jdJodtghR3uuRiEIry5,all
71,Falling Behind,"You scroll through posts about people achieving awards or internships. You feel like you’re falling behind. Then you remind yourself that your path doesn’t need to look like theirs, and you feel the sense of pressure ease. ",,Positive,,Does the sense of pressure ease once you remind yourself your path doesn't need to match theirs?,Yes,No,https://drive.google.com/drive/folders/1hqA3AXPEiXTO6jdJodtghR3uuRiEIry5,all
72,College Commitment ,"It's the fall of your senior year, and you play for a school sports team. You scroll through social media and see teammates posting commitment announcements and feel a lump in your throat, wondering if that will ever be you. You remind yourself that recruiting happens on different timelines, and you feel calmer.",,Positive,,Does seeing teammates post commitments mean your own recruiting timeline has failed?,No,Yes,https://drive.google.com/file/d/1dAbiX7KkXjKbBKX_4k3OREMSy4Qo7Snh/view?usp=sharing,all
73,Ordering Pizza,"Your mom tells you to call the pizza place to order dinner for your family. Talking on the phone makes you super anxious, and you feel your heart start to race and your breathing speed up as you pick up the phone. You remind yourself that the person at the pizza place will probably not even remember you in five minutes, and you feel better. ",,Positive,,Do you feel better once you remind yourself the pizza worker likely won't remember the call?,Yes,No,https://unsplash.com/photos/person-holding-black-smartphone-9_SaFlgwFdA,all
74,Confident Friend 2,"Your friend is giving a presentation in English class and she seems totally confident and calm. During your presentation, your hands shook and your stomach felt twisted with nerves. When you think about how public speaking doesn't come as naturally to you, you feel compassion for yourself. ",,Positive,,Do you feel compassion for yourself once you accept that public speaking doesn't come naturally to everyone?,Yes,No,https://unsplash.com/photos/young-confident-female-developer-of-new-network-video-game-with-digital-tablet-standing-by-large-screen-during-presentation-DzfVrwupdCk,all
75,Sick Before Prom,"The friend who agreed to go with you tells you they’re sick the day before prom. You assume everyone will think you got ditched. You remind yourself that lots of other friends will be there, and you feel happy about going.",,Positive,,Will everyone at prom think you got ditched by your friend?,No,Yes,https://drive.google.com/file/d/1yjVYS3BMS2f8RW3TzWpC3paJjxPgd3eq/view?usp=sharing,all
76,Online Application 1,"You’re filling out an online application for a weekend job, and one question asks for “relevant experience.” You don't have many work experiences, and feel uncomfortable looking at your limited resume. The employers will probably think this is appropriate. ",,Positive,,Do you think employers will probably see your application as appropriate?,Yes,No,https://unsplash.com/photos/woman-in-front-of-computer-monitor--4Gjsj47Yvc,all
77,FOMO From Work 2,"You get home from your job and see your friends posting about hanging out. You feel a flash of FOMO and wonder if you’re missing your “teen years.” Then you think about how everyone finds their own balance, and you feel content remembering you find time for what matters.",,Positive,,Are you actually missing out on your teen years by having a job?,No,Yes,https://drive.google.com/drive/folders/1hqA3AXPEiXTO6jdJodtghR3uuRiEIry5,all
78,Summer Job 2,"Most of your friends already have a job lined up for summer vacation. It's almost the end of the school year and you haven't even started applying. You think about the different types of jobs you could apply for, and you feel motivated. ",,Positive,,Do you feel motivated once you start thinking about the types of jobs you could apply for?,Yes,No,https://unsplash.com/photos/hand-tearing-off-a-looking-for-a-job-flyer-hgS6qOi7iXk,all
79,Going Viral ,"You see someone your age has gone viral for something cool. You feel like you’re not doing anything meaningful. Then you remind yourself that going viral isn’t the same as being fulfilled, and you feel centered.",,Positive,,Do you feel centered once you remind yourself that going viral isn't the same as being fulfilled?,Yes,No,https://drive.google.com/file/d/1kR9j3y_jZfBQFY4rM_M_jppvlN3ElaGZ/view?usp=sharing,all
80,Vocal Changes,"Your voice sounds different and more high-pitched than your friends'. You cringe, wondering if people think you sound childish. You remember that growing up isn’t a race, and you feel satisfied with your body.",,Positive,,Would people really think your voice sounds childish?,No,Yes,https://pixabay.com/vectors/public-speaking-speaker-presentation-9838260/,all
81,Post-Graduation Thoughts,"Your classmates all seem to know what kind of people they want to be after high school. You still feel unsure of who you are. You remind yourself that figuring yourself out takes time, and you know things will turn out as they should.",,Positive,,Do you trust that things will turn out as they should once you remind yourself figuring yourself out takes time?,Yes,No,https://pixabay.com/vectors/businessman-confused-street-sign-6138818/,all
82,Senior Year Goodbyes,"You say goodbye to your classmates after senior year. You feel anxious about losing touch. You remind yourself that endings can also start new chapters, and you feel bittersweet.",,Positive,,Does losing touch with classmates mean those friendships are erased forever?,No,Yes,https://plus.unsplash.com/premium_photo-1730142098584-ea2b65452b99?q=80&w=1470&auto=format&fit=crop&ixlib=rb-4.1.0&ixid=M3wxMjA3fDB8MHxwaG90by1wYWdlfHx8fGVufDB8fHx8fA%3D%3D,all
83,Guidance Counselor 2,"Your counselor calls you in to discuss scheduling for next semester and talk about future plans. You haven't thought much about what you want to do after college and your heart hammers as you walk towards his office. When you tell your counselor you feel unsure, you think he will be understanding. ",,Positive,,Do you believe your counselor will be understanding about your uncertainty?,Yes,No,https://unsplash.com/photos/woman-with-curly-hair-writing-at-desk-with-laptop-ypEXEEt6mUc,all
84,Post-Grad Plans 3,"You and your friends are seniors and getting ready to graduate next year. During lunch, someone asks what you’re doing after graduation, and you stumble over your answer. Your friends probably think its okay that you are still deciding. ",,Positive,,Do you believe your friends probably think it's okay that you're still deciding?,Yes,No,https://unsplash.com/photos/a-group-of-women-sitting-at-a-table-eating-food-i2H2jf46Y5g,all
85,Writing Resumé 2,"You'e looking forward to applying for jobs, but you are having trouble writing your first resumè. As you stare at the blank page, you worry that you don't have enough experiene to qualify for the jobs you want. You think your application will probably be appropriate. ",,Positive,,Are you truly lacking enough experience to qualify for the jobs you want?,No,Yes,https://unsplash.com/photos/a-woman-sitting-at-a-table-with-a-laptop-Pc98wf-JaDw,all
86,Internship Talk,"Your friend talks nonstop about internships, and you can’t relate. You start to worry you’re unambitious. Then you remember your goals just look different, and you start to feel confident.",,Positive,,Do you feel confident once you remember your goals simply look different from your friend's?,Yes,No,https://unsplash.com/photos/woman-in-white-tank-top-udoQCNjPDJE,all
87,Allowance 2,"A group of your friends are talking about getting allowance from their parents. Your parents can't afford to give you an allowence, and you have to work a job after school to make money. Your friends proabbly think you are hard-working. ",,Positive,,Would your friends look down on you for having to work after school?,No,Yes,https://unsplash.com/photos/three-friends-sitting-outdoors-under-a-blue-sky-AxLTCqOvleE,all
88,College FOMO,"Your friends are posting about college visits, and you feel like you're missing out because you're not following the same route. You think they might judge your choice. Then you remember that many people find success without a four-year degree, and you feel happier about your decision.",,Positive,,Do you feel happier about your decision once you remember many people succeed without a four-year degree?,Yes,No,https://drive.google.com/file/d/1HjUTgOTx0y9zS0kXPDi8qXpA2u04zzXn/view?usp=sharing,all
89,Career Choice,"A teacher asks what career you’re aiming for, and your mind goes blank. You feel small and embarrassed. You remind yourself not knowing yet is normal. ",,Positive,,Do you remind yourself that not knowing your future career yet is completely normal?,Yes,No,https://unsplash.com/photos/she-is-s-o-smart-teenagers-students-sitting-in-the-classroom-raise-hands-portrait-of-student-girl-0lc8NEIfIJA,all
90,College Plans,"Someone asks about your college plans, and you hesitate before saying you’re not going. You brace for judgment. Then they just nod and talk about gap years, and you begin to feel oddly relieved.",,Positive,,Does everyone judge you harshly for not having college plans yet?,No,Yes,https://unsplash.com/photos/a-group-of-people-sitting-on-a-couch-with-cell-phones-02laqlD12-k,all
91,Friend's Internship,"Your friend posts that they got the internship you applied for too. You feel jealous and start thinking you're not good enough. Then you remind yourself that one opportunity doesn’t define your path, and you start to feel hopeful.",,Positive,,Do you feel hopeful once you remind yourself that one opportunity doesn't define your whole path?,Yes,No,https://drive.google.com/file/d/150nWk1prQq9oJWmSk7dkccM39fwteiCM/view?usp=sharing,all
92,Late Growth Spurt,"It seems like everyone you know is getting taller, but you still haven't had your growth spurt. You feel embarrassed and childish compared to your classmates. You then remember that everyone develops at their own pace, and everyone has their own insecurities. You start to feel confident in yourself.",,Positive,,Are you the only one who hasn't had a growth spurt yet?,No,Yes,https://unsplash.com/photos/a-person-measuring-the-height-of-a-metal-cabinet-UOUTn1D7LdU,all
93,Searching for Jobs,"Your friends already have their first summer jobs lined up. You feel behind for not applying earlier. You think about sending in your applications, and you feel confident in your chances of getting hired. ",,Positive,,Do you feel confident in your chances once you think about sending in your applications?,Yes,No,https://unsplash.com/photos/two-girls-sitting-on-a-bed-with-a-laptop-and-headphones-DZ-sDIQ5HOo,all
94,Not College Bound,"Your friends start listing which universities they’ve applied to, and you stay quiet because you’re not planning on going. You worry they’ll think you’re unmotivated or lazy. Then you realize everyone’s just nervous about their own choices, so you start to feel forgiving.",,Positive,,Do you feel forgiving once you realize everyone is nervous about their own choices?,Yes,No,https://unsplash.com/photos/man-in-black-tank-top-beside-woman-in-yellow-knit-cap-YYuqE8dxxuc,all
95,Friend Driving Test,"Your friends sends a photo that says ""new driver!!!"" and you realize they passed their driving test. You have failed it twice. You remind yourself that you will pass eventually, and this makes you feel anticipation. ",,Positive,,Does failing your driving test twice mean you'll never pass?,No,Yes,https://drive.google.com/file/d/1cYAaoEaR5R9Dn7LPXD-Ik30kt6E5tqLh/view?usp=sharing,all
96,New Car 3,"Someone in your grade posts a picture of the car their parents got them for their 16th birthday. Your family shares a single car, and your parents would not be able to afford to buy another one. You think about the thoughtful gifts your parents have given you over the years, and you feel grateful for your family.",,Positive,,Do you feel grateful for your family once you think about the thoughtful gifts they've given you?,Yes,No,https://drive.google.com/file/d/1mMugLiVBHCGrdiF8iJ-9Q17F5ZTomhWe/view?usp=sharing,all
97,Early Decision Post,Someone in your class posts about getting into your top college early decision. You are applying for financial aid and weren't able to apply early decision. You think about hearing back from the college in the spring and feel excited. ,,Positive,,Does not applying early decision mean you have no chance at your top college?,No,Yes,https://drive.google.com/file/d/1PutP4723LiSEfGQcgo-UcQOfug1Pw_si/view?usp=sharing,all
98,Dorm Tour,You see a friend post about a college dorm tour while you’re still trying to figure out your plans. You feel like you’ve fallen behind. Then you remind yourself that timelines vary and its okay to still be figuring things out. ,,Positive,,Do you remind yourself that it's okay to still be figuring out your plans?,Yes,No,https://drive.google.com/file/d/1HjUTgOTx0y9zS0kXPDi8qXpA2u04zzXn/view?usp=sharing,all
99,Upcoming Prom 2,"All of your friends are getting excited about the upcoming prom. You feel uncomfortable, as you still haven’t asked anyone because you kept hesitating. You consider that lots of people go with friends instead, and feel happy with either option. ",,Positive,,Do you feel happy with either option once you consider going with friends instead?,Yes,No,https://unsplash.com/photos/a-group-of-young-people-sitting-in-a-circle-80G9CvpU1GY,all
100,Future Plans,"You want to talk to someone about your plans for the future, but you don't think your parents will understand what you're worried about. You consider going to your mentor for advice, but you've never asked them for advice before. When you think about their reaction, you think they will probably be encouraging. ",,Positive,,Would you expect your mentor to react negatively when you ask for advice?,No,Yes,https://unsplash.com/photos/a-man-sitting-in-a-chair-talking-to-another-man-lNG3LCtYiJQ,all