,ER Tip 1,ER Tip 2,ER Tip 3,ER Tip 4,ER Tip 5,ER Tip 6,ER Tip 7,ER Tip 8,ER Tip 9,ER Tip 10,ER Tip 11,ER Tip 12,ER Tip 13,ER Tip 14,ER Tip 15,ER Tip 16,ER Tip 17,ER Tip 18,ER Tip 19,ER Tip 20
Academics,"When you feel stuck, pick one small step you feel you can do and start with that.",Try the Pomodoro method: take a 5 minute break after every 30 minutes of work for your mind to rejuvenate.,"Take a deep breath, and think about how nice it will feel when the task you are working on is finally complete.","Give yourself something to look forward to after you finish studying, such as seeing a movie or getting a meal with friends.","Before you begin studying, take a moment to jot down how you're feeling, and what goals you can meet based on how you're feeling.","When you lack motivation, move to a new, comfortable study/work spot such as a library or coffee shop.","If an assignment feels scary, choose a certain time of day when you tend to feel most motivated to try and complete it. ","When you feel overwhelmed about a certain task, remind yourself of all that you have already done and take pride in what you have accomplished, even if it was a small step.","If you feel overwhelmed by the work you have to do, see if you can reward yourself by crossing off small items on your to-do list",Identify the context of your situation by asking yourself: “What is the challenge that I’m facing?” Making this explicit can help you identify your goals and the steps needed to achieve them.,"If you have a big task, try to break it down into at least three smaller steps. ","When facing a difficult situation, try to find a way of handling it that feels right to you, regardless of how things might turn out.","If it feels overwhelming to prepare for your future career, remind yourself that you don't have to have it all figured out right now. You can only control what you're doing in the present moment. ","If you are feeling stuck or overwhelmed, ask someone close to you if you can talk to them about how you are feeling and see if they may have advice to offer","If you feel it's time for a break from work, try to carve out some time during the week for you to do just that!","This assignment won't last forever. This time next week, it will probably be done. ","Remember that ""perfect"" can be the enemy of ""good"". ","Sometimes, it is better to get something done than have it completed perfectly. ","If an assignment seems stressful, set a timer for ten minutes and see how much you can get done. ","Try ""body doubling"" - some people get more work done when there's another person in the room. "
Family and home life,Find an activity that can help you feel connected to someone you care about and who cares about you.,Strengthen the bond you have with a loved one by finding an interest you both share and talking about it.,"Think of one thing about a loved one that you are thankful for, and how that has positively affected you.  ",It's okay if you need a break from your loved ones. Give yourself the space you need to recharge.,"Use ""I"" statements (I feel ___ because ___) when you are communicating your emotions to a loved one.",Take space from loved ones if you feel overwhelmed.,"If you feel homesick, schedule calls with loved ones to keep in touch.","When a conversation at home starts to feel tense, pause and take a few slow breaths before responding.","If you feel unsupported by your family at home, see if you can reach out to any friends who would be able to provide the support you feel you need.","When you feel a negative emotion toward a loved one, ask yourself if a friend or family member would feel the same way in your situation.","In difficult interactions, focus on what you can control and define your goals in terms of how your approach to the situation. Remember that you cannot control how other people feel and act.","Create a small routine with a family member, like a weekly meal or walk, that gives you something steady to look forward to.","It helps to remember that everyone has a different perspective. If you're having a hard time understanding why a loved one is acting a certain way, try considering the situation from their perspective. ","When facing a difficult situation, try to find a way of handling it that feels right to you, regardless of how things might turn out.","If a disagreement at home is escalating, agree on a signal or phrase with a loved one that means ""let's take a break and come back to this later.""","Write down what you appreciate about your home environment, even during a hard week, to help balance out frustration.",Take time to identify if you want to connect with family members in the current moment. Honor this desire with your actions.,"Oftentimes, establishing boundaries improves relationships.","When you feel triggered by a family member's tone or comment, pause to ask yourself whether it's really about you before reacting.","If tension is building during a family activity, it's okay to step into another room for a few minutes before rejoining."
Health & Well-Being,"Before looking up the same question about your health online again, ask yourself if you are really seeking new infomration or just re-checking something. Reduce time spent re-checking.",Getting enough sleep can make a huge difference in how you feel both physically and mentally. Check in with your sleep schedule and see if there are ways you can increase sleep.,You might be feeling some pain in your body right now. Remind yourself that pain ebbs and flows and the pain likely won't stay this intense forever.,Think of times in your past when you were worried about an aspect of your physical health that ended up being perfectly normal.,"If you notice that your heart is racing or you’re having trouble breathing, ask yourself if there might be a perfectly harmless explanation for why your body is reacting that way (e.g. did you just walk up a flight of stairs?) ","If you notice that you’re not feeling well, remember that there are a variety of low-stakes reasons why you might be feeling that way (e.g., you may be tired, you may have eaten something bad, etc.)",Accept the emotions that you're having rather than judging yourself for having them. ,"When you're feeling overwhelmed, take a moment to notice three things in your environment that stick out to you (e.g., is the person sitting next to you wearing cool shoes?)",Take a moment to appreciate your body for supporting you through life.,"When you experience an uncomfortable bodily sensation (e.g., racing heart or sweaty palms), simply sit with that sensation for a moment before you react to it. These sensations often pass quickly without any intervention.",Is there a time over the next day or two when you think you'll feel anxious? Consider setting an alarm to remind yourself to practice flexible thinking in that moment. ,"All emotions serve a purpose. They tell us about what's going on in our lives and help motivate us. Even the negative feelings, like fear and anxiety, help us navigate the world around us. ",Every body is different. Take a moment to appreciate all that your body does to keep you alive. ,"Set a time/date when you will make a decision about whether you need to see a doctor (e.g., if I still feel sick 3 days from now, I will schedule an appointment)","If you are experiencing physical discomfort, try to notice and name what you are experiencing. Remind yourself that discomfort usually passes or gets less intense over time. ","All feelings pass. When it feels like a negative feeling (like sadness or fear) will never end, gently remind yourself that this feeling will eventually pass. ",Remember that researching your health symptoms on the internet can often lead to an anxiety spiral. Try asking a close friend if you can confide in them about the way you are feeling. ,"If you've been tired recently, try putting away your phone half an hour before bedtime.",Ask yourself if your social needs are being met. (Do you want to be around others right now? Do you want to be alone?) Allow yourself to honor these needs by letting people around you know how you are feeling and what you need.,"Try to put a specific label on your feelings (are you sad, angry, disgusted, nervous, terrfiied, etc.?) - feelings are easier to manage when we can describe them fully."
Social Situations,Give yourself a challenge to speak to someone new.,Renewing old friendships can be as rewarding as starting new ones. ,Try to imagine yourself as an outsider watching your conversation. Ask yourself if they would think about how you're doing in the same way you are.,"Rather than only focusing on negative moments you've spent with friends, also think about positive ones. Remind yourself of all the times when you've smiled and laughed together.","When you feel like comparing yourself to others in your life, try to give yourself a compliment instead.",Think about something positive that happened when you interacted with someone today and savor how you felt during that experience ,Allow yourself to take a step back from friendships or relationships that you feel are negatively affecting you.,"If you are struggling to start a conversation with someone, think of a compliment or kind word to share with them.","If you feel overwhelmed by interacting with new people, take time for yourself to recharge your social battery. ",Think of a time in the past when a one-on-one social event went well. ,"If you notice yourself replaying an interaction from earlier in the day over and over again, it can be helpful to distract yourself with an enjoyable or soothing activity, like watching TV or playing with a pet. ","Plan on stepping out of your comfort zone, even in a small way. Sometimes it helps to ask someone else - like a friend or loved one - to help hold you accountable. ","When angry or upset about any situation, let that emotion come and go. Rather than trying to push it away, allow yourself to acknowledge and deeply feel your emotions safely.",Remind yourself that most social moments that you fixate on are quickly forgotten by others. ," If you have been feeling upset in a friendship, try to clearly express what you need or how you feel to your friend, while being open to their perspective.","Mind reading can be tempting when disagreeing with a friend. Instead of assuming you know what your friend is thinking, try asking questions about their perspective. ","If you find yourself ruminating about an upcoming social event, remember that you can't predict the future. ","Before a social event that feels overwhelming, plan a small way to step outside or take a breather if you need one.","If a conversation leaves you feeling anxious, remind yourself that you can't know for sure what someone else is thinking, so try not to fill in the blanks with worst-case guesses.","Practice naming your emotion in the moment (like ""I feel embarrassed"" or ""I feel left out"") — putting a word to the feeling can make it easier to manage."
Romantic Relationships ,"If you find yourself feeling angry during a conversation with your partner, try expressing your thoughts and feelings calmly rather than yelling or making accusations.",Try to imagine something from your partner's point of view.,"If you get into a disagreement with a partner, consider acknowledging your differences and how they may affect the way you react to situations.","Use ""I"" statements (I feel ___ because ___) when you are communicating your emotions to a partner. And, try not to use ""you"" statements (You are being ___). ","Mind reading can be tempting when disagreeing with a partner. Instead of assuming you know what your partner is thinking, try asking questions about their perspective. ","Sometimes it's helpful to take a few minutes to cool off if you're upset with your partner. Try taking a break from arguing for 5 minutes, and then come back together to try to talk about the issue again. ","If you feel jealous or insecure, try to name the specific worry behind the feeling before reacting or saying something you don't mean.","If a text goes unanswered for a while, remind yourself there are lots of harmless reasons for a delay before assuming the worst.","Give yourself permission to take space from a partner if you're feeling overwhelmed, rather than reacting right away.","Before comparing your relationship to others you see online, remember that most people only post their highlights.","If a disagreement starts to feel heated, agree with your partner on a way to pause and revisit the conversation once you've both calmed down.",Remind yourself that a partner's mood or bad day isn't always about you.,"If you're frustrated with your partner, ask yourself if you have communicated your feelings or if you're expecting them to read your mind. Sometimes we don't notice when we expect our loved ones to know what we're thinking. ","If your romantic partner is upset, try asking them what they might need from you in that moment.",Communicate to your partner about how you are feeling and what you think you might need from them in order to feel better.,"Celebrate small, positive moments in the relationship instead of only focusing on what feels uncertain.","Spend time with people you care about who are outside of your relationship (friends, family, etc.). ","If you have been feeling upset in your relationship, try to clearly express what you need or how you feel to your partner, while being open to their perspective.","If you're feeling anxious about the relationship's pace, remind yourself that people move at different speeds, and that's okay.",Talk to a trusted friend or family member about how you're feeling instead of keeping worries bottled up.
Social Media,"If a post doesn't get the likes or comments you expected, remind yourself that this doesn't reflect how much people actually care about you.","Before comparing your life to what you see online, remember that most people only post their highlights, not their struggles.","If you feel a wave of comparison scrolling through your feed, try taking a short break from the app before reacting.",Remind yourself that not seeing a reply right away doesn't mean someone is upset with you — they might just be busy.,"If a post or comment upsets you, pause before responding and give yourself time to figure out how you actually want to react.",Set a specific time to check social media instead of scrolling anytime you feel anxious or bored.,"If you notice yourself feeling worse after using an app, it's okay to mute, unfollow, or take a break from accounts that bring up hard feelings.","Remind yourself that a single photo or post is only a small snapshot, not the full picture of someone's life.","Before posting something, ask yourself how you'll feel about it later, not just in the moment.","If you're waiting anxiously for a like, comment, or reply, try shifting your attention to an activity you enjoy instead of refreshing the app.","If you see a friend hanging out with others without you, remind yourself there are many reasons you might not have been included that have nothing to do with you.","Notice if you're using social media to avoid a feeling instead of dealing with it, and try naming that feeling instead.","If a stranger's comment upsets you, remember their opinion doesn't define your worth.","Before reacting to a post that seems aimed at you, consider that it might not be about you at all.","Give yourself permission to log off during moments that matter in real life, even if it means missing something online.","If comparing follower counts or likes starts to feel stressful, remind yourself that these numbers don't measure your value as a person.",Follow accounts that make you feel good and consider muting ones that consistently leave you feeling anxious or inadequate.,"If you're tempted to check on an ex's or a crush's profile, pause and ask yourself whether it will help or hurt how you feel afterward.","Remember that photos and videos are often edited or carefully chosen, so they rarely show the full story.","If you feel triggered by a viral trend or debate online, ground yourself by focusing on something happening right in front of you."
Athletic,"If you make a mistake during a game, take a deep breath and remind yourself that one play doesn't define your overall performance.","Before a big game or meet, try a few slow breaths to help calm pre-competition nerves.","If you're benched or pulled from a play, remind yourself it doesn't always mean you did something wrong.",Compare your progress to your own past performance instead of constantly measuring yourself against teammates.,"If a coach's feedback stings in the moment, try to hear it as information to improve rather than a judgment of your worth.","Give yourself credit for effort and improvement, not just for winning or a perfect performance.","If you're nervous before competing, try a short routine — like stretching or listening to music — that helps you feel more grounded.",Remind yourself that feeling nervous before a game is normal and doesn't mean something is wrong.,"After a tough loss, allow yourself to feel disappointed for a bit before shifting your focus to what you can learn from it.","If you're comparing your body or fitness level to teammates, remember that strength and endurance develop differently for everyone.","Use positive self-talk, like reminding yourself ""I've prepared for this,"" when nerves start to build.","If frustration builds during a tough practice, take a short pause to reset before continuing.","Celebrate small wins, like a personal best or a skill you've improved, not just overall results.","If you're anxious about being cut or losing a starting spot, remind yourself that your value isn't only based on playing time.","Talk to a teammate, coach, or family member if pressure to perform starts to feel like too much.","Remind yourself that recovery and rest are part of getting stronger, not a sign of falling behind.","If you're struggling to learn a new skill or play, remind yourself that mastering something new usually takes practice and patience.","Before comparing your season or stats to others, remember that everyone's path and timeline in a sport looks different.","If nerves show up physically, like a racing heart or shaky hands, remind yourself this is just your body getting ready to perform.","After a game, take a moment to reflect on one thing that went well, even if the overall result wasn't what you hoped for."
Vocations,"Give yourself something to look forward to after you finish working, such as seeing a movie or getting a meal with friends.",Think about one fun thing you'll plan to buy with your next paycheck. ,"When you feel overwhelmed about a certain task, remind yourself of all that you have already done and take pride in what you have accomplished, even if it was a small step.","If you make a mistake at work, remind yourself that new employees are expected to learn as they go.","Before a shift that feels overwhelming, take a few slow breaths to help settle your nerves.","If a customer or coworker is short with you, remind yourself their mood is probably about their own day, not about you.","Give yourself credit for showing up and trying, even on days when the job feels hard.","If you're nervous before a job interview, remind yourself that feeling nervous doesn't mean you're unprepared.","Compare your progress at a new job to where you started, not to coworkers who've been there longer.","If your manager gives you corrective feedback, try to hear it as guidance for improving, not as a sign you're failing.","Take a short break, if you're able to, when you start to feel overwhelmed during a busy shift.",Remind yourself that asking a question when you're unsure is a normal part of learning a new job.,"If you're anxious about your schedule or hours, talk to your manager directly instead of assuming the worst.","Celebrate small milestones, like finishing your first week or learning a new task, rather than focusing only on what you haven't mastered yet.","If comparing your job or paycheck to a friend's makes you feel behind, remind yourself that everyone's path looks different.","Use ""I"" statements (I feel ___ because ___) if you need to talk to a coworker or manager about something bothering you.",Remind yourself that one difficult shift doesn't reflect your overall ability to do the job.,"If you're worried about being judged for your appearance or experience level, remember most people are focused on their own tasks.",Give yourself a moment to reset with a few deep breaths before responding to a frustrating situation at work.,"Remind yourself that learning new equipment, systems, or routines takes time, even for people who look confident."
Climate,"If news about climate change feels overwhelming, give yourself permission to take a break from the coverage for a while.","Focus your energy on one small action you can take, rather than trying to solve every part of the problem at once.","Remind yourself that solutions to climate change are still developing, even though the problem feels big and complex.","If you feel numb or exhausted by climate news instead of upset, remember that rest can protect your ability to care, not take it away.",Talk with friends or family about how you're feeling instead of carrying climate worries alone.,"Remind yourself that meaningful change often happens in steps, not all at once.","If you feel guilty for not ""doing enough,"" remember there are many different ways to show you care, and no single right way.",Balance time spent learning about climate issues with time spent on things that bring you joy or calm.,Remind yourself that your worth and effort aren't measured only by how much activism you do.,"If you're overwhelmed imagining worst-case futures, try bringing your focus back to what's true and manageable right now.","Recognize that feeling upset about climate change is a sign you care, not a problem to fix about yourself.","If you're deciding whether to get involved in a climate group or cause, remember that commitment can look different for different people.","Remind yourself that systems and institutions do exist to help people adapt, even if they're imperfect.","Channel anxious energy into a concrete action, like learning something new or joining a project, rather than letting it sit unused.","If you feel like your individual actions don't matter, remember that change often starts before its effects are obvious.","Give yourself credit for caring about the future, even on days when it feels hard to stay hopeful.","Limit doom-scrolling climate content right before bed, since it can make it harder to wind down.","Remind yourself that uncertainty about the future is uncomfortable, but it doesn't mean the worst outcome is guaranteed.","If you feel isolated in your worry, look for others — friends, classmates, or online communities — who care about the same issues.",Remind yourself that you're allowed to hold both concern for the planet and hope for the future at the same time.
MIlestones," Remind yourself that milestones like driving, dating, or getting a job happen on different timelines for everyone, and there's no universal ""right"" schedule.","If a sibling or friend reaches a milestone before you, try to separate their timeline from what it means about your own path.","Celebrate the small steps toward a milestone, not just the moment it's officially reached.","If comparing yourself to peers who seem ""ahead,"" remind yourself that growth and independence happen in stages","Give yourself patience when learning something new, like driving or budgeting, since most skills take practice before they feel natural.",Remind yourself that struggling with or delaying a milestone now doesn't mean you'll always be behind.,"If you feel embarrassed about not having reached a milestone yet, remember that plenty of your peers are quietly feeling the same way.",Talk to a trusted adult or friend about milestone-related pressure instead of carrying the worry alone.,"Remind yourself that physical changes, like growth spurts or puberty, happen on their own individual timeline.","If you feel anxious before a big first, like a job interview or driving test, remind yourself that nerves are a normal part of trying something new.",Focus on your own growth and progress rather than constantly measuring it against your friends' or siblings' milestones.,"Remind yourself that failing at a milestone attempt, like a driving test, doesn't mean you won't succeed eventually.","If a milestone doesn't go the way you pictured, allow yourself to feel disappointed before shifting focus to what's next.","Remember that social media often only shows people's milestone highlights, not the setbacks along the way.","Give yourself credit for milestones that matter to you personally, even if they aren't highly visible to others.",Remind yourself that needing help from a parent or guardian a little longer doesn't mean you're less capable.,"If you feel rushed to reach a milestone before you're ready, remember it's okay to move at your own pace.","Reflect on how far you've already come, rather than only focusing on what you haven't accomplished yet.","Remind yourself that a missed opportunity, like a school dance or trip, doesn't erase the other good memories you're building.","If you're nervous about a big change, like graduating or moving out, remind yourself that uncertainty is a normal part of growing up."
General,,,,,,,,,,,,,,,,,,,,,