Scenario Number,Scenario Title,Scenario,Scenario Body 2 (Resilience Only) ,Valence,,Comprehension Question,Correct Response,Incorrect Response,Photo link,Letters missing
1,Climate Futures 1,"As college discussions begin, you worry certain fields will be useless in a climate-shifting world. You imagine choosing the “wrong” path. You remind yourself that careers adjust with changing conditions, and you feel uncertain. ",,Negative,,Do you still feel uncertain about your college path?,Yes,No,https://unsplash.com/photos/group-of-attractive-teenage-students-sitting-on-stone-steps-in-front-of-university-holding-tablet-reading-or-watching-something-CCa_zMy3fx0,1
2,Climate Guilt 1,"Thinking about the future, you suddenly feel guilty that you might not do enough to “make things better.” You imagine failing some invisible test. You remind yourself that meaningful effort can take time, and you feel shame. ",,Negative,,Is your guilt resolved?,No,Yes,https://unsplash.com/photos/woman-looking-out-over-the-city-zdQux0uJE3A,1
3,Delayed Climate Action 1,"Reading about delayed climate action, you suddenly fear policymakers won’t adapt fast enough. You imagine being stuck with consequences you didn’t choose. You remind yourself that change often comes in steps, not leaps, and you feel discouraged. ",,Negative,,Are you discouraged by your progress? ,Yes,No,https://unsplash.com/photos/person-holding-there-is-no-planet-b-poster-ycW4YxhrWHM,2
4,Phone Energy 1,"Using your phone on a long scroll, you feel a twinge of eco-guilt imagining all the energy behind it. You worry you’re being hypocritical. You remind yourself that mindful use matters more than perfection, and you feel shame. ",,Negative,,Do you still feel shame after reminding yourself that mindful use matters more than perfection?,Yes,No,https://unsplash.com/photos/person-using-black-smartphone-with-gray-and-pink-case-cqFKhqv6Ong,2
5,Zero Waste Project 1,"At school, one of your friends is doing a new ""zero waste"" project and collecting all the trash they use for a week in a single plastic bag .When someone praises your friend for their sustainability project, you instantly feel uncomfortable, wondering if you seem uncaring in comparison. When you think about your friend's zero waste project, you feel insecure. ",,Negative,,Are you still feeling insecure about the comparison to your friend?,Yes,No,https://unsplash.com/photos/blue-and-white-labeled-pack-ttg1CM0YmGI,2
6,Global Polluction 1,"You are reading about global pollution for a report in your science class. Hearing about how some neighborhoods face more pollution, you suddenly fear your community might carry extra burden. You picture unequal impacts growing worse, and you feel afraid. ",,Negative,,Are you still afraid about your community's pollution burden?,Yes,No,https://unsplash.com/photos/text-zVuDeGdjxgU,2
7,Ecosystem Anxiety 1,"Walking past a patch of dead wildflowers, you suddenly imagine whole ecosystems collapsing. You picture birds and insects disappearing forever. You think about the climate recovery efforts happening around the world, and you feel hopeless. ",,Negative,,Do you still feel hopeless?,Yes,No,https://unsplash.com/photos/bush-of-chamomile-in-the-wild-0xW1dzzqStE,all
8,Cracked Concrete 1,"It's a boiling hot summer day and you are on the way to the bus stop. Walking past pavement cracked rom heat, you imagine your town slowly becoming unlivable. You think about how cities update systems over time, and you feel hopeless. ",,Negative,,Do you feel hopeful about your town's future?,No,Yes,https://unsplash.com/photos/a-crack-in-the-middle-of-a-road-in-the-middle-of-nowhere-fClNK-MIz_E,all
9,Pollution Burdens 1,"Hearing someone talk about unfair pollution burdens, you suddenly fear your community might shoulder more risk than others. You picture inequality worsening over time. You remind yourself that awareness fuels advocacy, and when you think about getting involved you feel incapable. ",,Negative,,Do you feel capable of getting involved?,No,Yes,https://unsplash.com/photos/digital-artwork-on-air-pollution-and-climate-change-theme-power-and-fuel-generation-in-czech-republic-european-union-qnICz59o5tg,all
10,Fixing the Future 1,"After another conversation about climate challenges, you feel a heavy weight thinking your generation has to fix everything. You worry you’ll never do enough to matter. You remind yourself that responsibility is shared across many groups, and you feel inadequete. ",,Negative,,Do you still feel inadequate?,Yes,No,https://unsplash.com/photos/man-talking-to-another-man-wZYXer0DwUE,all
11,Climate Event 1,"A friend invites you to help organize a climate event after school. You feel pressure building as you wonder if you’ll say the wrong thing or mess it up. You remind yourself learning happens through trying, and you feel anxious to meet other activists. ",,Negative,,Are you confident about meeting other activists?,No,Yes,https://unsplash.com/photos/african-young-woman-smiling-and-reading-a-book-and-discussing-it-with-her-colleagues-during-presentation-in-the-library-I2VDYxWprvI,all
12,Climate Change Presentation 2,"You attend a presentation at school about climate change. As you sit in the auditorium, you feel a wave of helplessness wash over you. You think nothing you do will matter compared to global problems and you feel your heart start to race in fear. ","You remind yourself that you can only control your own actions, and you feel yourself become calmer. ",Resilience ,,You think the future...,Is something out of your control ,Is something to be scared of,https://unsplash.com/photos/people-sitting-on-chair-in-front-of-computer-YRMWVcdyhmI,1
13,College and Climate 2,"You and your friends are starting to talk about what you want to study in college. As you talk, you worry certain fields will be useless in a climate-shifting world. You imagine choosing the “wrong” path, and feel anxious. ","You remind yourself that careers adjust with changing conditions, and you feel confident. ",Resilience ,,"When you think about possibly changing careers in the future, you feel...",Aware that skills can be applied flexibily,Anxious about limited options ,https://unsplash.com/photos/a-group-of-people-sitting-on-the-steps-of-a-building-u_Jg3Wv7h4M,1
14,Late Night Conversation 2,"During a late-night conversation, a friend casually wonders if it’s even responsible to have kids someday. You suddenly feel a heavy dread about future generations living in a damaged world. You think about wanting to have kids in the future, and feel guilty. ","You acknowledge it’s okay not to have all the answers now, which helps you feel hopeful. ",Resilience ,,"When it comes to tolerating uncertainty, you think...",You are comfortable with not knowing the future,You need to prepare for eeery possible outcome,https://unsplash.com/photos/front-view-of-group-of-teenagers-gang-sitting-indoors-in-abandoned-building-using-smartphones-onZTJKsyaoo,1
15,Thunder Storms,"As you lie in bed one night, you hear the rumble of thunder as a storm rolls in overhead. You hear cracking tree branches during strong winds and picture them crashing through your roof. Your heart jumps as you assume the storm is turning dangerous. ","You remind yourself that your area rarely sees serious wind damage, leaving you feeling relaxed.",Resilience ,,You think your neighborhood will likley be...,Fine,Demolished,https://unsplash.com/photos/a-window-that-has-rain-drops-on-it-tT_SrSMhhgE,2
16,Heat Advisory 2,"This summer has been especially hot, and your mom mentions a heat advisory for later in the week. Instantly, you feel your stomach drop in panic as you imagine hospitals filling and people collapsing outside. You think about the low liklehood of this happening, and you still feel concerrned. ","You breathe and remember advisories are warnings to help people prepare, not signs of certain disaster, and you finally feel steadier. ",Resilience ,,Do you feel anxious about the advisory? ,No,Yes,https://unsplash.com/photos/brown-grass-beside-straight-road-21hSIghLoRw,2
17,Heatwave Alert 2,"It's a boiling hot summer day and you are resting at home. When a heatwave warning pops up on your phone, your body tenses like danger is immediate. You imagine getting sick from the heat and you feel stressed. ","You remind yourself that staying hydrated and indoors helps a lot, leaving you feeling better. ",Resilience ,,You think after the heatwave passes...,You will be fine,You will be sick,https://drive.google.com/file/d/1GCOL0Iq8cBnxjvcoIq_yAZVEhHhx-V1v/view?usp=sharing,2
18,Phone Energy 2,"You are scrolling through your phone late at night when you come across an article about the climate change and phone use. You feel a twinge of eco-guilt imagining all the energy you waste just by scrolling. Even though you consider yourself climate conciouss, you feel hypocritical. ",You think that activism is possible without being totally perfect. ,Resilience ,,Does being a climate activist require total perfection? ,No,Yes,https://unsplash.com/photos/person-holding-black-remote-control-Cg94g0QFHv4,2
19,Climate Change News,"When scrolling through social media, you come across a headline about climate change. Reading about delayed climate action, you suddenly fear policymakers won’t adapt fast enough. You imagine being stuck with consequences you didn’t choose and you feel concerened. ","You remind yourself that change often comes in steps, not leaps, and you feel empowered. ",Resilience ,,"When you think about the your ability to control the current situation, you feel...",Accepting of what is in your control ,Anxious about what is not in your control ,https://drive.google.com/file/d/1r5zIeqVc3sq8CDh-Z1ntkXzEWxt_C-9c/view?usp=sharing,2
20,Zero Waste Project 2,"At school, one of your friends is doing a new ""zero waste"" project and collecting all the trash they use for a week in a single plastic bag .When someone praises your friend for their sustainability project, you instantly feel uncomfortable, wondering if you seem uncaring in comparison. When you think about your friend's zero waste project, you feel insecure. ","You remember that different types of climate action can still create change, and you feel grounded. ",Resilience ,,You think that being a good activist...,Takes many forms,Is a competition,https://unsplash.com/photos/blue-and-white-labeled-pack-ttg1CM0YmGI,2
21,Stormy Weekend 2,"Your family is taking a trip to the beach, and your mom reminds you to pack for stormy weather. You feel briefly dissapointed about the weather, but then you start worrying the weather could take a dangerous turn. You picture evacuations, power outages, and roads underwater and feel afraid. ","You remember most storms pass quietly without causing major issues, and the liklehood of danger is low. ",Resilience ,,You think your family are likley to be...,Fine in the car,At risk in the car,https://unsplash.com/photos/man-driving-car-during-rainy-daytime-FDCuK-B_f3A,all
22,Youth Climate Action,"You attend an energizing talk about the future of youth climate action. Thinking about the future, you suddenly feel guilty that you might not do enough to “make things better.” You imagine failing some invisible test and feel shame. ","You remind yourself that meaningful effort can take time, and you feel determined. ",Resilience ,,"When you think about taking action in the future, you feel...",Empowered,Discouraged,https://unsplash.com/photos/group-of-people-activists-with-megaphone-protesting-on-streets-strike-and-demonstration-concept-ovfGpAIB1Wc,all
23,Facebook Argument,"You are scrolling through Facebook when you see two adults you don't know arguing about climate change. You feel a rush of anger at adults who seem to ignore the problem. You imagine them ruining the world you’ll inherit, and feel hopeless. ","After a few moments, you remind yourself that some people in power are trying, even if progress feels slow, and you feel steadier. ",Resilience ,,Are you still hopeless about the future?,No,Yes,https://drive.google.com/file/d/1r5zIeqVc3sq8CDh-Z1ntkXzEWxt_C-9c/view?usp=sharing,all
24,Global Polluction 2,"You are reading about global pollution for a report in your science class. Hearing about how some neighborhoods face more pollution, you suddenly fear your community might carry extra burden. You picture unequal impacts growing worse, and you feel afraid. ","You take a deep breath, thinking about the clean-up efforts going on in your community, and you feel better. ",Resilience ,,Did thinking about local clean-up efforts help you feel better?,Yes,No,https://unsplash.com/photos/a-group-of-people-sitting-in-a-dumpster-on-the-side-of-a-road-WeugYvIoMzo,all
25,Rising Sea Levels,"You are at a dinner with your extended family near the beach. As you eat, someone mentions rising sea levels, and your stomach twists thinking the coastline you love will vanish. You imagine visiting someday and finding it ruined and feel devestated. ","You remind yourself that environmental changes are gradual and many efforts to protect coastlines exist, and you feel optimistic about ongoing conservation efforts. ",Resilience ,,Are you feeling optimistic about coastline conservation?,Yes,No,https://unsplash.com/photos/a-group-of-people-sitting-on-top-of-a-blanket-cYNneXjYHK0,all
26,Generational Presssure,"You and your friends have a heavy conversation about climate change. On your way home, you feel anxious thinking your generation has to fix everything. You feel sad, worried you’ll never create enough change to matter. ",You remind yourself that responsibility is a shared effort. ,Resilience ,,Is fixing climate change is a shared responsibility?,Yes,No,https://unsplash.com/photos/a-man-driving-a-car-in-the-dark-4bHOD9yHTNc,all
27,Nature Documentary,"You and your friends are watching a nature documentary on Netflix. During a section about melting ice caps, you feel a wave of panic about the planet’s future. You imagine everything getting worse no matter what people do and feel helpless."," You remind yourself that global change is complex and solutions are constantly developing, and gradually you feel steadier. ",Resilience ,,"By the end of the documentary scene, are you still feeling helpless?",No,Yes,https://unsplash.com/photos/a-rear-view-of-single-young-woman-sitting-on-sofa-at-home-and-watching-tv-ojjpnW9bMzQ,all
28,Volunteer River Clean Up,"You and your family participate in a volunteer river cleanup event. Looking at the trash you collected, you feel proud for a moment but then worry your efforts don’t matter. You imagine your small actions being swallowed by huge global issues and feel dispirited. ","You remind yourself that collective action is built from many small steps, and your efforts seem meaningful. ",Resilience ,,"When you look at the trash you collected, you feel...",Proud of yourself,Angry about the state of the world ,https://unsplash.com/photos/two-humans-in-green-uniform-with-sacks-cleaning-riverside-area-from-old-plastic-bottles-90asAtol6wI,all
29,Springtime Hike 3,"You and your family are on a springtime hike. Walking past a patch of dead wildflowers, you suddenly imagine whole ecosystems collapsing. You picture birds and insects disappearing forever, and feel your stomach drop in fear. ","You think about the climate recovery efforts happening around the world, and you feel grounded. ",Resilience ,,Are there things you can do to participate in local recovery efforts? ,Yes,No,https://unsplash.com/photos/bush-of-chamomile-in-the-wild-0xW1dzzqStE,all
30,Sudden Rainstorm 2,"Out of nowhere, your neighborhood is drenched in a sudden summer downpour. Hearing sirens during the heavy rain, you tense up imagining sudden floods sweeping through your street. Your chest tightens, and when you picture worst-case damage it still feels possible. ","You think about the sirens and remind yourself that emergency crews respond to all kinds of calls unrelated to floods, which leaves you feeling settled.",Resilience ,,"After hearing the sirens, do you conclude a flood must be happening?",No,Yes,https://unsplash.com/photos/a-road-and-sidewalk-under-dark-stormy-clouds-rkgESwKeZZk,all
31,Cracked Concrete 2,"It's a boiling hot summer day and you are on the way to the bus stop. Walking past pavement cracked rom heat, you feel a shiver of fear imagining your town slowly becoming unlivable. You think about the consequences of infrastructure decaying, and you feel worried.","You think about how cities update systems over time, and you feel hopeful. ",Resilience ,,Do you end up feeling hopeful about your town's infrastructure?,Yes,No,https://unsplash.com/photos/a-crack-in-the-middle-of-a-road-in-the-middle-of-nowhere-fClNK-MIz_E,1
32,Online Policy Debate,"When a policy debate comes up online, you feel anxious that leaders won’t act fast enough. You picture being left behind by decisions out of your control. You think about the advocacy actions under your control, and you feel empowered to act. ",,Positive,,"After exiting out of social media, you...",Brainstorm ideas for getting involved,Panic about feeling out of control ,https://unsplash.com/photos/person-holding-white-smartphone-sitting-on-stair-bTfza0M0hCE,1
33,Future of Learning,"During class, the topic of future job skills comes up unexpectedly. You wonder whether what you’re learning now will actually matter later. You remind yourself learning continues after school is over. ",,Positive,,Does learning stop once school ends?,No,Yes,https://unsplash.com/photos/girl-student-in-a-lesson-xzf4jHr_-Us,1
34,Quiet Room,"During a school presentation about climate change, the room feels unusually quiet. You start thinking nothing you do could ever matter enough. You remind yourself that local efforts don’t work alone, and you feel energized to participate. ",,Positive,,Did you end up feeling energized to participate in local efforts?,Yes,No,https://unsplash.com/photos/a-group-of-people-sitting-at-desks-in-a-classroom-VTwgwx7c4Ag,1
35,Climate Discussion,"During a discussion about climate activism in class, several students speak confidently. You hesitate, worrying your ideas aren’t informed enough. You think about the strength of your beliefs and values, and you feel energized to join the conversation. ",,Positive,12,"In order to contribtue to discussion, you think your ideas have to be...",Something you believe in,Fully formed and totally confident,https://unsplash.com/photos/a-group-of-people-standing-in-front-of-a-window-AtYaR-8OXAA,1
36,Climate Futures 3,"As college discussions begin, you worry certain fields will be useless in a climate-shifting world. You imagine choosing the “wrong” path. You remind yourself that careers adjust with conditions. ",,Positive,,Do you remind yourself that careers can adjust to changing conditions?,Yes,No,https://unsplash.com/photos/person-in-red-shirt-wearing-black-and-gray-headphones-Y8TiLvKnLeg,1
37,Late Night Conversation 3,"While talking with a friends, the topic of future kids comes up casually. You feel a sudden heaviness thinking about what the world might look like. You remind yourself you don’t need answers yet, and you feel lighter. ",,Positive,,Do you feel lighter knowing the future holds many possibilities? ,Yes,No,https://unsplash.com/photos/teenage-girl-sitting-with-crossed-legs-on-sofa-and-gesturing-hands-while-talking-to-mother-at-home-kYX516OfR4s,1
23,Facebook Argument,"You are scrolling through Facebook when you see two adults you don't know arguing about climate change. You feel a rush of anger at adults who seem to ignore the problem. You imagine them ruining the world you’ll inherit, and feel determined. ",,Positive,,Are you still hopeless about the future after logging off?,No,Yes,https://drive.google.com/file/d/1r5zIeqVc3sq8CDh-Z1ntkXzEWxt_C-9c/view?usp=sharing,1
39,Rising Sea Levels,"At a family dinner, someone mentions rising sea levels, and your stomach twists thinking the coastline you love will vanish. You imagine visiting someday and finding it ruined. You remind yourself that environmental changes are gradual and efforts to protect coastlines are underway. ",,Positive,,"After dinner, you will..",Research ongoing conservation efforts,Feel like efforts to fix things are pointless,https://unsplash.com/photos/a-couple-of-people-holding-a-bowl-of-food-4aM_QE-HRLw,1
40,Dark Clouds,"Watching dark clouds roll in, you jump at a loud crack of thunder. You worry the intensity means storms are getting out of control. You remind yourself that loud storms aren’t automatically dangerous, and you remain calm. ",,Positive,,You think loud storms...,Often sound scarier than they are,Are automatically dangerous,https://unsplash.com/photos/a-backyard-with-a-fence-and-trees-in-the-background-QZCCR8IUpH8,1
41,Climate Protest,"A romantic interest texts you about a climate protest they’re attending, and you immediately worry they’ll think you don’t care enough. You imagine them judging you for not doing “big” actions. You remind yourself that people value honesty. ",,Positive,,You think your friends willl...,Know that you take action in different ways,Be upset with you unless you lie,https://drive.google.com/file/d/1CL0y8oVqbNdQfITiHIKaT2AbWP1z2vaM/view?usp=sharing,2
42,Heat Advisory 3,"Your mom mentions a heat advisory for later in the week, and you instantly fear it means serious danger. You imagine hospitals filling and people collapsing outside. You breathe and remember advisories are warnings to help people prepare, and you feel calmed by the thought. ",,Positive,,You think the heat advisory will...,Help people take action to stay safe,Cause people to panic,https://unsplash.com/photos/senior-couple-on-the-road-having-problem-with-a-car-they-are-calling-assistance-QOVNVedVxM8,2
43,Poor Air Quality,"Your friend mentions poor air quality alerts, and you instantly picture your family breathing unhealthy air every day. You worry it means long-term harm. You remind yourself that alerts help people take simple precautions, which is reassuring. ",,Positive,,"Next time you get the alert, you will...",Calmly take recomended precautions ,Panic about your health ,https://unsplash.com/photos/a-view-of-a-city-with-smoke-coming-out-of-it-Q6IiOUlFY5c,2
44,Climate Health Risks,"Your cousin mentions climate-related health risks, and you immediately imagine your family being unsafe. You worry about everyone getting sick from heat, smoke, or storms. You recognize that these conversations are meant to prepare people. ",,Positive,,You think these conversations will...,Help people stay safe,Cause people to stress out,https://unsplash.com/photos/four-women-chatting-at-cafe-table-IjkIOe-2fF4,2
45,Stress Catching Up,"On a night that’s too hot to sleep, your thoughts circle as the room feels stuffy and still. You wonder if stress is already catching up to you in subtle ways. You remind yourself stress responses are manageable.",,Positive,,You think your stress is...,Something you can learn to manage,Impossible to control ,https://unsplash.com/photos/a-bedroom-with-a-bed-and-a-window-with-blinds-jcEa-g8ROAM,2
46,Stress Spiral ,"During a conversation about climate stress, you notice your heart pounding and worry that your anxiety is too high. You imagine it spiraling out of control. You remind yourself that noticing stress is actually a helpful signal to yiour body. ",,Positive,,Paying attention to your body's stress response can....,Help you understand and control it ,Make you even more stressed,https://unsplash.com/photos/two-girls-look-at-something-with-intrigue-x1MdZsFVxe8,2
47,Summer Sleeplessness,"After struggling to fall asleep on a warm night, you worry climate stress is messing with your mental health. You imagine long-term exhaustion and mood issues. You remind yourself that occasional stress reactions to climate change are normal. ",,Positive,,Is climate stress permanently damaging your mental health?,No,Yes,https://unsplash.com/photos/a-close-up-of-a-door-with-a-curtain-Rs_oPan5jhc,2
48,Climate Stress,"After noticing your heart race while thinking about climate problems, you panic that constant stress is harming your mental health. You feel sick to your stomach imagining being anxious forever. When you evaluate this thought, you think it is unrealistic. ",,Positive,,Can you body physically maintain that much anxiety at all times? ,No,Yes,https://unsplash.com/photos/teenage-girls-consoling-their-depressed-crying-troubled-friendthese-documents-are-our-own-generic-designs-they-do-not-infringe-on-any-copyrighted-designs-jeit4ewH2O4,2
49,Smoky Day,"After a smoky day, you feel a tickle in your throat and instantly worry about long-term health effects. You imagine your body being damaged without realizing it. You remind yourself that short exposures are rarely life threatening. ",,Positive,,Short-term exposures to smoke are...,Not usually life threatening,Life threatening,https://unsplash.com/photos/woman-holding-her-throat-in-pain-I42Vb-7r1cU,2
50,Heatwave Alert 3,A heatwave alert buzzes on your phone while you’re half-focused on homework. Your body reacts like danger is right outside the door. You take a deep breath and remind yourself that physical sensations don't always mean danger. ,,Positive,,Your body's reaction is...,Sometimes wrong , Always an accurate sign of danger?,https://drive.google.com/file/d/1GCOL0Iq8cBnxjvcoIq_yAZVEhHhx-V1v/view?usp=sharing,2
51,Cancelled Events,"Seeing news about canceled outdoor events due to weather, you start imagining missing big milestones in your own life. You worry climate change will take away opportunities before you reach them. You remind yourself that plans adapt and new opportunities can appear, so you begin to feel hopeful.",,Positive,,Is it possible that new oppourtunities will arise? ,Yes,No,https://unsplash.com/photos/man-in-white-crew-neck-top-using-smartphone-outdoors-2toj_4L8M2M,2
52,Government Climate Action,"Your social media feed fills with posts about governments not doing enough, and you feel anger rise in your stomach. You start fearing that older generations have ruined everything for you. You remind yourself that there is still time to create meaningful change, and you feel empowered. ",,Positive,,You think that your generation....,Is very motivated to create change,Can't do anything to fix the situation,https://drive.google.com/file/d/1zkYnT8Mxd-PN0j7QnlvyMeIQ8Qmsf7rP/view?usp=sharing,2
53,Climate Issue Post,"You draft a post about climate issues but hover over the “share” button. You imagine people criticizing or misunderstanding your words. You consider that thoughtful intentions matter, and you create the post with a sense of confidence in your ideas. ",,Positive,,Sharing your ideas makes you feel...,Empowered,Anxious,https://unsplash.com/photos/person-using-black-smartphone-cAEQVM60PLI,2
54,Mulitple Climate Stories,"While waiting for class to start, you open a news app and notice several climate stories in a row. You start wondering if the constant updates mean the situation is getting worse by the day. You think news cycles repeat themes, and you feel reassured. ",,Positive,,Seeing the same news cycles means...,There isn't anything new in the news,The situation is getting worse,https://unsplash.com/photos/a-person-sitting-on-a-bed-looking-at-a-cell-phone-0U3pQhDhTZ4,2
55,High Tempratures ,"While scrolling the news before bed, you notice several headlines about record-breaking temperatures in different parts of the world. Your chest tightens as you wonder whether this means things are speeding up beyond control. You remind yourself that headlines highlight extremes, not the whole picture, and you feel calmer. ",,Positive,,Headlines are designed to....,Grab your attention,Be accurate all the time,https://unsplash.com/photos/a-person-holding-a-cell-phone-in-their-hand-nKGlH6_PDxk,2
56,Protest Pictures,"While scrolling social media, you notice classmates posting photos from a protest you didn’t attend. You start questioning whether your actions seem too small by comparison. You think online posts don't always tell the whole story, and you feel proud of your offline impact. ",,Positive,,Offline activism is...,Just as important as online activism,Less important than online activism,https://drive.google.com/file/d/1-jEgeh68_2R6f1bD7-TLRHgNJuS5aSyg/view?usp=sharing,2
57,Phone Energy 3,"Using your phone on a long scroll, you feel a twinge of eco-guilt imagining all the energy behind it. You worry you’re being hypocritical. You remind yourself that mindful use matters more than perfection. ",,Positive,,Do you agree that mindful use matters more than being perfect?,Yes,No,https://unsplash.com/photos/person-holding-black-remote-control-Cg94g0QFHv4,2
58,Climate Article Argument,"Scrolling through comments under a climate article, you notice people arguing intensely. You wonder if no one is really on the same page or working together. You remind yourself online spaces show a limited perspective. ",,Positive,,Online comment sections show....,A small snippet of an issue,"The full, complete picture of an issue",https://drive.google.com/file/d/1-kk5ypf8FsXk8Y1Z-Mjsf50lWFtWmI40/view?usp=sharing,2
59,Climate Spiral ,"Late at night, you scroll through social media and see a headline about another climate “tipping point.” Your stomach tightens as you wonder if this means things are about to spiral fast. You remind yourself headlines are designed to grab attention, and you feel your anxiety settle. ",,Positive,,Would you say your anxiety is still spiraling?,No,Yes,https://drive.google.com/file/d/1r5zIeqVc3sq8CDh-Z1ntkXzEWxt_C-9c/view?usp=sharing,all
60,Online Disagreement,"After seeing a climate disagreement online, you feel a rush of anger at adults who seem to ignore the problem. You imagine them ruining the world you’ll inherit. You remind yourself that many people are trying, even if progress feels slow, and you feel hopeful. ",,Positive,,Do you think that some people are still trying? ,Yes,No,https://drive.google.com/file/d/1-kk5ypf8FsXk8Y1Z-Mjsf50lWFtWmI40/view?usp=sharing,all
61,Sustainability Projects,"Friends share sustainability projects they’re proud of, their voices animated. You wonder if they think you’re doing enough or noticing what you haven’t done. You remind yourself people are usually focusing on themselves. ",,Positive,,You think climate activism is...,Not a competition,A competition,https://unsplash.com/photos/closeup-image-of-a-woman-picking-up-garbage-plastic-bottles-into-a-plastic-bag-for-recycling-concept-DdlmRJ2FdTM,all
62,Zero Waste Project 3,"At school, one of your friends is doing a new ""zero waste"" project and collecting all the trash they use for a week in a single plastic bag .When someone praises your friend for their sustainability project, you instantly feel uncomfortable, wondering if you seem uncaring in comparison. When you think about your friend's zero waste project, you feel proud of their efforts. ",,Positive,,Are you proud of your friend's zero-waste efforts?,Yes,No,https://unsplash.com/photos/blue-and-white-labeled-pack-ttg1CM0YmGI,all
63,Enviornmental Club,"At a meeting for an environmental club, roles are assigned quickly. You wonder if staying quiet makes you seem uninterested. You remind yourself participation is different for everyone. ",,Positive,,Are there many different ways of being an activist? ,Yes,No,https://unsplash.com/photos/woman-reading-book-while-sitting-on-chair-omeaHbEFlN4,all
64,Climate Rally Flyer,"You see a flyer for a climate rally taped to a hallway bulletin board at school. You wonder if not going means you don’t care enough or aren’t doing your part. You remind yourself there are many ways to care, and you feel satisfied with your ways of giving back. ",,Positive,,Are you satisfied with you own contributions?,Yes,No,https://unsplash.com/photos/white-and-green-wall-street-sign-86nHk8LRRRs,all
65,Climate Article,"You save a climate article to read later, but it stays in your tabs all day. You keep thinking about what it might say and what it might confirm. You remind yourself waiting doesn’t change the facts, and feel calmer about opening the article. ",,Positive,,Ae you still anxious about opening the saved article?,No,Yes,https://unsplash.com/photos/woman-holding-phone-_XR5rkprHQU,all
66,Climate Activism Debate,"You hear adults debating whether youth activism actually changes anything. You wonder if your efforts will matter long-term. You think change often starts before it’s obvious, and you feel proud of your efforts. ",,Positive,,You think youth activism...,Is a cornerstone of climate activism,Can't make an impact,https://unsplash.com/photos/coworkers-are-chatting-during-a-break-at-the-office-I65354HRKFM,all
67,Climate Group Options,You consider joining a climate group but think about the time it might take away from other parts of your life. You wonder if balance means you’re less committed. You think commitment can be flexible.,,Positive,,Does commitment to a cause need to be all-or-nothing?,No,Yes,https://unsplash.com/photos/students-and-teacher-gather-in-a-classroom-discussing-books-wyxYV8IlP80,all
68,Melting Ice Caps,"While watching a documentary about melting ice caps, you feel a wave of panic about the planet’s future. You imagine everything getting worse no matter what people do. You consider that that global climate change is complex and solutions are developing. ",,Positive,,Are solutions to climate change issues still being developed?,Yes,No,https://unsplash.com/photos/confident-mature-teacher-telling-group-of-highschool-students-about-life-of-bees-while-making-presentation-on-interactive-screen-H5VbNnsEbco,all
69,Endangered Species,"While reading about endangered species, you feel a twist of sadness thinking about animals disappearing forever. You start imagining the world becoming emptier and lonelier. You remind yourself that conservation successes are common despite everything. ",,Positive,,Are global conservation efforts ongoing? ,Yes,No,https://unsplash.com/photos/african-schoolboy-resting-on-the-floor-eating-fruit-and-using-his-mobile-phone-with-his-classmates-in-the-background-_xF-4t0j0JE,all
70,Stormy Weekend 3,"While packing for a stormy weekend, you start worrying the weather could take a dangerous turn. You picture evacuations, power outages, and roads underwater. You remember most storms pass quietly. ",,Positive,,Does your fear of severe flooding and power outages turn out to be accurate?,No,Yes,https://unsplash.com/photos/unrecognizable-young-woman-with-suitcase-packing-for-holiday-at-home-coronavirus-concept-qJuO1dZ7Pa4,all
71,Hurricane News,"While eating dinner, the TV mentions a hurricane far away. You picture streets underwater and wonder if that could happen near you. You think about how unlikley that is where you live.",,Positive,,Is the storm likley to become a hurricane with no warning? ,Yes,No,https://unsplash.com/photos/a-bowl-of-food-is-sitting-on-a-table-m-c4P8caNOA,all
72,Coral Bleaching ,"When a teacher mentions coral bleaching, you imagine oceans becoming empty and silent. You feel grief imagining marine life slipping away. You remind yourself that restoration projects are ongoing, and you feel a spark of hope. ",,Positive,,Are you hopeful about the restoration projects?,Yes,No,https://unsplash.com/photos/a-coral-reef-with-fish-yUYKrPS9j5w,all
73,Cracked Concrete 3,"Walking past cracked pavement from heat, you imagine your town slowly becoming unlivable. You worry the infrastructure won’t keep up. You remind yourself that cities update systems over time and your town is currently navigable. ",,Positive,,Will your town soon become unlivable? ,No,Yes,https://unsplash.com/photos/a-crack-in-the-middle-of-a-road-in-the-middle-of-nowhere-fClNK-MIz_E,all
74,Ecosystem Anxiety 3,"Walking past a patch of dead wildflowers, you suddenly imagine whole ecosystems collapsing. You picture birds and insects disappearing forever. You remind yourself that many species recover when given time and protection, and you feel hopeful for the future. ",,Positive,,Is there hope for the future of the planet? ,Yes,No,https://unsplash.com/photos/bush-of-chamomile-in-the-wild-0xW1dzzqStE,all
75,Wildlife Struggles,"Walking past a dried-up pond you used to love, you feel a jolt of sadness imagining the wildlife struggling. You worry nature is slipping away too fast. You remind yourself that seasons, rainfall, and restoration projects all shift landscapes over time, leaving you reassured. ",,Positive,,Are nature restoration projects onging? ,Yes,No,https://unsplash.com/photos/brown-rocks-on-brown-soil-ofJ7pPG9KcI,all
76,Plastic Waste,"Tossing a plastic wrapper into the trash, you hesitate with your hand still hovering. You picture it sitting somewhere indefinitely, far away but still existing. You remind yourself one moment doesn’t define impact, and you feel forgiving towards yourself. ",,Positive,,Are you able to forgive yourself? ,Yes,No,https://unsplash.com/photos/white-cat-on-black-plastic-trash-bin-ubXKtOv0sws,all
77,Left Leftovers,"Throwing away leftovers, you feel a burst of shame imagining the environmental cost. You worry other people would see you as wasteful. Most other people would probably view your actions as normal. ",,Positive,,Do people throw away leftovers sometimes? ,Yes,No,https://unsplash.com/photos/a-black-trash-can-with-a-green-cloth-in-it-vi4ukXTN6OY,all
78,Strong Winds,Strong winds rattle the trees outside your house in the evening. You imagine branches breaking and causing damage. You think your area usually handles storms like this well. ,,Positive,,Has your area generally withstood storms? ,Yes,No,https://unsplash.com/photos/a-persons-hand-reaching-out-of-a-window-wMMXsHVK8Yg,all
79,In 5 Years,"Sitting with friends after school, future plans drift into the conversation. A joke about “if the world’s still okay” makes your chest tighten. You remind yourself life decisions unfold slowly, and the pressure to know your plans recedes. ",,Positive,,Do you have to know your future plans right now? ,No,Yes,https://unsplash.com/photos/a-group-of-people-sitting-on-top-of-a-wooden-bench-FjfVjBI92GA,all
80,Shifting Climate Zones,"Reading about shifting climate zones, you imagine your favorite park drying out or flooding someday. You fear losing places that feel like home. You remind yourself that communities adapting to landscape changes is a common historical occurance. ",,Positive,,Is it possible for communities to adapt to landscape changes?,Yes,No,https://unsplash.com/photos/a-wooden-bench-sitting-in-the-middle-of-a-forest-jrwvCrle4WA,all
81,Delayed Climate Action 3,"Reading about delayed climate action, you suddenly fear policymakers won’t adapt fast enough. You imagine being stuck with consequences you didn’t choose. You remind yourself that change often comes in steps, not leaps, and you feel patient.",,Positive,,Can you tolerate the pace of change? ,Yes,No,https://unsplash.com/photos/one-world-signage-r1BS0pzlr1M,all
82,Dried Wetlands,"Looking at photos of dried wetlands, a quiet sadness lingers longer than you expect. You imagine the land never returning to what it was. You think nature can rebound with support, and feel relief. ",,Positive,,Is the land permenantly destroyed? ,No,Yes,https://unsplash.com/photos/a-body-of-water-surrounded-by-trees-and-bushes-nDIiQIcLHrk,all
83,Carbon Levels,"In science class, a chart showing rising carbon levels flashes on the projector. You wonder if the future will feel harder just because you were born later. You think timing doesn’t erase your ability to adapt, and you feel energized to create change. ",,Positive,,Are you feeling energized to create change,Yes,No,https://unsplash.com/photos/boy-in-black-hoodie-sitting-on-chair-4nKOEAQaTgA,all
84,Ecosystem Changes,"In biology class, the teacher clicks through slides showing shrinking habitats and declining species counts. As the images blur together, you picture ecosystems collapsing all at once, like a chain reaction no one can stop. You remind yourself that change doesn’t usually happen all at once, and you feel grounded. ",,Positive,,Does ecosystem collapse happen all at once?,No,Yes,https://unsplash.com/photos/man-wearing-black-t-shirt-close-up-photography-Qs_Zkak27Jk,all
85,Pollution Burdens 3,"Hearing someone talk about unfair pollution burdens, you suddenly fear your community might shoulder more risk than others. You picture inequality worsening over time. You remind yourself that awareness fuels advocacy. ",,Positive,,Do you remind yourself that awareness can fuel advocacy?,Yes,No,https://unsplash.com/photos/garbage-truck-unloading-waste-on-landfill-environmental-concept-copy-space-yO3hAksdZA0,all
86,Neighborhood Changes,"Hearing about how some neighborhoods face more pollution, you suddenly fear your community might carry extra burden. You picture unequal impacts growing worse. You remind yourself that awareness pushes fairness into conversations, so you come away feeling motivated. ",,Positive,,Are you motivated to protect your community? ,Yes,No,https://unsplash.com/photos/a-group-of-people-sitting-in-a-dumpster-on-the-side-of-a-road-WeugYvIoMzo,all
87,Global Droughts,"Hearing about droughts in another region, you start worrying food supplies will run out everywhere. You imagine grocery stores emptying one by one. You remind yourself that agriculture adapts and diversifies, leaving you feeling reassured.",,Positive,,Will grocery stores empty overnight? ,No,Yes,https://unsplash.com/photos/a-barren-field-with-a-few-trees-in-the-distance-qJxDT6QU3t0,all
88,Strange Weather,"At dinner, adults talk about weather being “weird lately” and then change the subject. You wonder if ignoring it makes the problem worse, but feel awkward about calling them out. You remind yourself that accounability leads to growth. ",,Positive,,Can accountability lead to growth?,Yes,No,https://unsplash.com/photos/autumn-trees-with-a-brick-chimney-at-sunset-7Z9qjp7vG0o,all
89,Nature Concerns,"As you see dead plants along a trail you used to love, you feel a pang of grief for the changing landscape. You worry it means nature is disappearing faster than anyone can protect it. You remind yourself that ecosystems shift naturally and many areas rebound. ",,Positive,,"With proper conservation efforts, can some areas still rebound? ",Yes,No,https://unsplash.com/photos/macro-photography-of-brown-sunflower-Cuujm8Yad7A,all
90,Climate Future Thinking,"As you read about climate predictions, you suddenly imagine a future where nothing feels safe or stable. You wonder if adulthood will be filled with constant disasters. You remind yourself that predictions include many possibilities, some hopeful. ",,Positive,,Is it possible that some outcomes are positive? ,Yes,No,https://unsplash.com/photos/a-large-tornado-is-coming-out-of-a-field-45eBfwTM7nc,all
91,Plastic Packaging,"After buying something with extra packaging, a flicker of guilt follows you out of the store. You imagine waste piling up somewhere out of sight. You think about trying to change your habits, and you feel empowered. ",,Positive,,Are you empowered to change your habits?,Yes,No,https://unsplash.com/photos/fresh-vegetables-and-fruits-in-a-clear-plastic-bag-l8W5CPknZGU,all
92,Cleanup Event,"After a volunteer cleanup, dirt still under your nails, you sit in your car before driving home. The pride fades as you wonder whether a few trash bags mattered at all. You think small actions are still important when added together.  ",,Positive,,Do your small cleanup efforts matter? ,Yes,No,https://unsplash.com/photos/hands-planting-seedlings-in-garden-soil-q13Zq1Jufks,all
93,Climate Event 3,"A friend invites you to help organize a climate event after school. You feel pressure building as you wonder if you’ll say the wrong thing or mess it up. You remind yourself learning happens through trying, and you feel energized to meet other activists. ",,Positive,,Are you excited to meet other activists?,Yes,No,https://unsplash.com/photos/african-young-woman-smiling-and-reading-a-book-and-discussing-it-with-her-colleagues-during-presentation-in-the-library-I2VDYxWprvI,all
94,Heatwave Article,"You read about heat-related illnesses increasing, and your stomach tightens thinking about vulnerable people you care about. You imagine them struggling during future summers. You consider that awareness can lead to increased activism. ",,Positive,,Can awareness lead to increased activism?,Yes,No,https://unsplash.com/photos/green-trees-near-body-of-water-during-daytime-4ImPsLNp2pY,all
95,Nightime Climate Stress,"On nights when it’s too hot to sleep, you catch yourself wondering if climate stress is already affecting your mind. You worry your mood and focus will just keep slipping. You remind yourself that stress responses are normal and manageable, helping you feel calmer.",,Positive,,Are most stress responses manageable?,Yes,No,https://unsplash.com/photos/an-unmade-bed-in-a-dark-room-with-red-curtains-QK-CyUOsEPE,all
96,Climate Change Presentation 3,"You attend a presentation at school about climate change. As you sit in the dark auditorium, you feel a wave of helplessness wash over you, thinking that nothing you do will matter compared to global problems. You remind yourself that you can only control your own actions, and you feel yourself become calmer. ",,Positive,,Are you able to think of some things in your control? ,Yes,No,https://drive.google.com/file/d/1hI_IEnDiL3mLGJZXQNwSj0W2_lbzHlJn/view?usp=sharing,all
97,College and Climate 3,"You and your friends are starting to talk about what you want to study in college. As you talk, you worry certain fields will be useless in a climate-shifting world. You remind yourself that careers adjust with changing conditions, and you feel exctied to pursue your interests. ",,Positive,,Are you excited to pursue your interests?,Yes,No,https://unsplash.com/photos/person-writing-at-a-picnic-table-in-a-stone-courtyard-CsjVpeHwfi0,all
98,Driving in Rain 3,"Your parent is a good driver, but today it is raining heavily. You wonder whether you should tell your parent to slow down, but you decide not to. The chances that you will get in an accident are small. ",,Positive,,Is there a high chance of your parent getting into an accident? ,No,Yes,https://unsplash.com/photos/vehicle-glass-with-water-droplets-gIjmCMd9AKk,all
99,Sudden Rainstorm 3,"Out of nowhere, your neighborhood is drenched in a sudden summer downpour. Hearing sirens during the heavy rain, you tense up imagining sudden floods sweeping through your street. Your chest tightens, but when you picture the worst-case damage feels unlikey. ",,Positive,,"After hearing the sirens, do you conclude a flood must be happening?",No,Yes,https://unsplash.com/photos/a-road-and-sidewalk-under-dark-stormy-clouds-rkgESwKeZZk,all
100,Springtime Hike 3,"You and your family are on a springtime hike. Walking past a patch of dead wildflowers, you suddenly imagine whole ecosystems collapsing. You think about the climate recovery efforts happening around the world, and you feel grounded. ",,Positive,,Are there things you can do to participate in local recovery efforts? ,Yes,No,https://unsplash.com/photos/bush-of-chamomile-in-the-wild-0xW1dzzqStE,all