Scenario Number,Title,Scenario,Scenario Body 2 (Resilience Only) ,Valence,,Comprehension Question,Correct Response,Incorrect Response,Image,Letters Missing
1,Fitness Journey 1,You scroll through your feed and see a lot of people posting about their “fitness journeys.” You start comparing your progress to theirs and wonder if you’ll ever reach their level. You feel discouraged.,,Negative,,Do you feel discouraged comparing your progress to others' fitness journeys?,Yes,No,https://unsplash.com/photos/a-person-holding-a-cell-phone-in-their-hand-nq7Y_RAuZdY,1
2,Sudden Breakout 1,"Your face breaks out suddenly. You worry everyone will stare and feel heat rush through your cheeks. You can't stop imagining people looking at you, and you feel embarrassed.",,Negative,,Do you feel embarrassed imagining people staring at your skin?,Yes,No,https://drive.google.com/drive/folders/1uRwPbAA8d2JKaKCMOAKMTcHNiy387Rdn,1
3,Not Resting 1,"You wake up frequently during the night. You worry your brain isn’t resting, and you feel tension spread across your shoulders. The worry lingers as you lie awake, feeling unsettled.",,Negative,,Do you feel unsettled lying awake at night?,Yes,No,https://drive.google.com/drive/folders/1uRwPbAA8d2JKaKCMOAKMTcHNiy387Rdn,2
4,Routine Check Up,"You go to the doctor's office for a routine check-up. Someone behind you coughs a few times while you are in the waiting room, and you worry that they will get you sick. The thought keeps circling, and you feel tense.",,Negative,,Do you feel tense worrying you'll catch something from the person coughing?,Yes,No,https://unsplash.com/photos/brown-and-white-padded-armchairs-FFA8yd4OynY,2
5,Broken Elevator 1,"The elevator in your building is broken again, and you have to walk up a few flights of steps to get to where you need to go. You feel your chest tighten, and you feel out of breath as you reach the top step. You think something must be wrong with your lungs, and you feel nervous.",,Negative,,Do you feel nervous thinking something might be wrong with your lungs?,Yes,No,https://unsplash.com/photos/wooden-staircase-with-red-carpet-and-ornate-railing-L-Lizyz_ljM,2
6,Doctor's Orders 1,"At your routine doctor's appointment, your doctor decides to run a few tests to evaluate your health. Your results will be ready within a week. While waiting for your results, you worry they will find something wrong.",,Negative,,Do you worry the doctor will find something wrong with your results?,Yes,No,https://unsplash.com/photos/doctor-writing-on-a-patients-chart-8WYkI3cEZm8,2
7,Birthday Song 1,"It’s your birthday, and when it’s time for the cake, people gather around you and start singing. You feel your heart beating faster and your armpits sweating. You worry that your friends are secretly judging your reaction. ",,Negative,,Do you worry your friends are secretly judging your reaction?,Yes,No,https://unsplash.com/photos/a-woman-is-lighting-candles-on-a-cake-6t74SsvfVJY,all
8,Mom Coughing 1,"Your mom has been coughing a lot and says she has been feeling really tired recently. Your heart starts to race, and you worry that something could be badly wrong. You can’t get the thought out of your mind, and you feel scared.",,Negative,,Do you feel scared that something could be badly wrong with your mom?,Yes,No,https://drive.google.com/drive/folders/1uRwPbAA8d2JKaKCMOAKMTcHNiy387Rdn,all
9,Visit with Grandmother 1,"You go to your grandparents' home for the holidays and notice that your grandmother looks frail. You find yourself wondering about her health and whether she's sick. The worry stays with you, and you feel tense.",,Negative,,Do you feel tense worrying about your grandmother's health?,Yes,No,https://drive.google.com/drive/folders/1uRwPbAA8d2JKaKCMOAKMTcHNiy387Rdn,all
10,Butterflies in Stomach,"You are in the car with a parent, and they are driving the speed limit on the highway. You feel butterflies in your stomach as you see cars passing by quickly. This makes you feel scared.",,Negative,,Do you feel scared watching the cars pass by on the highway?,Yes,No,https://drive.google.com/drive/folders/1uRwPbAA8d2JKaKCMOAKMTcHNiy387Rdn,all
11,Stomach Ache 2,"You have been anxious about an upcoming test for class. On the day of the test, you notice that your stomach is aching. You think that the stomach ache must be from anxiety. ","You remind yourself that anxiety can help you focus, and you feel prepared to start your test. ",Resilience ,,You think that anxiety is...,A feeling that can be adaptive,Always a bad feeling,https://drive.google.com/file/d/1xUVHP-lj26dCvOIiMMMta2bgIGRH5hR9/view,1
12,Mile Run 1,"In gym class today, you have to run a mile. In order to get a good grade, you have to complete the mile within 13 minutes. When you think about running the mile, you feel anxious. 
","You remind yourself that 13 minutes isn't that long, and no matter what happens the run will eventually end. ",Resilience ,,"The next time you go for a run, you will feel...",Able to tolerate the feeling,Terrified of pain,https://unsplash.com/photos/a-group-of-people-running-on-a-track--JN7mbAnROs,1
13,Ice Skating 1,"Your friend enjoys ice skating and convinces you to try it out. At the rink you put on the skates and step on the ice. You glide forward slowly at first, then faster, and think your chances of getting injured are high. ","You take a steadying breath, and remind yourself that as long as you are careful you will be safe. ",Resilience ,,You think that ice skating is...,A fun activity,A dangerous activity,https://unsplash.com/photos/an-indoor-ice-rink-with-a-hockey-goal--ofOCf-jen4,1
14,Long Run 1,"You finish a long run for gym class. You notice that your heart is racing very fast and your chest feels tight. You really want to go to the bathroom so that you're away from your classmates, and feel anxiety surge. ",You decide to stay in the gym and breathe slowly. ,Resilience ,,Do you decide to stay in the gym and breathe slowly?,Yes,No,https://unsplash.com/photos/a-group-of-people-running-down-a-dirt-road-LyORqx-3O-c,1
15,Shaking Before Competition 1,You have an important event coming up. You feel your hands shaking before your event. You worry this means you’re unprepared. ,"You remember that nerves are normal when you care about something, and you start to feel grounded.",Resilience ,,Do you feel grounded after remembering that nerves are normal?,Yes,No,https://unsplash.com/photos/human-hand-qKspdY9XUzs,1
16,Running the Mile 2,"It's a chilly spring day, and you are out walking outside in the park, hitting the soccer ball around. As you pass by the trees, you feel increasingly stuffy and sore. You wonder if you are getting sick and start to feel anxious. ","Looking around, you begin to notice a lot of pollen floating in the air, and recall that you have seasonal allergies. You decide to take your allergey medicine when you get home, and feel relieved. ",Resilience ,,Do you feel relieved once you realize it's just seasonal allergies?,Yes,No,https://unsplash.com/photos/woman-in-white-shirt-and-black-shorts-playing-soccer-0axqBrI8Or4,2
17,Heat Advisory 1,"This summer has been especially hot, and your mom mentions a heat advisory for later in the week. Instantly, you feel your stomach drop in panic as you imagine hospitals filling and people collapsing outside. You think about the low liklehood of this happening, and you still feel concerrned. ","You breathe and remember advisories are warnings to help people prepare, not signs of certain disaster, and you finally feel steadier. ",Resilience ,,Do you remain convinced that the heat advisory means a certain disaster?,No,Yes,https://unsplash.com/photos/brown-grass-beside-straight-road-21hSIghLoRw,2
18,Heatwave Alert 1,"It's a boiling hot summer day and you are resting at home. When a heatwave warning pops up on your phone, your body tenses like danger is immediate. You imagine getting sick from the heat and you feel stressed. ","You remind yourself that staying hydrated and indoors helps a lot, leaving you feeling better. ",Resilience ,,Do you feel better after reminding yourself that staying hydrated helps?,Yes,No,https://drive.google.com/file/d/1GCOL0Iq8cBnxjvcoIq_yAZVEhHhx-V1v/view?usp=sharing,2
19,Calling Grandmother 1,"You call your grandmother like you do every Monday, looking forward to telling her about your week. This time, she doesn’t pick up. You wonder if something happened to her, and you begin to feel worried. ","You also know people miss calls for tons of reasons, and your grandmother is most likely busy.",Resilience ,,"When you think about your grandmother, you feel",Excited to talk to her,Worried about her,https://drive.google.com/drive/folders/11erz7svhT8lBivklKfbquawegoQR5jNN,2
20,Sibling in Room,"It's a Saturday morning, and you are enjoying a day off from school. However, your sibling has stayed in their room with the door closed since the previous night. You wonder if they’re upset with you or if something is seriously wrong, and you feel concerned. ",You consider how they might just want time alone and are probably doing fine. ,Resilience ,,Wanting time alone is...,A normal experience,A sign of something bad,https://unsplash.com/photos/a-white-door-with-a-light-shining-on-it-c3KRS1IHf2A,2
21,Stomach Cramp 1,Your stomach cramps up just before lunch and feels weirdly heavy. You panic that you ate something bad and are getting sick. ,"You remind yourself that hunger can feel uncomfortable too, and you start to trust that it will pass.",Resilience ,,"Next time you feel cramps, you will...",Consider eating something,Go to urgent care,https://unsplash.com/photos/white-medication-bed-0HGLd5gcqiA,2
22,Sitting Up Quickly 1,"As you wake up in the morning, you sit up quickly. Your vision goes blurry, and then goes black for a moment. Your vision comes back after a moment, and you tell yourself that you are going blind. ",You take a deep breath and realize that your vision is completely back. Then you remember that sometimes this happens when you sit up too quickly. ,Resilience ,,Do you realize your vision went dark because you sat up too quickly?,Yes,No,https://unsplash.com/photos/knees-are-visible-wearing-patterned-pajamas-0jzwotd0X8A,2
23,Winded After Practice,"You get winded faster than usual at practice. You lean over, gasping for breath. You begin to worry that you’re suddenly unfit. ","You remind yourself that everyone has off days, and you feel centered continuing your practice.",Resilience ,,You think health is...,Possible at many sizes,Defined by specific numbers,https://drive.google.com/drive/folders/1uRwPbAA8d2JKaKCMOAKMTcHNiy387Rdn,2
24,Cleared to Practice 1,"For the first time, you've been cleared to practice the movement that led to your injury. Initially you're excited, but when you go to execute the movement, memories of the moment you got injured flood back. You feel unsafe. ","You then recount all of the hard work you've put in to strengthen your body since the injury, and you continue your training with a greater sense of trust.",Resilience ,,Do you continue your training with a greater sense of trust?,Yes,No,https://drive.google.com/drive/folders/1uRwPbAA8d2JKaKCMOAKMTcHNiy387Rdn,2
25,Stomach Twist 1,"Your stomach twists into knots right before a family dinner with relatives you don’t see often. As you sit down to dinner, you scan your body. You think maybe you’re getting sick or something’s wrong with your body. ","As you have this thought, you remember you always get nervous before seeing people you haven't talked to in a long time, and you begin to feel your mood mellow.  ",Resilience ,,Does your mood mellow once you recall you always get nervous before these visits?,Yes,No,https://drive.google.com/drive/folders/1hqA3AXPEiXTO6jdJodtghR3uuRiEIry5,2
26,Fitness Journey 2,You scroll through your feed and see a lot of people posting about their “fitness journeys.” You start comparing your progress to theirs and wonder if you’ll ever reach their level. You feel discouraged. ,"It's frustrating, but you remember that progress takes time, which makes you feel patient with yourself.",Resilience ,,"When you think about fitness training, you feel...",Motivated to try,Like giving up,https://drive.google.com/file/d/1dUEZKyL1ncQrN4HVMlXc7a5pFlj7xrM6/view?usp=sharing,all
27,Mental Health Post 1,You make a post about mental health and worry people might judge you. You receive fewer comments than usual. The lack of engagement makes you feel misunderstood. ,"Then you remind yourself that even if not everyone understands, your honesty might have helped someone, and this makes you feel proud.",Resilience ,,"When you look at your post, you feel...",Proud of yourself,Embarassed,https://drive.google.com/file/d/1jFPLXn6lv_fgh5eHXBjUaByBH1iTrB_L/view?usp=sharing,all
28,Coughing in Class 1,You cough during a quiet part of class. Everyone turns around. You instantly feel embarrassed and assume they think you’re contagious. ,"When the teacher simply hands you a tissue, you realize it likely wasn’t a big deal, and you feel calmer.",Resilience ,,You think your classmates are...,Not thinking about your cough,Judging you for coughing,https://drive.google.com/drive/folders/1uRwPbAA8d2JKaKCMOAKMTcHNiy387Rdn,all
29,Not Resting 2,"You wake up frequently during the night. You worry your brain isn’t resting, and you feel tension spread across your shoulders. The worry lingers as you lie awake, feeling unsettled. ","After a few minutes, you remind yourself that worrying won't make you sleep faster, and you feel your body relax. ",Resilience ,,Does your body relax once you stop trying to force sleep?,Yes,No,https://drive.google.com/drive/folders/1uRwPbAA8d2JKaKCMOAKMTcHNiy387Rdn,all
30,Feeling Nauseous,You've been feeling sick to your stomach for a few days. You tell your guardian and they make you an appointment with your doctor. The nausea probably means that you are sick. ,You meet with the doctor and they tell you what's probably going on. You think about it and realize that getting sick sometimes is common. ,Resilience ,,Do you think getting sick occasionally means something is deeply wrong with you?,No,Yes,https://unsplash.com/photos/white-medication-bed-0HGLd5gcqiA,all
31,Finger Pain 2,"You're walking with some friends after lunch and suddenly feel tingling in your fingertips. This is something that you haven't really experienced before, and you worry it could be a sign of something serious. ","You remind yourself that tingling can be caused by posture or circulation, and you feel yourself relax. ",Resilience ,,Do you relax once you remind yourself tingling can come from posture or circulation?,Yes,No,https://unsplash.com/photos/woman-sitting-and-her-right-hand-on-her-cheek-xU2CytdJHJQ,all
32,Shirt Fit 1,"You wear a shirt to school that hangs tightly around your armpits. In the middle of the day, you notice that you have sweat marks and immediately feel embarrassed. ","You remind yourself that everyone sweats, and you feel relaxed.",Resilience ,,Do you feel relaxed remembering that everyone sweats?,Yes,No,https://unsplash.com/photos/a-group-of-people-standing-on-top-of-a-basketball-court-2BM4Vix067E,all
33,Waking Up At Night,You wake frequently during the night. You worry your brain isn’t resting. You begin to feel more and more stressed. ,"You remind yourself that sleep can be patchy during stressful weeks, and you feel steadier settling back down.",Resilience ,,Do you remain highly stressed despite reminding yourself sleep can be patchy?,No,Yes,https://drive.google.com/drive/folders/1uRwPbAA8d2JKaKCMOAKMTcHNiy387Rdn,all
34,Toothache 1,"You tell your caregiver that your tooth has been hurting recently, so they schedule a dentist appointment for you. As you think about the pain in your tooth and what it might be from, you begin to worry. ","You remind yourself that check-ups are meant to help, and you feel settled as you wait.",Resilience ,,Do you feel settled while waiting for your dentist appointment?,Yes,No,https://unsplash.com/photos/a-woman-brushing-her-teeth-in-a-bathroom-M3gam7PQ4wo,all
35,Getting Dressed 1,You notice your clothes fit differently this year. You worry your body is changing too fast. You feel a wave of insecurity. ,"You take a moment to remind yourself that bodies shift during growth, and you feel a bit steadier.",Resilience ,,Do you feel steadier after reminding yourself bodies shift during growth?,Yes,No,https://drive.google.com/drive/folders/1uRwPbAA8d2JKaKCMOAKMTcHNiy387Rdn,all
36,Trembling Audition 1,"You are about to audition for a play, and you feel your body tremble. You don't usually feel this way when you perform in front of people, and you worry that something is wrong. ","You remind yourself that trembling can be a sign of adrenaline, and you feel ready to begin.",Resilience ,,Do you feel ready to begin your audition?,Yes,No,https://drive.google.com/drive/folders/1hqA3AXPEiXTO6jdJodtghR3uuRiEIry5,all
37,Catching the Bus,"It's Monday morning and you just finished running down the street to catch your bus. You feel your heart racing as you step onto the bus and sit down. Starting to sweat and breathe quickly, you fear that you might have a panic attack. ","You have a strong urge to get off the bus and go back home, but you sit down at the nearest seat. Instead of exiting, you decide to observe these sensations and stay seated. ",Resilience ,,Do you get off the bus to escape the sensations you're feeling?,No,Yes,https://unsplash.com/photos/man-sitting-inside-vehicle-vWRE1Z619WQ,all
38,Leg Pain,"It is the night before a big test, and you went to bed early to try to get some sleep. All of a sudden, you feel a shooting pain in your legs, and you feel scared. ","Then you remember growing pains can feel sudden like this, and you start to feel calmer.",Resilience ,,Do you feel calmer after remembering growing pains can feel sudden?,Yes,No,https://unsplash.com/photos/close-up-of-a-folded-blanket-with-a-floral-pattern-aCtGwU0_S7s,all
39,Finger Cut 1,"At a picnic with family, you accidentally cut your finger while slicing fruit. Because you are outside, you cannot wash it out immediately with soap and water. You feel your heart rate increasing as you worry it will become infected. ","You remind yourself that small cuts heal quickly, and you feel calmer.",Resilience ,,Do you feel calmer after reminding yourself small cuts heal quickly?,Yes,No,https://drive.google.com/drive/folders/1uRwPbAA8d2JKaKCMOAKMTcHNiy387Rdn,all
40,Stomach Ache at Party,You are at a birthday party for a friend of a friend. You start to feel a knot in your stomach while talking to someone you've never met before. This probably means that you are dreading the event. ,"You consider that fear and excitement can feel similar in your body, and you feel your anticipation grow. ",Resilience ,,"Do you conclude that your knotted stomach definitely means dread, rather than possible excitement?",No,Yes,https://unsplash.com/photos/selective-focus-photography-of-assorted-color-balloons-Hli3R6LKibo,all
41,Science Presentation,"You are giving an important presentation in your science class. You feel your face start to heat up, and your hands start to shake, and you worry that all of your classmates are judging you. You take a deep breath and remember that a little anxiety during a presentation is adaptive. ",,Positive,,Is a little anxiety during a presentation considered adaptive?,Yes,No,https://unsplash.com/photos/students-smiling-in-a-lecture-hall-classroom-NGLWZV4xOPg,1
42,Ice Skating 2,"Your friend enjoys ice skating and convinces you to try it out. At the rink you put on the skates and step on the ice. You glide forward slowly at first, then faster, and think your chances of getting injured are minimal. ",,Positive,,Do you think your chances of getting injured ice skating are minimal?,Yes,No,https://unsplash.com/photos/an-indoor-ice-rink-with-a-hockey-goal--ofOCf-jen4,1
43,Trampoline,"You're bouncing on your friend's trampoline. You have fun with your friends but also think about whether you'll get hurt. While bouncing up and down on the trampoline, you feel safe. ",,Positive,,You think that trampolines are mostly...,Safe when used correctly ,A major health hazard,https://unsplash.com/photos/a-little-girl-is-jumping-on-a-trampoline-WJvioCdP9XI,1
44,Flashing Back,"You go for a jump and land cleanly, but your mind flashes to the day you got injured. Fear grips you, waiting for pain. You remind yourself that you've trained safely and gradually, and you feel ready to continue.",,Positive,,Do you feel ready to continue after reminding yourself you've trained safely?,Yes,No,https://unsplash.com/photos/all-weather-running-track-for-background-use-m8XrKi9vjnA,1
45,Tired During Workout,"You feel tired earlier in the workout than usual. You panic, thinking you’re losing progress. You remind yourself that training cycles have ups and downs, and your abilities are stable. ",,Positive,,Do you remind yourself that your abilities are stable despite feeling tired?,Yes,No,https://unsplash.com/photos/a-couple-of-dumbs-sitting-on-top-of-a-white-floor-Sy1xs-O9eUI,1
46,Ankle Pain,"While running laps, you feel a dull ache in your ankle that wasn’t there yesterday. You wonder if it’s the start of an injury or just something minor. You consider that bodies send unclear signals sometimes.",,Positive,,Do you accept that bodies send unclear signals sometimes?,Yes,No,https://unsplash.com/photos/pair-of-blue-and-white-adidas-running-shoes-XiZ7pRvCzro,1
47,Tired Finish,"In gym class, you finish the workout breathing harder than the people next to you. You wonder if it means you’re less fit than you should be. You consider that effort can look different from person to person, and you feel satisfied with your effort. ",,Positive,,You think that your breathing rate...,Doesn't fully reflect physical fitness,Means you are out of shape,https://unsplash.com/photos/a-basketball-court-with-a-basketball-net-in-the-middle-of-it-hgnsJhlxkWI,1
48,Cold Run,"During warm-ups outside, cold air hits your lungs and your legs feel heavier than usual. You wonder if your body is trying to tell you something before practice really starts. You consider that some days just feel different and you are probably okay. ",,Positive,,Your body sometimes sends...,Unclear physical signals,Major warning signals ,https://unsplash.com/photos/young-couple-jogging-outside-in-sunny-winter-mountains-pyJMLqO00Xs,1
49,Vet Appointment,"Your pet has a vet appointment, and your parent mentions it twice during the day. You worry something might be seriously wrong. You remind yourself routine checkups are common. ",,Positive,,Routine check-ups usually lead to...,A clean bill of health,Scary diagnoses,https://unsplash.com/photos/shallow-focus-photography-of-white-and-brown-cat-GtwiBmtJvaU,1
50,Mom Coughing 2,"Your mom coughs a lot one night and looks pale the next morning. As you make breakfast, you beging to worry that she's caught something bad. You consider the liklehood that she's sick with something serious is low. ",,Positive,,Your mom is probably...,Dealing with a minor illness,Seriously unwell,https://drive.google.com/drive/folders/1uRwPbAA8d2JKaKCMOAKMTcHNiy387Rdn,1
51,Grandmother's Memory,"Your grandmother struggles with memory issues. During a phone call, she asks what classes you’re taking twice in the same conversation. As you tell her a second time, you feel greatful for her interest in your life. ",,Positive,,"When you think about your call with your grandmother, you feel...",Happy she is in your life,Worried about her health,https://drive.google.com/file/d/16Mn418BJmgaCo2BI0gZ-yjV4YknV-Me0/view?usp=sharing,2
52,Mom Not Replying,"You tell your mom you'll be home late from a friend's house. She doesn't reply right away, which is unusual, as you know she doesn't like it when you miss curfew. You think she'll read and respond to the text when she isn't busy. ",,Positive,,You think your mom is probably...,Distracted by something,Seriously hurt or ill ,https://drive.google.com/file/d/1_y9R9SW-Kku37xUo59Qz1IOaNBxeDw4m/view?usp=sharing,2
53,Toothache 2,"You tell your caregiver that your tooth has been hurting recently, so they schedule a dentist appointment for you. You think about the pain in your tooth and what it might be from. As you wait for your appointment, you will feel calm. ",,Positive,,"The next time you visit the dentist, you will...",Tolerate the feeling of nervousness,Feel major stress and anxiety,https://unsplash.com/photos/stainless-steel-faucet-on-white-ceramic-sink-vnPSzar9Tng,2
54,Visit with Grandmother 2,"You go to your grandparents' home for the holidays and notice that your grandmother looks frail. You find yourself wondering about her health and whether she's sick. You recall that people tend to look different as they age, and since you haven't heard otherwise, you can assume her health is good.",,Positive,,Can you assume your grandmother's health is fine since you haven't heard otherwise?,Yes,No,https://drive.google.com/drive/folders/1uRwPbAA8d2JKaKCMOAKMTcHNiy387Rdn,2
55,Dogsitting Anxiety,"While dog-sitting for a neighbor, their pet seems restless and won’t settle. You worry you’re doing something wrong. You remind yourself that some dogs take time to adjust to new people, and the dog is probably adjusting. ",,Positive,,You think that dog will probably...,Be okay,Get worse,https://unsplash.com/photos/a-dog-sitting-on-a-chair-qpZawJltRVs,2
56,Calling Grandmother 2,"Every Monday you call your grandmother to say hello. Today is Monday, and she did not pick up the phone when you called, which is unusual. Your grandmother probably did not answer the phone because she is busy. ",,Positive,,Is your grandmother probably just busy rather than in trouble?,Yes,No,https://drive.google.com/drive/folders/1uRwPbAA8d2JKaKCMOAKMTcHNiy387Rdn,2
57,Waiting for Results,"You’re sitting in the doctor’s office waiting for the results of a blood test, and the doctor is taking a long time to come back. You begin to wonder if they're taking a long time because something is wrong, and you feel you heart start to race. You think the doctor is likley late.  ",,Positive,,Is it likely that the doctor's delay means bad news?,No,Yes,https://unsplash.com/photos/doctor-writing-on-a-patients-chart-8WYkI3cEZm8,2
58,Important School Meeting,You are walking to an important meeting with your teacher. Suddenly your mind goes blank as you reach for the doorknob to her office. You think your teacher will be understanding of your forgetfulness. ,,Positive,,Do you think your teacher will be understanding of your forgetfulness?,Yes,No,https://unsplash.com/photos/a-chair-sitting-in-a-room-next-to-a-yellow-wall-XbmTXjPOEek,2
59,Shaking Before Competition 2,"You feel your hands shaking before you go out to compete, and you worry it means you’re weak or unprepared. The thought tightens your throat. You remind yourself nerves are your body's way of preparing itself for performance. ",,Positive,,Do you remind yourself that nerves are your body preparing for performance?,Yes,No,https://unsplash.com/photos/human-hand-qKspdY9XUzs,2
60,Wobbly Legs,"You are taking a dancing class and, during a break, feel your legs go wobbly. You focus on these feelings as you get a drink of water. Wobbly legs probably mean that you are pushing yourself. ",,Positive,,"The next time you feel this way, you will...",Let the feeling pass,Feel a sense of panic,https://unsplash.com/photos/a-group-of-people-in-a-dance-class-vV12J8Ihwr8,2
61,Dad Coughing,"Your dad coughs a lot one night and looks pale the next morning. As you make breakfast, you beging to worry that he's caught something bad. You consider the liklehood that he's sick with something serious is low. ",,Positive,,You think that most viral illnesses...,Pass quickly,Lead to permenant damage,https://unsplash.com/photos/a-man-standing-in-front-of-a-window-smoking-a-cigarette-9djguUAIlFE,2
62,Headaches After School,"You start getting headaches after long school days. You worry it means something serious and feel anxiety rise in your chest. You remind yourself that headaches can be caused by many things, and you feel your panic ease. ",,Positive,,The next time your head hurts...,You will pursue treatment,You will stress about what it means,https://unsplash.com/photos/black-framed-eyeglasses-on-blue-bedsheet-kHHwYNA1lnM,2
63,Changing Weight,You notice your weight fluctuating over a few months. You worry it means something is wrong and feel a knot form in your stomach. You remind yourself weight naturally shifts during periods of growth. ,,Positive,,You think that weight fluctuation is...,A normal part of growing,A bad sign,https://drive.google.com/drive/folders/1uRwPbAA8d2JKaKCMOAKMTcHNiy387Rdn,2
64,Changing Body,"You notice your body becoming softer in places. You worry you’re getting unhealthy and feel a wave of insecurity. You remind yourself that puberty changes body composition, and you feel curious about your changing body.",,Positive,,Do you feel curious about your changing body?,Yes,No,https://unsplash.com/photos/brown-wooden-framed-pink-padded-armchair-3AAstwik3uQ,2
65,Extra Tired,You feel tired even after resting. You worry your body is failing you and feel fear settle in your chest. You remind yourself sleep patterns change during growth and you are probably growing. ,,Positive,,Do you consider that you're probably just growing?,Yes,No,https://unsplash.com/photos/an-unmade-bed-in-a-dark-quiet-bedroom-Mb1cVr467w4,2
66,Video of Confident Friend,"You see a video of your friend giving a confident speech at school and getting praise in the comments. You feel anxious remembering how nervous you were just doing a class introduction. Then you remind yourself that growth looks different for everyone, and you feel kinder to yourself.",,Positive,,Do you feel kinder to yourself remembering growth looks different for everyone?,Yes,No,https://drive.google.com/file/d/1In9GJoAqvPWgsbb9VtXrxUdtyJ6lzm3W/view?usp=sharing,2
67,Friend's Party,"You see a friend post a video at a party, laughing and surrounded by people. You feel disconnected, thinking about how hard it is for you just to leave the house. Then you remind yourself that confidence takes time and everyone has their own battles, and you feel patient with yourself.",,Positive,,You think that confidence...,Grows over time,Never improves,https://drive.google.com/file/d/1ahjqsfceAGb_-rafsYgPGsgKRlBWu3Qp/view?usp=sharing,2
68,First Therapy Session,"You walk into your first therapy session and feel your chest tighten. You've been struggling with a lot of anxiety, but you can't help but worry that the therapist will think your problems aren’t serious enough. Once the therapist greets you warmly, you feel relaxed. ",,Positive,,Your therapist is probably...,Glad you are here,Judging you,https://drive.google.com/drive/folders/1hqA3AXPEiXTO6jdJodtghR3uuRiEIry5,2
69,New Hair,"You look in the mirror and see new hair on your body. You worry it looks odd and feel uncertainty tighten your chest. You remind yourself hair growth is normal during your teens, and other people probably won't focus on it. ",,Positive,,Hair growth during your teens is...,Normal for everyone,Gross,https://unsplash.com/photos/white-ceramic-sink-with-faucet-QkCknWPfGxE,2
70,Nosebleed in Gym,"You get a nosebleed halfway through PE and rush to the locker room. You’re worried everyone saw and thinks you’re gross. No one mentions it when you come back, which makes you wonder if they even noticed.",,Positive,,Do you believe everyone definitely noticed and judged your nosebleed?,No,Yes,https://unsplash.com/photos/a-bench-sitting-in-front-of-a-blue-wall-LXgXDKcvBBU,2
71,Coughing in Class 2,"You cough during a quiet part of class and everyone turns around.You instantly feel hot and assume they think you’re contagious. But the teacher just hands you a tissue and moves on, which makes it seem like maybe it wasn’t a big deal.",,Positive,,Do you think your cough likely wasn't a big deal?,Yes,No,https://drive.google.com/drive/folders/1hqA3AXPEiXTO6jdJodtghR3uuRiEIry5,all
72,Tripping on the Stairs,"You are running a few minutes late to class, and you race up the main staircase. As you are running, you trip and fall in an awkward way, and your face turns red as you feel a rush of humiliation. The other people in the hallway are probably wondering if you are okay. ",,Positive,,The people who saw you trip think you are...,In a hurry,Clumsy and awkward,https://unsplash.com/photos/people-walking-on-the-bridge-during-daytime-6WXhY7eL0Ag,all
73,Dancing with Friends ,You are at a party and start to dance with your friends. You start to feel dizzy as the beat gets faster. You think that this feeling is a sign of excitement. ,,Positive,,Do you think your dizziness while dancing is a sign of danger?,No,Yes,https://unsplash.com/photos/a-woman-holding-a-bunch-of-balloons-over-a-table-Vde8LxpfREM,all
74,Morning Break Out,"When you wake up in the morning, you notice that your face has broken out. You worry everyone will stare and feel heat rush through your cheeks. You remind yourself that acne is common and treatable, so you feel calmer.",,Positive,,You think acne is...,A treatable condition,Something that will never go away,https://unsplash.com/photos/man-wearing-white-shirt-facing-on-wall-mirror-3kZvBqduNVE,all
75,Yoga Class,"During yoga class, you can’t stop thinking about how awkward you look as you go through the poses. You start to assume everyone’s silently judging you, and you feel your face begin to burn. You remind yourself that everyone’s focused on their own balance, and you begin to feel grounded.",,Positive,,Do you feel grounded after realizing everyone's focused on their own balance?,Yes,No,https://unsplash.com/photos/a-group-of-people-sitting-at-a-table-PktK6GuC3U4,all
76,Stomach Cramp 2,Your stomach cramps up just before lunch and feels weirdly heavy. You panic that you ate something bad and are about to puke. You take a deep breath and remember that you are probably just hungry. ,,Positive,,Do you realize you're probably just hungry rather than sick?,Yes,No,https://unsplash.com/photos/a-cafeteria-filled-with-lots-of-colorful-chairs-mo8K3epf9QA,all
77,Dizzy at Movie Night,"Your friends are coming over to watch a movie, and you hear them knock. As you jump up to answer the door, you feel dizzy and lightheaded, and you get scared you are going to pass out. After sitting down for a second, you haven’t had water all day, and you are probably just dehydrated. ",,Positive,,You think that physical sensations....,Can have multiple causes,Have one cause,https://unsplash.com/photos/a-hallway-with-a-door-and-a-rug-on-the-floor-F1BGvgfQR8k,all
78,Finger Pain 1,You're walking with some friends after lunch and suddenly feel tingling in your finger tips. This is something that you haven't really experienced before. This senseation probably means that you are cold. ,,Positive,,Do you think the tingling probably just means you're cold?,Yes,No,https://unsplash.com/photos/two-hands-are-shown-with-palms-open-cJTAept5qh8,all
79,Shirt Fit 2,"You wear a shirt to school that hangs tightly around your armpits. In the middle of the day, you notice that you have sweat marks. After thinking about it, you realize that sweating throughout the day is normal. ",,Positive,,Do you realize that sweating throughout the day is normal?,Yes,No,https://unsplash.com/photos/a-group-of-people-standing-on-top-of-a-basketball-court-2BM4Vix067E,all
80,Night Sweats,"You wake up with your pillow damp from sweat and your t-shirt stuck to your back. Your mind jumps to fever, infection, or something serious overnight. Then, you remember you slept with the window closed and two blankets on, so you probably just got overheated. ",,Positive,,Do you believe your night sweat means you have a serious infection?,No,Yes,https://unsplash.com/photos/a-rumpled-bed-with-a-beige-comforter-and-striped-sheets-ubm17kmMVeI,all
81,Nightime Headache,"You wake up after a poor night's sleep with a headache that feels like a hammer behind your eyes. You worry it could be something serious like a brain issue. You think about how you've had headaches before when you don't get much sleep, and if you take tylenol and drink water you will probably be okay. ",,Positive,,Do you think you'll probably be okay after resting and taking tylenol?,Yes,No,https://unsplash.com/photos/white-and-gray-striped-textile-utx4jPb9Kj4,all
82,Bump on Arm,"You spot a tiny red bump on your arm and zoom in with your phone camera. The more you look, the scarier it seems, and you start Googling worst-case scenarios. As you read through different online article, you think you are most likley healthy. ",,Positive,,You think googling your symptoms will...,Make you more anxious,Help you solve the problem ,https://unsplash.com/photos/a-hand-touching-another-persons-arm-k79BRRmqRYA,all
83,Getting Dressed 2,You notice your clothes fit differently this year. You worry your body is changing too fast and feel a wave of self-consciousness settle in your chest. You remind yourself that bodies grow at their own pace and you feel healthy. ,,Positive,,Do you believe your body is changing too fast in an unhealthy way?,No,Yes,https://unsplash.com/photos/a-person-washing-hands-6JLhh-fbaok,all
84,Painful Zit,"You notice a swollen, red zit on your cheek that’s painful to touch. You worry it's infected or will leave a scar. After applying some antibiotic cream and putting on a pimple patch, you think it will probably begin to heal. ",,Positive,,Do you think the blemish will probably begin to heal?,Yes,No,https://drive.google.com/drive/folders/1hqA3AXPEiXTO6jdJodtghR3uuRiEIry5,all
85,Dry Mouth ,You have experienced a dry mouth for a few days. This is something you haven't felt before. The likelihood that dry mouth means a serious health problem is low. ,,Positive,,Is the likelihood that your dry mouth signals a serious problem low?,Yes,No,https://drive.google.com/drive/folders/1hqA3AXPEiXTO6jdJodtghR3uuRiEIry5,all
86,Dry Throat,"You are talking to your parent about your day at school and suddenly you feel your throat go dry. You cough a little and reach for a glass of water. The water helps a little, and you realize that the dry throat was probably nothing. ",,Positive,,Do you realize the dry throat was probably nothing serious?,Yes,No,https://unsplash.com/photos/clear-drinking-glass-on-brown-wooden-table-nxhqxf1FJBY,all
87,Nosebleed,"You are sitting taking notes in class when all of the sudden you notice a few drops of blood on the worksheet. You realize your nose is bleeding and rush to the bathroom, worrying that this means something is wrong deeper inside. After cleaning your face and drinking some water, you remember the air’s been really dry lately, and nosebleeds are usually harmless. ",,Positive,,Do you believe your nosebleed means something is wrong deeper inside?,No,Yes,https://unsplash.com/photos/a-person-with-a-blood-pressure-device-in-their-hand-vN5s_G5SPkY,all
88,Eye Pain,"You are scrolling on your phone before bed. All of the sudden, you get a sharp pain behind your eye, and you worry it could be something dangerous like a tumor. You put your phone away and the feeling begins to fade, as you realize it was probably just eye strain. 
",,Positive,,Do you conclude the sharp pain was probably just eye strain?,Yes,No,https://unsplash.com/photos/a-person-holding-a-cell-phone-in-their-hand-nq7Y_RAuZdY,all
89,Heavy Feeling,You are lying in your bed and about to go to sleep. You start to feel a heaviness in your chest as you try to sleep. You think about this pressure and feel tired. ,,Positive,,Do you feel a heaviness in your chest as you try to fall asleep?,Yes,No,https://unsplash.com/photos/white-window-curtain-on-window-bo_H3ExbQ50,all
90,Trembling Audition 2,You are about to audition for a play and you feel your body tremble. You don't usually feel this way when you perform in front of people. These trembling feelings mean that you are ready. ,,Positive,,Do you think the trembling before your audition is a bad sign?,No,Yes,https://drive.google.com/drive/folders/1hqA3AXPEiXTO6jdJodtghR3uuRiEIry5,all
91,Tingling Legs,"You and your friends are sitting cross-legged in the hallway during your lunch time. You start to feel a weird tingling in your legs and you wonder if you have nerve damage. As you stand up and move around the feeling starts to fade, and you realize your legs were just asleep. ",,Positive,,Do you realize your legs were just asleep?,Yes,No,https://drive.google.com/drive/folders/1hqA3AXPEiXTO6jdJodtghR3uuRiEIry5,all
92,Spinning in Chair,You and your friends are goofing around and you decide to spin yourself really quickly on an office chair. You feel butterflies in your stomach and your vision swim as the chair slows down from spinning. These feelings probably mean that you are dizzy.,,Positive,,Do you think spinning on the chair likely just made you dizzy?,Yes,No,https://unsplash.com/photos/a-cat-with-a-blue-and-white-face-esCDxy25zQI,all
93,Pain in Side,"While walking to school, you get a sharp, stabbing pain in your lower right side. You instantly wonder if your appendix just burst. The pain eases after a few blocks, so you figure it was probably just a cramp. ",,Positive,,Do you believe the sharp pain in your side means your appendix burst?,No,Yes,https://unsplash.com/photos/two-people-walking-on-a-path-in-a-park-b8h25oRs89Y,all
94,Dizzy at Lunch,"The bell rings to signal the end of lunch. You stand up from the table and feel a rush of dizziness, causing you to immediatley sit back down. As you recover, you think that your spinning head is a signal of dehydration. ",,Positive,,Do you think your dizziness signals dehydration rather than something dangerous?,Yes,No,https://unsplash.com/photos/people-sitting-on-chair-inside-room-TAy7nXHoH1E,all
95,Walking to School,"It's a freezing cold day outside and you shiver in your coat on your walk to school. When you arrive, you notice the tips of your fingers are red and tingling, and you feel a shock of fear, thinking of frostbite. You think your fingers will probably be fine. ",,Positive,,Do you think your fingers will probably be fine?,Yes,No,https://unsplash.com/photos/a-snowy-field-with-a-fence-and-a-tree-1HGYI-wyOBU,all
96,Reading a Book,"It is a beautiful spring day, and you are sitting on a bench at the park reading a book. A person walking their dog in front of you suddently starts to sneeze loudy and doesn't cover their face. You suddenly worry that you're sitting too close and might catch something dangerous. As you think this, you notice the pollen in the air, and realize the dog-walked is probably just allergic. ",,Positive,,Do you realize the dog walker is probably just allergic rather than contagious?,Yes,No,https://unsplash.com/photos/people-sitting-on-bench-near-bare-trees-during-daytime-wWpXIskWklw,all
97,Doctor's Orders 2,"At your routine doctor's appointment, your doctor decides to run a few tests to evaluate your health. Your results will be ready within a week. While waiting for your results, you think you are likely healthy. ",,Positive,,Do you assume the worst about your test results while waiting?,No,Yes,https://unsplash.com/photos/doctor-writing-on-a-patients-chart-8WYkI3cEZm8,all
98,Racing Heart,"As you're walking to your first period class, your heart begins racing in your class. You sit down at your desk and you start to wonder if you’re having a heart attack. As you feel your heart beat quickly, you remember you had coffee this morning and barely slept, so you are probably just jittery. ",,Positive,,Do you think you're probably just jittery from caffeine and lack of sleep?,Yes,No,https://drive.google.com/drive/folders/1hqA3AXPEiXTO6jdJodtghR3uuRiEIry5,all
99,Sitting Up Quickly 2,"As you wake up in the morning, you sit up quickly. Your vision goes blurry, and then goes black for a moment. Your vision comes back after a moment, and you tell yourself that it happened because you sat up quickly. ",,Positive,,Do you realize your vision went dark because you stood up too quickly?,Yes,No,https://unsplash.com/photos/a-persons-hand-reaching-up-into-the-air-gerD70HORNM,all
100,Pinky Finger Ache,"After scrolling on your phone for a while, your pinky finger goes numb and tingly. You worry it’s a sign of a neurological issue. You shake your hand out and feeling returns, so you think your pinky probably just got pins and needles. ",,Positive,,"Do you worry your numb finger signals a serious neurological issue, even after the feeling returns?",No,Yes,https://unsplash.com/photos/person-using-smartphone-and-laptop-at-night-aLIODbGmtxQ,all